0	0	0	0	0	0
62	0	0	23	0	2
123	0	0	48	0	3
185	0	0	78	0	10
254	0	0	116	0	16
308	0	0	156	0	18
386	0	0	223	0	22
451	0	0	294	0	24
482	0	0	335	0	24
513	0	0	383	0	24
544	0	0	432	0	25
575	0	0	491	0	25
606	0	0	556	0	26
637	0	0	633	0	25
668	0	0	726	0	26
800	0	0	988	6	27
924	0	0	1023	0	27
0	62	0	0	21	0
62	62	0	21	20	0
123	62	0	46	17	0
185	62	0	78	11	3
254	62	0	121	0	5
308	62	0	161	0	13
386	62	0	229	0	18
451	62	0	301	0	21
482	62	0	341	0	23
513	62	0	390	0	23
544	62	0	441	0	24
575	62	0	501	0	24
606	62	0	566	0	24
637	62	0	642	0	25
668	62	0	735	0	25
800	62	0	990	2	27
924	62	0	1023	0	26
0	123	0	0	42	15
62	123	0	6	41	0
123	123	0	40	39	0
185	123	0	74	36	0
254	123	0	118	32	0
308	123	0	162	27	3
386	123	0	240	17	6
451	123	0	324	0	7
482	123	0	369	0	11
513	123	0	416	0	14
544	123	0	473	0	16
575	123	0	529	0	19
606	123	0	597	0	20
637	123	0	684	0	21
668	123	0	777	0	21
800	123	0	996	5	25
924	123	0	1023	0	25
0	185	0	0	67	26
62	185	0	0	66	18
123	185	0	30	65	0
185	185	0	65	63	0
254	185	0	112	59	0
308	185	0	156	55	0
386	185	0	234	49	0
451	185	0	319	42	3
482	185	0	368	39	5
513	185	0	425	34	6
544	185	0	490	30	7
575	185	0	560	26	7
606	185	0	650	21	8
637	185	0	749	13	9
668	185	0	850	0	9
800	185	0	1007	7	19
924	185	0	1023	8	21
0	254	0	0	103	35
62	254	0	0	103	31
123	254	0	0	100	0
185	254	0	52	99	0
254	254	0	99	95	0
308	254	0	145	92	0
386	254	0	225	86	0
451	254	0	310	79	0
482	254	0	358	76	0
513	254	0	414	73	0
544	254	0	477	69	0
575	254	0	549	65	0
606	254	0	636	61	3
637	254	0	738	57	4
668	254	0	839	52	6
800	254	0	1015	32	9
924	254	0	1023	37	19
0	308	0	0	136	38
62	308	0	0	135	35
123	308	0	0	134	20
185	308	0	39	133	0
254	308	0	88	130	0
308	308	0	133	126	0
386	308	0	213	121	0
451	308	0	298	114	0
482	308	0	347	110	0
513	308	0	403	107	0
544	308	0	465	103	0
575	308	0	535	99	0
606	308	0	618	95	0
637	308	0	723	91	0
668	308	0	825	86	0
800	308	0	1014	67	6
924	308	0	1023	60	17
0	386	0	0	191	44
62	386	0	0	191	40
123	386	0	0	191	29
185	386	0	8	192	0
254	386	0	71	190	0
308	386	0	114	188	0
386	386	0	192	182	0
451	386	0	275	176	0
482	386	0	324	172	0
513	386	0	378	169	0
544	386	0	439	165	0
575	386	0	510	161	0
606	386	0	585	156	0
637	386	0	690	151	0
668	386	0	792	147	0
800	386	0	1010	123	0
924	386	0	1023	100	14
0	451	0	0	249	49
62	451	0	0	249	46
123	451	0	0	251	36
185	451	0	4	253	18
254	451	0	53	253	0
308	451	0	98	250	0
386	451	0	173	246	0
451	451	0	256	241	0
482	451	0	302	237	0
513	451	0	356	234	0
544	451	0	414	230	0
575	451	0	483	226	0
606	451	0	557	221	0
637	451	0	653	216	0
668	451	0	761	210	0
800	451	0	1005	182	0
924	451	0	1023	142	11
0	482	0	0	282	51
62	482	0	8	282	49
123	482	0	0	283	39
185	482	0	0	287	23
254	482	0	45	288	0
308	482	0	87	287	0
386	482	0	165	282	0
451	482	0	245	277	0
482	482	0	291	273	0
513	482	0	344	268	0
544	482	0	401	265	0
575	482	0	467	261	0
606	482	0	545	256	0
637	482	0	637	251	0
668	482	0	745	245	0
800	482	0	1001	216	0
924	482	0	1023	164	5
0	513	0	0	318	54
62	513	0	4	318	52
123	513	0	10	320	44
185	513	0	3	324	27
254	513	0	32	327	0
308	513	0	81	324	0
386	513	0	157	321	0
451	513	0	235	316	0
482	513	0	279	313	0
513	513	0	331	309	0
544	513	0	388	305	0
575	513	0	455	302	0
606	513	0	528	297	0
637	513	0	620	290	0
668	513	0	726	284	0
800	513	0	998	255	0
924	513	0	1023	189	0
0	544	0	11	356	58
62	544	0	0	358	54
123	544	0	0	361	46
185	544	0	0	365	31
254	544	0	23	370	0
308	544	0	73	368	0
386	544	0	149	363	0
451	544	0	225	358	0
482	544	0	269	356	0
513	544	0	319	353	0
544	544	0	375	349	0
575	544	0	441	343	0
606	544	0	515	340	0
637	544	0	598	334	0
668	544	0	707	328	0
800	544	0	993	298	0
924	544	0	1023	223	0
0	575	0	11	399	61
62	575	0	0	401	57
123	575	0	0	403	50
185	575	0	0	409	36
254	575	0	0	418	0
308	575	0	66	416	0
386	575	0	138	413	0
451	575	0	215	407	0
482	575	0	257	404	0
513	575	0	307	401	0
544	575	0	361	398	0
575	575	0	426	394	0
606	575	0	499	388	0
637	575	0	581	383	0
668	575	0	686	377	0
800	575	0	988	346	0
924	575	0	1023	261	0
0	606	0	11	450	65
62	606	0	12	450	63
123	606	0	8	454	54
185	606	0	11	459	41
254	606	0	11	470	16
308	606	0	54	472	0
386	606	0	130	466	0
451	606	0	203	463	0
482	606	0	245	460	0
513	606	0	294	456	0
544	606	0	348	453	0
575	606	0	411	449	0
606	606	0	485	444	0
637	606	0	562	438	0
668	606	0	668	432	0
800	606	0	983	399	0
924	606	0	1023	302	0
0	637	0	10	505	69
62	637	0	9	505	67
123	637	0	14	509	59
185	637	0	5	517	45
254	637	0	0	527	21
308	637	0	42	531	0
386	637	0	118	526	0
451	637	0	193	522	0
482	637	0	234	520	0
513	637	0	279	518	0
544	637	0	333	515	0
575	637	0	395	511	0
606	637	0	467	506	0
637	637	0	546	501	0
668	637	0	649	492	0
800	637	0	978	460	0
924	637	0	1023	349	0
0	668	0	9	566	73
62	668	0	6	566	71
123	668	0	6	571	61
185	668	0	0	581	49
254	668	0	9	595	28
308	668	0	26	605	0
386	668	0	106	597	0
451	668	0	180	592	0
482	668	0	220	589	0
513	668	0	267	586	0
544	668	0	317	585	0
575	668	0	377	579	0
606	668	0	448	575	0
637	668	0	527	568	0
668	668	0	626	562	0
800	668	0	970	527	0
924	668	0	1023	405	0
0	800	0	0	902	92
62	800	0	16	902	92
123	800	0	16	907	84
185	800	0	14	915	74
254	800	0	10	922	51
308	800	0	17	926	33
386	800	0	57	931	0
451	800	0	130	929	3
482	800	0	160	929	0
513	800	0	203	928	0
544	800	0	252	927	0
575	800	0	306	926	0
606	800	0	368	926	0
637	800	0	441	925	0
668	800	0	522	922	0
800	800	0	937	913	0
924	800	0	1023	770	5
0	924	0	22	1013	116
62	924	0	11	1015	111
123	924	0	20	1015	106
185	924	0	17	1018	95
254	924	0	15	1022	75
308	924	0	19	1023	58
386	924	0	4	1023	21
451	924	0	73	1023	0
482	924	0	110	1023	0
513	924	0	149	1023	0
544	924	0	193	1023	4
575	924	0	242	1023	6
606	924	0	297	1023	8
637	924	0	349	1023	0
668	924	0	429	1023	0
800	924	0	899	1023	2
924	924	0	1023	996	0
0	0	62	0	0	20
62	0	62	22	0	20
123	0	62	48	0	19
185	0	62	78	0	20
254	0	62	116	0	24
308	0	62	156	0	24
386	0	62	223	0	26
451	0	62	294	0	27
482	0	62	335	0	28
513	0	62	383	0	28
544	0	62	432	0	29
575	0	62	490	0	29
606	0	62	554	0	29
637	0	62	633	0	28
668	0	62	726	0	28
800	0	62	988	6	31
924	0	62	1023	0	30
0	62	62	0	21	20
62	62	62	20	20	20
123	62	62	46	17	19
185	62	62	78	11	18
254	62	62	121	0	18
308	62	62	160	0	21
386	62	62	229	0	24
451	62	62	301	0	26
482	62	62	341	0	27
513	62	62	390	0	27
544	62	62	441	0	28
575	62	62	501	0	27
606	62	62	566	0	28
637	62	62	642	0	27
668	62	62	735	0	28
800	62	62	990	2	30
924	62	62	1023	0	29
0	123	62	0	42	22
62	123	62	3	41	17
123	123	62	40	39	17
185	123	62	74	36	18
254	123	62	118	32	17
308	123	62	162	27	17
386	123	62	240	17	17
451	123	62	324	0	17
482	123	62	369	0	19
513	123	62	416	0	21
544	123	62	473	0	22
575	123	62	529	0	23
606	123	62	594	0	23
637	123	62	684	0	24
668	123	62	777	0	25
800	123	62	996	5	27
924	123	62	1023	0	27
0	185	62	0	67	30
62	185	62	0	66	25
123	185	62	30	65	15
185	185	62	65	63	16
254	185	62	112	59	16
308	185	62	156	55	16
386	185	62	234	49	16
451	185	62	319	42	16
482	185	62	368	39	17
513	185	62	425	34	16
544	185	62	490	30	16
575	185	62	560	26	17
606	185	62	647	21	17
637	185	62	749	13	17
668	185	62	850	0	17
800	185	62	1007	7	23
924	185	62	1023	8	24
0	254	62	0	103	37
62	254	62	0	102	35
123	254	62	0	100	13
185	254	62	52	99	13
254	254	62	99	95	13
308	254	62	144	92	14
386	254	62	224	86	14
451	254	62	310	79	15
482	254	62	357	76	15
513	254	62	414	73	14
544	254	62	477	69	15
575	254	62	547	65	15
606	254	62	636	61	15
637	254	62	738	57	15
668	254	62	839	52	15
800	254	62	1015	32	17
924	254	62	1023	37	22
0	308	62	0	135	42
62	308	62	0	135	37
123	308	62	0	134	25
185	308	62	38	133	10
254	308	62	87	130	11
308	308	62	133	126	11
386	308	62	213	120	12
451	308	62	298	114	13
482	308	62	346	111	13
513	308	62	402	107	13
544	308	62	465	103	13
575	308	62	535	99	13
606	308	62	618	95	13
637	308	62	723	91	13
668	308	62	825	86	14
800	308	62	1014	67	15
924	308	62	1023	60	20
0	386	62	0	190	48
62	386	62	3	190	46
123	386	62	0	191	33
185	386	62	0	192	9
254	386	62	67	190	0
308	386	62	112	188	1
386	386	62	192	182	5
451	386	62	276	176	6
482	386	62	325	172	7
513	386	62	380	168	8
544	386	62	443	164	8
575	386	62	512	160	9
606	386	62	587	155	9
637	386	62	693	151	10
668	386	62	798	145	10
800	386	62	1010	123	12
924	386	62	1023	100	18
0	451	62	8	248	54
62	451	62	8	248	52
123	451	62	0	251	41
185	451	62	0	253	24
254	451	62	44	255	0
308	451	62	91	251	0
386	451	62	169	247	0
451	451	62	254	241	0
482	451	62	301	237	0
513	451	62	356	233	0
544	451	62	416	229	0
575	451	62	487	224	0
606	451	62	564	218	0
637	451	62	664	213	0
668	451	62	770	208	3
800	451	62	1006	180	8
924	451	62	1023	142	16
0	482	62	8	281	57
62	482	62	1	281	54
123	482	62	7	283	45
185	482	62	0	287	28
254	482	62	33	291	0
308	482	62	82	288	0
386	482	62	160	282	0
451	482	62	242	277	0
482	482	62	289	273	0
513	482	62	343	269	0
544	482	62	401	265	0
575	482	62	472	260	0
606	482	62	549	255	0
637	482	62	645	249	0
668	482	62	754	242	0
800	482	62	1003	212	4
924	482	62	1023	164	14
0	513	62	8	317	60
62	513	62	0	318	56
123	513	62	6	320	49
185	513	62	0	324	31
254	513	62	20	330	0
308	513	62	73	327	0
386	513	62	151	323	0
451	513	62	230	318	0
482	513	62	277	313	0
513	513	62	327	309	0
544	513	62	387	305	0
575	513	62	455	301	0
606	513	62	531	295	0
637	513	62	626	288	0
668	513	62	734	282	0
800	513	62	1001	250	0
924	513	62	1023	189	10
0	544	62	7	356	63
62	544	62	12	356	61
123	544	62	8	359	53
185	544	62	0	363	36
254	544	62	0	372	0
308	544	62	64	370	0
386	544	62	141	366	0
451	544	62	220	360	0
482	544	62	264	358	0
513	544	62	315	353	0
544	544	62	372	349	0
575	544	62	439	344	0
606	544	62	515	338	0
637	544	62	601	333	0
668	544	62	710	327	0
800	544	62	996	293	0
924	544	62	1023	217	5
0	575	62	7	399	67
62	575	62	10	399	64
123	575	62	12	403	56
185	575	62	0	408	41
254	575	62	0	418	14
308	575	62	53	418	0
386	575	62	131	414	0
451	575	62	208	408	0
482	575	62	250	406	0
513	575	62	300	403	0
544	575	62	356	398	0
575	575	62	422	394	0
606	575	62	497	388	0
637	575	62	581	382	0
668	575	62	689	375	0
800	575	62	990	341	0
924	575	62	1023	252	0
0	606	62	5	450	70
62	606	62	7	450	68
123	606	62	0	454	60
185	606	62	6	459	46
254	606	62	8	470	23
308	606	62	44	474	0
386	606	62	118	470	0
451	606	62	196	466	0
482	606	62	239	462	0
513	606	62	287	458	0
544	606	62	342	453	0
575	606	62	405	451	0
606	606	62	479	445	0
637	606	62	560	438	0
668	606	62	668	431	0
800	606	62	985	395	0
924	606	62	1023	293	0
0	637	62	3	505	73
62	637	62	0	505	71
123	637	62	11	509	65
185	637	62	0	515	50
254	637	62	11	527	29
308	637	62	29	535	0
386	637	62	108	530	0
451	637	62	184	524	0
482	637	62	225	522	0
513	637	62	270	522	0
544	637	62	326	517	0
575	637	62	388	511	0
606	637	62	461	508	0
637	637	62	542	501	0
668	637	62	643	493	0
800	637	62	979	458	0
924	637	62	1023	343	0
0	668	62	0	566	77
62	668	62	0	566	75
123	668	62	0	571	67
185	668	62	15	579	54
254	668	62	4	595	32
308	668	62	14	608	0
386	668	62	96	602	0
451	668	62	170	597	0
482	668	62	212	592	0
513	668	62	258	589	0
544	668	62	312	585	0
575	668	62	372	582	0
606	668	62	442	575	0
637	668	62	520	571	0
668	668	62	621	562	0
800	668	62	971	525	0
924	668	62	1023	399	0
0	800	62	19	899	101
62	800	62	13	902	97
123	800	62	14	907	89
185	800	62	11	915	79
254	800	62	6	922	56
308	800	62	15	926	38
386	800	62	46	932	0
451	800	62	120	931	0
482	800	62	157	930	0
513	800	62	199	929	4
544	800	62	241	929	0
575	800	62	297	928	0
606	800	62	358	926	0
637	800	62	431	926	0
668	800	62	511	923	0
800	800	62	936	913	7
924	800	62	1023	768	0
0	924	62	20	1013	120
62	924	62	7	1015	116
123	924	62	18	1015	111
185	924	62	15	1018	99
254	924	62	12	1022	79
308	924	62	18	1023	63
386	924	62	0	1023	26
451	924	62	67	1023	6
482	924	62	103	1023	7
513	924	62	136	1023	0
544	924	62	179	1023	0
575	924	62	229	1023	0
606	924	62	284	1023	0
637	924	62	345	1023	0
668	924	62	420	1023	0
800	924	62	888	1023	8
924	924	62	1023	997	0
0	0	123	0	0	42
62	0	123	21	0	42
123	0	123	46	0	40
185	0	123	77	0	40
254	0	123	115	0	39
308	0	123	154	0	40
386	0	123	222	0	40
451	0	123	293	0	41
482	0	123	334	0	41
513	0	123	381	0	41
544	0	123	430	0	42
575	0	123	488	0	42
606	0	123	552	0	42
637	0	123	630	0	41
668	0	123	723	0	42
800	0	123	988	7	43
924	0	123	1023	2	41
0	62	123	0	21	42
62	62	123	17	19	42
123	62	123	45	16	40
185	62	123	77	11	39
254	62	123	120	0	37
308	62	123	159	0	38
386	62	123	228	0	39
451	62	123	300	0	39
482	62	123	339	0	40
513	62	123	388	0	40
544	62	123	439	0	41
575	62	123	499	0	41
606	62	123	564	0	41
637	62	123	639	0	41
668	62	123	732	0	41
800	62	123	990	4	42
924	62	123	1023	0	40
0	123	123	0	41	38
62	123	123	0	41	40
123	123	123	39	39	39
185	123	123	72	36	39
254	123	123	118	31	37
308	123	123	162	27	36
386	123	123	239	17	35
451	123	123	324	0	34
482	123	123	368	0	35
513	123	123	414	0	36
544	123	123	471	0	36
575	123	123	527	0	37
606	123	123	594	0	37
637	123	123	681	0	38
668	123	123	777	0	37
800	123	123	995	6	40
924	123	123	1023	0	38
0	185	123	0	67	43
62	185	123	0	66	40
123	185	123	29	65	36
185	185	123	64	62	36
254	185	123	111	59	37
308	185	123	155	55	36
386	185	123	234	49	35
451	185	123	318	42	33
482	185	123	366	39	34
513	185	123	423	34	33
544	185	123	488	30	33
575	185	123	558	26	32
606	185	123	647	21	32
637	185	123	749	13	32
668	185	123	850	0	31
800	185	123	1006	7	35
924	185	123	1023	8	34
0	254	123	0	102	51
62	254	123	0	101	48
123	254	123	0	100	34
185	254	123	51	99	35
254	254	123	99	95	34
308	254	123	144	92	35
386	254	123	224	86	34
451	254	123	309	79	33
482	254	123	357	76	33
513	254	123	412	73	33
544	254	123	477	69	31
575	254	123	547	65	31
606	254	123	633	61	31
637	254	123	735	57	31
668	254	123	836	52	31
800	254	123	1015	32	30
924	254	123	1023	37	33
0	308	123	0	134	56
62	308	123	0	134	53
123	308	123	0	134	41
185	308	123	38	133	32
254	308	123	86	130	33
308	308	123	132	127	32
386	308	123	212	120	33
451	308	123	298	114	32
482	308	123	346	111	32
513	308	123	402	106	32
544	308	123	465	103	31
575	308	123	533	99	30
606	308	123	618	95	29
637	308	123	720	91	29
668	308	123	825	86	29
800	308	123	1013	67	29
924	308	123	1023	60	31
0	386	123	0	189	62
62	386	123	0	189	60
123	386	123	0	190	50
185	386	123	0	192	31
254	386	123	66	190	29
308	386	123	111	188	30
386	386	123	191	183	30
451	386	123	275	176	30
482	386	123	325	172	30
513	386	123	380	168	29
544	386	123	441	164	29
575	386	123	512	160	30
606	386	123	587	155	29
637	386	123	693	151	29
668	386	123	798	145	29
800	386	123	1010	123	28
924	386	123	1023	100	30
0	451	123	7	247	71
62	451	123	7	247	68
123	451	123	0	249	57
185	451	123	3	253	42
254	451	123	44	254	27
308	451	123	90	251	27
386	451	123	168	247	27
451	451	123	252	241	27
482	451	123	300	237	28
513	451	123	354	233	28
544	451	123	414	229	28
575	451	123	487	224	28
606	451	123	562	219	27
637	451	123	661	213	27
668	451	123	770	208	27
800	451	123	1006	180	27
924	451	123	1023	142	28
0	482	123	8	280	74
62	482	123	0	280	71
123	482	123	6	282	62
185	482	123	0	286	45
254	482	123	30	291	25
308	482	123	80	288	26
386	482	123	159	284	26
451	482	123	239	277	26
482	482	123	288	274	26
513	482	123	341	269	26
544	482	123	400	265	26
575	482	123	470	260	26
606	482	123	549	254	27
637	482	123	645	249	26
668	482	123	754	242	26
800	482	123	1003	212	25
924	482	123	1023	164	27
0	513	123	8	315	77
62	513	123	0	317	74
123	513	123	6	318	66
185	513	123	0	322	50
254	513	123	8	330	24
308	513	123	69	327	24
386	513	123	147	323	25
451	513	123	227	318	25
482	513	123	273	313	25
513	513	123	327	309	25
544	513	123	385	305	25
575	513	123	453	301	25
606	513	123	531	294	25
637	513	123	626	288	25
668	513	123	734	282	25
800	513	123	1001	250	25
924	513	123	1023	189	25
0	544	123	9	355	80
62	544	123	0	356	77
123	544	123	9	358	70
185	544	123	0	363	53
254	544	123	7	370	29
308	544	123	56	372	23
386	544	123	135	367	23
451	544	123	215	361	23
482	544	123	260	358	23
513	544	123	311	353	24
544	544	123	369	349	24
575	544	123	437	344	24
606	544	123	513	338	24
637	544	123	601	332	24
668	544	123	713	325	24
800	544	123	997	292	24
924	544	123	1023	217	23
0	575	123	9	398	83
62	575	123	11	398	82
123	575	123	0	401	72
185	575	123	0	408	57
254	575	123	5	418	35
308	575	123	42	421	21
386	575	123	122	416	21
451	575	123	201	410	22
482	575	123	244	408	22
513	575	123	295	403	22
544	575	123	352	398	22
575	575	123	419	394	22
606	575	123	495	388	22
637	575	123	578	382	23
668	575	123	689	375	23
800	575	123	992	340	23
924	575	123	1023	250	21
0	606	123	10	448	87
62	606	123	10	448	85
123	606	123	5	452	77
185	606	123	10	459	63
254	606	123	0	470	39
308	606	123	26	477	19
386	606	123	108	474	20
451	606	123	186	468	20
482	606	123	229	466	20
513	606	123	279	460	20
544	606	123	335	455	20
575	606	123	398	453	21
606	606	123	475	447	21
637	606	123	558	438	21
668	606	123	665	431	21
800	606	123	987	393	21
924	606	123	1023	290	20
0	637	123	10	503	91
62	637	123	9	503	88
123	637	123	14	507	81
185	637	123	5	515	67
254	637	123	0	527	44
308	637	123	10	540	21
386	637	123	94	534	17
451	637	123	169	530	18
482	637	123	213	526	18
513	637	123	261	524	18
544	637	123	316	519	18
575	637	123	379	515	18
606	637	123	453	510	19
637	637	123	536	503	19
668	637	123	640	495	19
800	637	123	981	454	20
924	637	123	1023	337	19
0	668	123	11	564	95
62	668	123	8	564	93
123	668	123	8	568	85
185	668	123	0	579	71
254	668	123	12	592	50
308	668	123	11	608	28
386	668	123	80	610	14
451	668	123	155	602	15
482	668	123	198	600	15
513	668	123	243	597	15
544	668	123	299	591	15
575	668	123	359	585	16
606	668	123	430	580	16
637	668	123	512	574	16
668	668	123	612	565	17
800	668	123	973	522	18
924	668	123	1023	392	18
0	800	123	12	899	112
62	800	123	0	902	108
123	800	123	0	907	106
185	800	123	18	913	95
254	800	123	16	921	71
308	800	123	8	926	51
386	800	123	10	936	10
451	800	123	93	935	0
482	800	123	132	934	0
513	800	123	174	932	1
544	800	123	220	932	4
575	800	123	267	932	0
606	800	123	331	930	0
637	800	123	402	929	0
668	800	123	485	927	0
800	800	123	933	914	0
924	800	123	1023	759	7
0	924	123	13	1013	135
62	924	123	20	1013	135
123	924	123	10	1015	126
185	924	123	0	1018	113
254	924	123	0	1022	94
308	924	123	11	1023	74
386	924	123	18	1023	43
451	924	123	32	1023	0
482	924	123	73	1023	0
513	924	123	114	1023	0
544	924	123	155	1023	0
575	924	123	202	1023	0
606	924	123	255	1023	3
637	924	123	317	1023	5
668	924	123	388	1023	7
800	924	123	854	1023	0
924	924	123	1023	1001	0
0	0	185	0	6	70
62	0	185	16	0	71
123	0	185	44	0	69
185	0	185	76	0	63
254	0	185	114	0	63
308	0	185	153	0	62
386	0	185	220	0	62
451	0	185	291	0	63
482	0	185	331	0	63
513	0	185	377	0	63
544	0	185	426	0	64
575	0	185	484	0	64
606	0	185	548	0	64
637	0	185	625	0	63
668	0	185	718	0	64
800	0	185	987	8	65
924	0	185	1023	6	62
0	62	185	0	21	66
62	62	185	12	18	69
123	62	185	43	16	67
185	62	185	75	9	66
254	62	185	118	0	63
308	62	185	158	0	62
386	62	185	227	0	62
451	62	185	298	0	62
482	62	185	336	0	63
513	62	185	385	0	62
544	62	185	435	0	63
575	62	185	495	0	63
606	62	185	560	0	63
637	62	185	633	0	62
668	62	185	729	0	63
800	62	185	989	6	64
924	62	185	1023	0	60
0	123	185	0	41	62
62	123	185	0	40	66
123	123	185	37	39	66
185	123	185	71	36	64
254	123	185	117	31	62
308	123	185	160	26	61
386	123	185	238	17	58
451	123	185	322	0	57
482	123	185	365	0	57
513	123	185	412	0	58
544	123	185	465	0	59
575	123	185	525	0	59
606	123	185	589	0	59
637	123	185	678	2	60
668	123	185	771	0	59
800	123	185	994	7	62
924	123	185	1023	0	57
0	185	185	0	66	63
62	185	185	0	66	63
123	185	185	27	64	63
185	185	185	62	62	62
254	185	185	110	58	62
308	185	185	155	55	60
386	185	185	233	49	58
451	185	185	317	42	57
482	185	185	365	38	56
513	185	185	423	34	55
544	185	185	488	30	55
575	185	185	556	25	54
606	185	185	645	20	53
637	185	185	746	13	53
668	185	185	847	0	52
800	185	185	1006	7	56
924	185	185	1023	9	52
0	254	185	0	100	69
62	254	185	0	100	67
123	254	185	0	100	60
185	254	185	50	98	59
254	254	185	97	96	59
308	254	185	143	92	60
386	254	185	223	86	58
451	254	185	308	79	56
482	254	185	355	76	56
513	254	185	411	73	55
544	254	185	475	69	54
575	254	185	545	65	53
606	254	185	630	61	53
637	254	185	732	57	52
668	254	185	836	52	52
800	254	185	1015	32	49
924	254	185	1023	37	49
0	308	185	0	133	75
62	308	185	0	133	73
123	308	185	0	133	64
185	308	185	36	133	57
254	308	185	85	130	58
308	308	185	130	127	56
386	308	185	211	120	57
451	308	185	297	114	55
482	308	185	345	111	55
513	308	185	400	107	54
544	308	185	464	103	54
575	308	185	533	99	52
606	308	185	616	95	51
637	308	185	720	91	51
668	308	185	822	86	51
800	308	185	1013	67	49
924	308	185	1023	60	48
0	386	185	0	188	84
62	386	185	0	188	82
123	386	185	0	189	74
185	386	185	0	192	56
254	386	185	65	190	53
308	386	185	110	188	53
386	386	185	190	182	53
451	386	185	274	176	54
482	386	185	324	172	53
513	386	185	378	168	53
544	386	185	439	164	53
575	386	185	510	160	52
606	386	185	585	155	52
637	386	185	690	150	50
668	386	185	795	145	50
800	386	185	1010	123	48
924	386	185	1023	100	46
0	451	185	8	245	92
62	451	185	7	246	88
123	451	185	6	247	82
185	451	185	0	252	65
254	451	185	43	254	51
308	451	185	88	251	51
386	451	185	168	247	51
451	451	185	251	241	51
482	451	185	299	237	51
513	451	185	354	233	51
544	451	185	412	229	51
575	451	185	485	224	50
606	451	185	562	219	50
637	451	185	659	213	49
668	451	185	767	208	49
800	451	185	1006	181	47
924	451	185	1023	142	45
0	482	185	8	277	95
62	482	185	0	278	92
123	482	185	1	281	85
185	482	185	0	284	70
254	482	185	29	290	49
308	482	185	79	288	50
386	482	185	157	282	50
451	482	185	238	277	50
482	482	185	286	274	49
513	482	185	340	269	49
544	482	185	400	264	50
575	482	185	468	260	49
606	482	185	547	254	49
637	482	185	643	249	48
668	482	185	751	242	48
800	482	185	1003	212	45
924	482	185	1023	164	44
0	513	185	9	312	99
62	513	185	0	314	96
123	513	185	4	316	88
185	513	185	0	322	74
254	513	185	0	330	48
308	513	185	68	327	48
386	513	185	146	323	48
451	513	185	226	318	48
482	513	185	272	313	48
513	513	185	325	309	48
544	513	185	384	305	48
575	513	185	453	301	48
606	513	185	531	294	48
637	513	185	623	288	47
668	513	185	731	282	47
800	513	185	1000	250	45
924	513	185	1023	189	42
0	544	185	10	352	104
62	544	185	0	353	99
123	544	185	9	356	93
185	544	185	0	362	78
254	544	185	0	370	53
308	544	185	54	372	47
386	544	185	134	367	47
451	544	185	213	361	47
482	544	185	258	358	47
513	544	185	310	354	47
544	544	185	367	349	47
575	544	185	436	344	47
606	544	185	513	338	47
637	544	185	601	332	46
668	544	185	710	326	46
800	544	185	996	292	45
924	544	185	1023	217	41
0	575	185	11	395	108
62	575	185	13	396	105
123	575	185	0	399	96
185	575	185	0	406	82
254	575	185	8	416	58
308	575	185	41	421	45
386	575	185	120	416	45
451	575	185	199	410	46
482	575	185	243	408	46
513	575	185	294	403	46
544	575	185	350	398	46
575	575	185	417	394	45
606	575	185	493	388	46
637	575	185	578	382	45
668	575	185	689	375	46
800	575	185	991	340	44
924	575	185	1023	251	39
0	606	185	12	445	112
62	606	185	12	446	110
123	606	185	7	450	100
185	606	185	10	457	86
254	606	185	0	468	63
308	606	185	24	477	43
386	606	185	107	474	44
451	606	185	185	468	44
482	606	185	228	466	44
513	606	185	277	460	44
544	606	185	334	456	44
575	606	185	396	451	44
606	606	185	473	445	44
637	606	185	555	438	44
668	606	185	665	431	45
800	606	185	987	393	43
924	606	185	1023	290	38
0	637	185	13	499	114
62	637	185	12	501	112
123	637	185	0	505	103
185	637	185	7	513	90
254	637	185	3	525	68
308	637	185	0	538	45
386	637	185	93	534	42
451	637	185	169	530	43
482	637	185	212	526	43
513	637	185	259	524	43
544	637	185	315	519	43
575	637	185	378	513	43
606	637	185	451	510	43
637	637	185	534	503	43
668	637	185	637	495	42
800	637	185	981	454	42
924	637	185	1023	337	38
0	668	185	14	559	120
62	668	185	12	562	117
123	668	185	11	566	109
185	668	185	6	576	93
254	668	185	0	592	72
308	668	185	0	608	50
386	668	185	79	610	40
451	668	185	154	602	40
482	668	185	197	600	40
513	668	185	242	594	40
544	668	185	297	591	41
575	668	185	357	585	41
606	668	185	428	580	41
637	668	185	510	574	41
668	668	185	609	565	40
800	668	185	973	523	41
924	668	185	1023	392	37
0	800	185	17	897	143
62	800	185	10	899	139
123	800	185	10	902	131
185	800	185	6	913	116
254	800	185	0	921	93
308	800	185	15	926	74
386	800	185	0	936	37
451	800	185	87	935	33
482	800	185	127	934	33
513	800	185	169	933	33
544	800	185	214	932	34
575	800	185	268	932	34
606	800	185	330	930	34
637	800	185	401	929	34
668	800	185	483	927	34
800	800	185	932	914	35
924	800	185	1023	761	33
0	924	185	21	1012	161
62	924	185	10	1013	156
123	924	185	19	1014	153
185	924	185	16	1017	141
254	924	185	14	1021	121
308	924	185	19	1023	100
386	924	185	12	1023	63
451	924	185	9	1023	28
482	924	185	54	1023	25
513	924	185	95	1023	26
544	924	185	139	1023	26
575	924	185	184	1023	26
606	924	185	235	1023	26
637	924	185	296	1023	26
668	924	185	365	1023	27
800	924	185	836	1023	28
924	924	185	1023	1004	28
0	0	254	0	10	102
62	0	254	0	0	108
123	0	254	40	0	106
185	0	254	72	0	98
254	0	254	113	0	95
308	0	254	152	0	93
386	0	254	218	0	94
451	0	254	288	0	93
482	0	254	328	0	93
513	0	254	374	0	93
544	0	254	421	2	93
575	0	254	480	0	93
606	0	254	544	0	93
637	0	254	619	0	92
668	0	254	712	0	93
800	0	254	986	10	94
924	0	254	1023	7	88
0	62	254	0	23	98
62	62	254	0	17	107
123	62	254	38	14	107
185	62	254	72	7	104
254	62	254	117	0	100
308	62	254	155	0	94
386	62	254	225	0	94
451	62	254	295	0	93
482	62	254	333	0	93
513	62	254	381	0	92
544	62	254	432	0	93
575	62	254	491	0	93
606	62	254	556	0	93
637	62	254	628	5	92
668	62	254	723	0	92
800	62	254	988	8	93
924	62	254	1023	0	86
0	123	254	0	41	93
62	123	254	0	40	100
123	123	254	33	38	105
185	123	254	67	35	102
254	123	254	114	31	99
308	123	254	158	26	96
386	123	254	236	16	94
451	123	254	318	0	91
482	123	254	359	0	90
513	123	254	409	0	90
544	123	254	462	0	90
575	123	254	521	0	90
606	123	254	587	0	90
637	123	254	673	3	89
668	123	254	769	0	89
800	123	254	994	8	91
924	123	254	1023	4	82
0	185	254	0	65	89
62	185	254	0	65	92
123	185	254	22	64	97
185	185	254	60	62	100
254	185	254	107	58	97
308	185	254	152	55	96
386	185	254	231	48	92
451	185	254	316	42	90
482	185	254	363	38	89
513	185	254	419	33	88
544	185	254	484	30	87
575	185	254	554	25	85
606	185	254	642	20	85
637	185	254	743	12	84
668	185	254	836	7	83
800	185	254	1005	7	85
924	185	254	1023	9	76
0	254	254	0	99	94
62	254	254	0	99	94
123	254	254	0	99	95
185	254	254	48	98	96
254	254	254	95	95	95
308	254	254	140	92	96
386	254	254	221	85	92
451	254	254	306	79	89
482	254	254	353	76	88
513	254	254	409	72	87
544	254	254	473	69	86
575	254	254	543	65	85
606	254	254	628	61	84
637	254	254	729	57	83
668	254	254	831	52	82
800	254	254	1015	32	78
924	254	254	1023	33	72
0	308	254	0	131	97
62	308	254	0	131	97
123	308	254	0	132	93
185	308	254	33	132	92
254	308	254	83	130	92
308	308	254	128	126	91
386	308	254	209	120	91
451	308	254	294	114	89
482	308	254	342	111	88
513	308	254	399	107	87
544	308	254	461	102	85
575	308	254	529	99	84
606	308	254	613	94	83
637	308	254	715	90	82
668	308	254	819	85	82
800	308	254	1013	66	77
924	308	254	1023	60	73
0	386	254	0	186	109
62	386	254	0	187	108
123	386	254	0	188	102
185	386	254	0	191	88
254	386	254	62	190	88
308	386	254	108	187	87
386	386	254	188	182	87
451	386	254	272	175	87
482	386	254	321	172	87
513	386	254	375	168	86
544	386	254	437	164	85
575	386	254	508	160	83
606	386	254	583	155	83
637	386	254	687	150	81
668	386	254	792	145	81
800	386	254	1009	123	76
924	386	254	1023	100	71
0	451	254	3	244	119
62	451	254	0	244	117
123	451	254	0	246	110
185	451	254	0	251	98
254	451	254	40	254	84
308	451	254	87	251	84
386	451	254	166	246	84
451	451	254	249	240	84
482	451	254	296	236	85
513	451	254	350	233	84
544	451	254	411	229	83
575	451	254	481	224	82
606	451	254	557	219	82
637	451	254	656	213	81
668	451	254	764	208	81
800	451	254	1006	181	76
924	451	254	1023	140	68
0	482	254	0	276	122
62	482	254	0	277	120
123	482	254	6	278	115
185	482	254	6	283	102
254	482	254	26	289	82
308	482	254	77	287	83
386	482	254	156	282	83
451	482	254	236	277	82
482	482	254	284	274	81
513	482	254	338	269	81
544	482	254	397	264	81
575	482	254	466	260	81
606	482	254	545	254	81
637	482	254	640	248	79
668	482	254	748	241	79
800	482	254	1003	212	74
924	482	254	1023	164	68
0	513	254	0	311	128
62	513	254	8	312	126
123	513	254	8	314	119
185	513	254	0	319	106
254	513	254	0	328	82
308	513	254	66	327	81
386	513	254	144	323	80
451	513	254	224	318	80
482	513	254	269	313	80
513	513	254	324	309	81
544	513	254	382	305	80
575	513	254	450	300	81
606	513	254	527	294	80
637	513	254	620	287	78
668	513	254	729	282	78
800	513	254	1000	250	74
924	513	254	1023	190	66
0	544	254	0	351	134
62	544	254	3	352	132
123	544	254	11	353	124
185	544	254	0	361	110
254	544	254	0	369	85
308	544	254	52	370	79
386	544	254	132	366	79
451	544	254	211	360	79
482	544	254	256	358	79
513	544	254	308	354	79
544	544	254	366	349	78
575	544	254	434	344	79
606	544	254	509	338	79
637	544	254	596	332	77
668	544	254	707	326	77
800	544	254	996	292	74
924	544	254	1023	215	63
0	575	254	0	393	138
62	575	254	0	395	137
123	575	254	0	398	128
185	575	254	0	404	113
254	575	254	7	414	92
308	575	254	39	421	77
386	575	254	118	416	77
451	575	254	197	410	78
482	575	254	241	408	77
513	575	254	292	403	77
544	575	254	349	398	77
575	575	254	415	394	77
606	575	254	491	389	76
637	575	254	572	382	76
668	575	254	686	374	76
800	575	254	991	338	73
924	575	254	1023	251	63
0	606	254	0	445	143
62	606	254	0	445	141
123	606	254	10	448	135
185	606	254	10	454	119
254	606	254	0	466	96
308	606	254	21	477	75
386	606	254	105	474	75
451	606	254	183	468	76
482	606	254	226	465	76
513	606	254	275	460	75
544	606	254	331	456	76
575	606	254	395	451	75
606	606	254	471	445	75
637	606	254	553	438	75
668	606	254	662	431	75
800	606	254	986	393	73
924	606	254	1023	291	63
0	637	254	0	499	147
62	637	254	0	499	145
123	637	254	0	503	138
185	637	254	8	509	125
254	637	254	2	523	101
308	637	254	7	538	77
386	637	254	91	534	73
451	637	254	167	528	74
482	637	254	210	526	74
513	637	254	258	524	73
544	637	254	314	519	74
575	637	254	375	513	74
606	637	254	449	508	74
637	637	254	532	501	73
668	637	254	634	493	72
800	637	254	980	454	72
924	637	254	1023	338	63
0	668	254	0	558	151
62	668	254	15	556	151
123	668	254	14	560	144
185	668	254	8	569	126
254	668	254	0	589	105
308	668	254	4	608	79
386	668	254	77	608	71
451	668	254	152	602	72
482	668	254	195	600	72
513	668	254	240	594	71
544	668	254	295	592	71
575	668	254	356	585	71
606	668	254	425	577	71
637	668	254	508	574	71
668	668	254	606	565	70
800	668	254	972	522	71
924	668	254	1023	392	62
0	800	254	0	894	172
62	800	254	16	894	173
123	800	254	15	899	164
185	800	254	12	910	157
254	800	254	7	921	128
308	800	254	0	926	105
386	800	254	14	935	70
451	800	254	85	935	64
482	800	254	126	934	64
513	800	254	167	933	64
544	800	254	212	932	64
575	800	254	267	931	64
606	800	254	328	930	65
637	800	254	399	929	65
668	800	254	481	927	65
800	800	254	931	914	65
924	800	254	1023	761	60
0	924	254	8	1012	198
62	924	254	18	1012	198
123	924	254	0	1014	189
185	924	254	21	1015	180
254	924	254	19	1020	157
308	924	254	0	1023	134
386	924	254	18	1023	97
451	924	254	0	1023	58
482	924	254	53	1023	57
513	924	254	93	1023	56
544	924	254	137	1023	56
575	924	254	183	1023	57
606	924	254	234	1023	57
637	924	254	295	1023	57
668	924	254	363	1023	58
800	924	254	833	1023	59
924	924	254	1023	1004	58
0	0	308	0	11	131
62	0	308	0	0	141
123	0	308	37	0	139
185	0	308	70	0	131
254	0	308	111	0	126
308	0	308	150	0	123
386	0	308	217	0	122
451	0	308	286	0	121
482	0	308	325	0	122
513	0	308	371	0	122
544	0	308	425	0	122
575	0	308	478	3	122
606	0	308	541	0	122
637	0	308	616	0	122
668	0	308	709	0	122
800	0	308	985	11	123
924	0	308	1023	9	112
0	62	308	0	22	127
62	62	308	0	17	139
123	62	308	34	12	143
185	62	308	69	2	140
254	62	308	114	0	134
308	62	308	154	0	126
386	62	308	222	0	123
451	62	308	293	0	123
482	62	308	332	0	122
513	62	308	378	0	122
544	62	308	428	2	122
575	62	308	488	0	122
606	62	308	554	0	122
637	62	308	625	6	121
668	62	308	718	0	121
800	62	308	987	9	121
924	62	308	1023	0	110
0	123	308	0	41	121
62	123	308	0	39	130
123	123	308	29	37	140
185	123	308	65	34	138
254	123	308	111	30	135
308	123	308	156	25	132
386	123	308	234	15	127
451	123	308	316	0	124
482	123	308	358	0	122
513	123	308	408	0	121
544	123	308	460	0	121
575	123	308	519	0	120
606	123	308	583	0	120
637	123	308	667	4	119
668	123	308	763	0	118
800	123	308	993	9	119
924	123	308	1023	6	106
0	185	308	0	65	114
62	185	308	0	65	120
123	185	308	16	62	132
185	185	308	58	61	136
254	185	308	104	58	133
308	185	308	150	54	131
386	185	308	228	48	127
451	185	308	313	41	124
482	185	308	361	38	122
513	185	308	417	33	120
544	185	308	481	29	119
575	185	308	552	25	117
606	185	308	639	19	116
637	185	308	740	11	114
668	185	308	833	5	114
800	185	308	1005	7	113
924	185	308	1023	10	100
0	254	308	0	98	117
62	254	308	0	98	119
123	254	308	0	99	127
185	254	308	44	97	128
254	254	308	93	94	130
308	254	308	138	91	128
386	254	308	218	85	125
451	254	308	303	79	123
482	254	308	351	75	121
513	254	308	407	72	120
544	254	308	469	68	117
575	254	308	541	64	117
606	254	308	625	60	115
637	254	308	726	56	114
668	254	308	828	52	112
800	254	308	1014	31	105
924	254	308	1023	33	95
0	308	308	0	129	122
62	308	308	0	130	122
123	308	308	0	131	124
185	308	308	30	131	126
254	308	308	81	129	127
308	308	308	126	126	126
386	308	308	208	120	126
451	308	308	292	114	122
482	308	308	340	110	120
513	308	308	395	106	118
544	308	308	457	102	117
575	308	308	527	98	116
606	308	308	610	94	114
637	308	308	712	90	113
668	308	308	816	85	111
800	308	308	1012	66	105
924	308	308	1023	60	95
0	386	308	0	185	131
62	386	308	0	186	130
123	386	308	0	187	127
185	386	308	0	190	120
254	386	308	59	190	121
308	386	308	106	187	121
386	386	308	185	182	119
451	386	308	269	175	121
482	386	308	316	171	119
513	386	308	374	168	118
544	386	308	436	163	116
575	386	308	504	159	116
606	386	308	581	155	115
637	386	308	684	150	112
668	386	308	790	145	111
800	386	308	1009	122	105
924	386	308	1023	100	94
0	451	308	8	243	144
62	451	308	2	243	143
123	451	308	6	245	139
185	451	308	0	249	128
254	451	308	38	254	117
308	451	308	85	251	117
386	451	308	164	246	116
451	451	308	247	240	115
482	451	308	295	236	117
513	451	308	347	233	117
544	451	308	407	228	114
575	451	308	479	224	115
606	451	308	555	219	113
637	451	308	653	213	111
668	451	308	761	207	110
800	451	308	1005	181	105
924	451	308	1023	140	91
0	482	308	4	275	150
62	482	308	0	276	147
123	482	308	0	277	143
185	482	308	0	282	131
254	482	308	23	289	115
308	482	308	75	287	115
386	482	308	154	282	114
451	482	308	234	276	115
482	482	308	283	273	114
513	482	308	336	268	114
544	482	308	395	264	113
575	482	308	464	259	112
606	482	308	541	254	111
637	482	308	637	248	109
668	482	308	745	242	108
800	482	308	1002	212	102
924	482	308	1023	162	90
0	513	308	0	310	156
62	513	308	7	311	153
123	513	308	0	314	147
185	513	308	0	318	136
254	513	308	0	328	114
308	513	308	63	327	112
386	513	308	142	322	112
451	513	308	222	315	113
482	513	308	268	312	112
513	513	308	321	309	111
544	513	308	379	304	112
575	513	308	448	300	111
606	513	308	524	294	111
637	513	308	617	287	108
668	513	308	726	281	108
800	513	308	999	249	102
924	513	308	1023	188	88
0	544	308	0	351	160
62	544	308	0	351	159
123	544	308	7	353	152
185	544	308	0	359	141
254	544	308	0	369	117
308	544	308	50	370	110
386	544	308	130	366	110
451	544	308	210	360	110
482	544	308	254	356	110
513	544	308	306	354	110
544	544	308	363	349	109
575	544	308	430	344	109
606	544	308	507	337	109
637	544	308	593	332	108
668	544	308	704	324	107
800	544	308	996	292	102
924	544	308	1023	214	86
0	575	308	0	393	165
62	575	308	0	393	164
123	575	308	12	396	158
185	575	308	7	403	145
254	575	308	8	413	124
308	575	308	36	421	108
386	575	308	116	416	108
451	575	308	195	410	108
482	575	308	239	406	107
513	575	308	289	403	107
544	575	308	346	398	108
575	575	308	412	394	107
606	575	308	489	389	107
637	575	308	570	382	107
668	575	308	680	374	107
800	575	308	990	338	102
924	575	308	1023	250	86
0	606	308	14	441	170
62	606	308	13	443	169
123	606	308	0	446	163
185	606	308	0	454	149
254	606	308	0	465	128
308	606	308	17	477	106
386	606	308	103	472	106
451	606	308	182	468	106
482	606	308	224	465	106
513	606	308	274	460	106
544	606	308	330	456	106
575	606	308	391	451	105
606	606	308	467	445	105
637	606	308	551	439	106
668	606	308	657	431	105
800	606	308	985	393	101
924	606	308	1023	293	86
0	637	308	14	496	175
62	637	308	12	498	173
123	637	308	13	501	166
185	637	308	14	507	155
254	637	308	8	521	134
308	637	308	10	535	109
386	637	308	89	534	104
451	637	308	165	528	104
482	637	308	208	526	104
513	637	308	255	522	104
544	637	308	311	519	104
575	637	308	373	513	104
606	637	308	446	508	103
637	637	308	530	502	103
668	637	308	632	493	101
800	637	308	980	454	100
924	637	308	1023	338	86
0	668	308	14	553	181
62	668	308	11	555	179
123	668	308	7	559	172
185	668	308	15	565	160
254	668	308	0	585	136
308	668	308	10	605	110
386	668	308	76	608	101
451	668	308	151	602	101
482	668	308	193	600	101
513	668	308	238	594	101
544	668	308	293	592	100
575	668	308	353	585	100
606	668	308	423	578	101
637	668	308	506	571	100
668	668	308	604	562	98
800	668	308	971	523	99
924	668	308	1023	392	86
0	800	308	16	891	213
62	800	308	7	894	209
123	800	308	5	899	202
185	800	308	18	905	190
254	800	308	14	919	160
308	800	308	8	925	139
386	800	308	4	935	98
451	800	308	84	935	92
482	800	308	124	934	92
513	800	308	165	933	92
544	800	308	211	932	92
575	800	308	264	931	92
606	800	308	326	930	92
637	800	308	396	928	93
668	800	308	479	927	93
800	800	308	930	914	93
924	800	308	1023	761	85
0	924	308	20	1010	237
62	924	308	8	1011	231
123	924	308	18	1012	226
185	924	308	13	1015	211
254	924	308	8	1020	192
308	924	308	15	1023	169
386	924	308	9	1023	128
451	924	308	15	1023	89
482	924	308	51	1023	83
513	924	308	92	1023	83
544	924	308	135	1023	83
575	924	308	181	1023	84
606	924	308	232	1023	84
637	924	308	292	1023	84
668	924	308	362	1023	85
800	924	308	830	1023	87
924	924	308	1023	1005	85
0	0	386	0	10	181
62	0	386	0	0	193
123	0	386	33	0	197
185	0	386	66	0	188
254	0	386	107	0	184
308	0	386	147	0	179
386	0	386	214	0	175
451	0	386	285	0	176
482	0	386	323	0	175
513	0	386	368	0	172
544	0	386	419	0	171
575	0	386	477	0	171
606	0	386	535	5	170
637	0	386	608	3	170
668	0	386	701	0	171
800	0	386	986	0	168
924	0	386	1023	11	154
0	62	386	0	20	179
62	62	386	0	16	191
123	62	386	26	8	207
185	62	386	62	0	205
254	62	386	108	0	194
308	62	386	150	0	185
386	62	386	219	0	178
451	62	386	290	0	176
482	62	386	328	0	174
513	62	386	375	0	173
544	62	386	429	0	173
575	62	386	483	0	171
606	62	386	548	0	172
637	62	386	619	8	171
668	62	386	712	5	171
800	62	386	986	10	169
924	62	386	1023	2	152
0	123	386	0	40	173
62	123	386	0	39	182
123	123	386	19	35	206
185	123	386	59	33	203
254	123	386	105	29	200
308	123	386	151	24	196
386	123	386	229	13	190
451	123	386	312	0	185
482	123	386	354	0	181
513	123	386	400	0	178
544	123	386	453	0	175
575	123	386	513	0	174
606	123	386	579	0	172
637	123	386	661	3	171
668	123	386	749	9	170
800	123	386	992	10	168
924	123	386	1023	8	149
0	185	386	0	64	164
62	185	386	0	64	171
123	185	386	0	61	201
185	185	386	52	60	201
254	185	386	99	57	199
308	185	386	145	53	196
386	185	386	224	47	189
451	185	386	309	40	184
482	185	386	356	37	182
513	185	386	412	32	180
544	185	386	475	29	178
575	185	386	545	24	175
606	185	386	633	18	171
637	185	386	735	9	169
668	185	386	828	0	168
800	185	386	1004	6	163
924	185	386	1023	10	141
0	254	386	0	98	160
62	254	386	0	98	165
123	254	386	0	98	183
185	254	386	39	96	192
254	254	386	89	93	195
308	254	386	133	90	192
386	254	386	214	84	187
451	254	386	299	78	184
482	254	386	347	75	181
513	254	386	402	71	179
544	254	386	465	68	176
575	254	386	533	64	174
606	254	386	619	59	171
637	254	386	720	55	169
668	254	386	822	51	167
800	254	386	1013	31	157
924	254	386	1023	33	137
0	308	386	0	128	163
62	308	386	0	129	164
123	308	386	0	130	174
185	308	386	22	131	184
254	308	386	77	128	184
308	308	386	122	125	189
386	308	386	203	119	184
451	308	386	288	113	182
482	308	386	336	109	179
513	308	386	390	106	177
544	308	386	452	102	175
575	308	386	523	98	173
606	308	386	600	93	171
637	308	386	705	89	169
668	308	386	810	85	166
800	308	386	1011	66	157
924	308	386	1023	57	135
0	386	386	0	184	173
62	386	386	0	185	174
123	386	386	0	186	176
185	386	386	0	189	181
254	386	386	55	189	182
308	386	386	102	186	182
386	386	386	181	181	181
451	386	386	266	174	182
482	386	386	313	171	180
513	386	386	368	167	176
544	386	386	430	163	174
575	386	386	500	159	172
606	386	386	575	154	169
637	386	386	679	149	167
668	386	386	784	145	166
800	386	386	1008	122	157
924	386	386	1023	97	135
0	451	386	0	241	184
62	451	386	0	241	184
123	451	386	0	243	181
185	451	386	0	248	179
254	451	386	32	252	176
308	451	386	82	250	176
386	451	386	160	245	175
451	451	386	243	240	174
482	451	386	291	235	177
513	451	386	343	232	175
544	451	386	404	228	172
575	451	386	473	223	171
606	451	386	551	218	170
637	451	386	647	213	166
668	451	386	755	207	166
800	451	386	1004	180	155
924	451	386	1023	140	133
0	482	386	0	274	191
62	482	386	8	274	191
123	482	386	8	276	186
185	482	386	0	281	181
254	482	386	14	289	174
308	482	386	71	286	174
386	482	386	150	281	173
451	482	386	231	276	173
482	482	386	276	271	171
513	482	386	330	267	172
544	482	386	390	263	171
575	482	386	458	258	169
606	482	386	536	253	168
637	482	386	628	248	164
668	482	386	737	241	163
800	482	386	1001	211	152
924	482	386	1023	162	131
0	513	386	11	309	198
62	513	386	0	310	196
123	513	386	6	311	193
185	513	386	9	316	186
254	513	386	0	326	172
308	513	386	59	326	170
386	513	386	139	321	170
451	513	386	219	315	170
482	513	386	263	312	170
513	513	386	317	308	168
544	513	386	375	304	170
575	513	386	442	300	169
606	513	386	520	293	166
637	513	386	609	288	164
668	513	386	720	281	163
800	513	386	999	249	153
924	513	386	1023	188	130
0	544	386	8	348	204
62	544	386	9	349	204
123	544	386	8	352	198
185	544	386	9	356	190
254	544	386	0	366	174
308	544	386	46	370	167
386	544	386	126	366	168
451	544	386	206	360	167
482	544	386	250	356	166
513	544	386	302	352	166
544	544	386	358	347	166
575	544	386	427	343	167
606	544	386	503	337	166
637	544	386	587	332	163
668	544	386	699	324	162
800	544	386	995	291	153
924	544	386	1023	214	128
0	575	386	0	392	210
62	575	386	0	392	209
123	575	386	12	395	206
185	575	386	0	401	195
254	575	386	4	411	178
308	575	386	31	419	165
386	575	386	113	414	164
451	575	386	191	410	164
482	575	386	234	406	164
513	575	386	285	402	164
544	575	386	341	396	164
575	575	386	408	394	163
606	575	386	483	386	164
637	575	386	566	381	163
668	575	386	675	374	160
800	575	386	990	338	153
924	575	386	1023	251	129
0	606	386	0	441	216
62	606	386	14	441	216
123	606	386	0	445	211
185	606	386	10	450	201
254	606	386	0	463	181
308	606	386	0	476	162
386	606	386	100	472	163
451	606	386	178	466	162
482	606	386	219	463	162
513	606	386	269	458	162
544	606	386	326	454	160
575	606	386	387	451	160
606	606	386	463	445	160
637	606	386	545	439	160
668	606	386	651	430	160
800	606	386	984	392	153
924	606	386	1023	291	128
0	637	386	15	494	224
62	637	386	12	496	222
123	637	386	11	499	217
185	637	386	8	507	205
254	637	386	9	519	188
308	637	386	5	532	164
386	637	386	86	532	158
451	637	386	161	528	159
482	637	386	205	526	159
513	637	386	252	522	159
544	637	386	307	517	158
575	637	386	369	513	158
606	637	386	440	509	158
637	637	386	523	502	157
668	637	386	626	493	152
800	637	386	978	453	152
924	637	386	1023	338	129
0	668	386	14	551	228
62	668	386	9	553	226
123	668	386	0	557	221
185	668	386	8	565	211
254	668	386	6	581	188
308	668	386	7	600	164
386	668	386	72	608	156
451	668	386	148	600	155
482	668	386	190	597	156
513	668	386	235	594	156
544	668	386	290	589	156
575	668	386	350	585	155
606	668	386	418	578	155
637	668	386	500	572	155
668	668	386	595	563	151
800	668	386	970	520	151
924	668	386	1023	394	130
0	800	386	12	889	261
62	800	386	19	889	261
123	800	386	17	894	251
185	800	386	11	905	246
254	800	386	0	919	211
308	800	386	11	924	194
386	800	386	8	933	153
451	800	386	80	935	144
482	800	386	120	934	145
513	800	386	161	933	145
544	800	386	207	932	145
575	800	386	261	931	145
606	800	386	322	930	144
637	800	386	392	928	144
668	800	386	473	927	144
800	800	386	928	914	144
924	800	386	1023	767	132
0	924	386	13	1010	294
62	924	386	20	1010	296
123	924	386	6	1012	284
185	924	386	20	1014	273
254	924	386	16	1019	253
308	924	386	19	1023	231
386	924	386	14	1023	184
451	924	386	0	1023	138
482	924	386	47	1023	132
513	924	386	89	1023	133
544	924	386	133	1023	133
575	924	386	179	1023	133
606	924	386	228	1023	133
637	924	386	288	1023	135
668	924	386	357	1023	135
800	924	386	824	1023	137
924	924	386	1023	1004	135
0	0	451	0	10	230
62	0	451	0	0	242
123	0	451	29	0	251
185	0	451	61	0	248
254	0	451	104	0	242
308	0	451	143	0	236
386	0	451	210	0	230
451	0	451	283	0	231
482	0	451	320	0	229
513	0	451	365	0	227
544	0	451	417	0	225
575	0	451	475	0	225
606	0	451	532	7	224
637	0	451	605	6	218
668	0	451	698	5	219
800	0	451	985	0	218
924	0	451	1023	12	199
0	62	451	0	21	227
62	62	451	0	18	240
123	62	451	15	0	274
185	62	451	55	0	273
254	62	451	103	0	256
308	62	451	144	0	245
386	62	451	216	0	237
451	62	451	287	0	232
482	62	451	329	0	230
513	62	451	372	0	229
544	62	451	426	0	228
575	62	451	478	0	226
606	62	451	544	0	225
637	62	451	622	0	214
668	62	451	707	7	222
800	62	451	985	12	220
924	62	451	1023	6	198
0	123	451	0	40	222
62	123	451	0	38	233
123	123	451	0	33	273
185	123	451	52	31	272
254	123	451	99	27	269
308	123	451	145	22	264
386	123	451	224	11	258
451	123	451	305	0	247
482	123	451	347	0	240
513	123	451	395	0	237
544	123	451	450	0	234
575	123	451	508	0	232
606	123	451	574	0	229
637	123	451	656	3	220
668	123	451	743	9	226
800	123	451	991	10	219
924	123	451	1023	9	193
0	185	451	0	64	212
62	185	451	0	64	221
123	185	451	0	60	257
185	185	451	46	58	269
254	185	451	94	56	267
308	185	451	139	52	263
386	185	451	219	46	257
451	185	451	303	39	250
482	185	451	351	36	247
513	185	451	407	31	244
544	185	451	471	28	240
575	185	451	540	23	236
606	185	451	625	17	234
637	185	451	726	6	231
668	185	451	819	0	228
800	185	451	1003	5	217
924	185	451	1023	10	184
0	254	451	0	97	203
62	254	451	0	97	211
123	254	451	0	97	235
185	254	451	32	95	259
254	254	451	84	92	263
308	254	451	129	89	260
386	254	451	209	83	254
451	254	451	294	78	250
482	254	451	342	75	246
513	254	451	396	71	244
544	254	451	460	67	241
575	254	451	529	63	236
606	254	451	610	59	233
637	254	451	715	55	229
668	254	451	816	50	228
800	254	451	1012	30	213
924	254	451	1023	29	177
0	308	451	0	129	203
62	308	451	0	129	206
123	308	451	0	129	223
185	308	451	11	129	251
254	308	451	73	127	251
308	308	451	118	124	256
386	308	451	197	118	252
451	308	451	282	112	248
482	308	451	329	108	245
513	308	451	385	105	243
544	308	451	448	101	239
575	308	451	517	97	236
606	308	451	595	93	232
637	308	451	700	89	229
668	308	451	804	85	227
800	308	451	1011	65	213
924	308	451	1023	57	178
0	386	451	0	184	212
62	386	451	0	184	214
123	386	451	4	185	222
185	386	451	0	188	237
254	386	451	51	188	248
308	386	451	97	186	242
386	386	451	176	179	247
451	386	451	261	174	243
482	386	451	309	171	241
513	386	451	363	167	240
544	386	451	424	163	238
575	386	451	494	159	235
606	386	451	571	154	231
637	386	451	670	149	228
668	386	451	777	144	225
800	386	451	1007	122	212
924	386	451	1023	98	177
0	451	451	0	240	230
62	451	451	6	241	225
123	451	451	8	242	228
185	451	451	7	246	233
254	451	451	26	251	240
308	451	451	78	250	240
386	451	451	157	244	240
451	451	451	239	239	239
482	451	451	286	236	241
513	451	451	339	232	239
544	451	451	399	228	238
575	451	451	468	222	233
606	451	451	545	218	230
637	451	451	641	212	228
668	451	451	746	206	225
800	451	451	1002	179	212
924	451	451	1023	137	174
0	482	451	4	272	233
62	482	451	8	273	233
123	482	451	0	275	233
185	482	451	0	279	235
254	482	451	4	287	237
308	482	451	67	285	237
386	482	451	146	281	235
451	482	451	227	274	235
482	482	451	273	270	234
513	482	451	326	266	236
544	482	451	385	263	235
575	482	451	454	257	234
606	482	451	530	253	229
637	482	451	623	247	224
668	482	451	731	241	223
800	482	451	1000	211	211
924	482	451	1023	161	174
0	513	451	11	307	237
62	513	451	0	309	237
123	513	451	0	311	237
185	513	451	8	315	233
254	513	451	0	324	235
308	513	451	55	326	234
386	513	451	135	321	233
451	513	451	216	314	232
482	513	451	260	312	231
513	513	451	312	308	231
544	513	451	369	303	231
575	513	451	439	298	231
606	513	451	514	294	227
637	513	451	603	287	223
668	513	451	715	280	224
800	513	451	998	248	212
924	513	451	1023	187	173
0	544	451	0	348	244
62	544	451	2	348	244
123	544	451	0	350	243
185	544	451	9	356	238
254	544	451	0	365	231
308	544	451	42	369	229
386	544	451	122	364	229
451	544	451	201	358	229
482	544	451	246	356	229
513	544	451	297	353	228
544	544	451	354	347	226
575	544	451	421	343	229
606	544	451	498	336	226
637	544	451	582	331	223
668	544	451	693	323	222
800	544	451	993	291	210
924	544	451	1023	215	171
0	575	451	13	390	252
62	575	451	13	390	252
123	575	451	0	393	250
185	575	451	0	399	242
254	575	451	6	409	234
308	575	451	26	419	226
386	575	451	109	414	226
451	575	451	188	408	225
482	575	451	231	405	225
513	575	451	282	401	225
544	575	451	337	396	224
575	575	451	403	392	222
606	575	451	479	386	226
637	575	451	562	381	225
668	575	451	669	373	221
800	575	451	989	337	209
924	575	451	1023	252	172
0	606	451	9	440	260
62	606	451	6	440	260
123	606	451	7	443	256
185	606	451	9	450	249
254	606	451	7	461	237
308	606	451	9	474	224
386	606	451	96	472	223
451	606	451	173	466	222
482	606	451	216	461	222
513	606	451	265	458	221
544	606	451	321	454	220
575	606	451	383	448	221
606	606	451	458	443	219
637	606	451	541	437	221
668	606	451	645	430	219
800	606	451	983	392	210
924	606	451	1023	293	173
0	637	451	0	494	266
62	637	451	0	496	265
123	637	451	14	498	262
185	637	451	5	505	256
254	637	451	0	517	241
308	637	451	0	530	223
386	637	451	82	532	218
451	637	451	158	526	218
482	637	451	201	524	218
513	637	451	248	522	218
544	637	451	303	517	217
575	637	451	364	512	217
606	637	451	435	507	217
637	637	451	519	502	215
668	637	451	617	492	217
800	637	451	978	453	209
924	637	451	1023	338	174
0	668	451	0	551	274
62	668	451	14	551	274
123	668	451	3	555	270
185	668	451	5	563	261
254	668	451	13	578	245
308	668	451	7	597	220
386	668	451	69	605	214
451	668	451	145	600	214
482	668	451	186	597	214
513	668	451	231	592	214
544	668	451	284	589	214
575	668	451	344	582	214
606	668	451	415	578	214
637	668	451	494	572	213
668	668	451	590	563	207
800	668	451	968	521	208
924	668	451	1023	395	175
0	800	451	11	889	320
62	800	451	19	886	320
123	800	451	16	891	310
185	800	451	5	902	293
254	800	451	13	918	272
308	800	451	16	922	250
386	800	451	11	932	208
451	800	451	77	934	199
482	800	451	117	933	199
513	800	451	158	932	199
544	800	451	204	932	199
575	800	451	257	931	199
606	800	451	318	929	199
637	800	451	387	928	199
668	800	451	469	926	199
800	800	451	926	914	199
924	800	451	1023	770	180
0	924	451	8	1009	355
62	924	451	17	1009	355
123	924	451	22	1011	350
185	924	451	16	1014	335
254	924	451	5	1019	314
308	924	451	11	1023	289
386	924	451	19	1023	243
451	924	451	11	1023	193
482	924	451	44	1023	183
513	924	451	86	1023	183
544	924	451	130	1023	184
575	924	451	175	1023	184
606	924	451	226	1023	185
637	924	451	286	1023	186
668	924	451	352	1023	186
800	924	451	819	1023	189
924	924	451	1023	1006	186
0	0	482	0	10	257
62	0	482	0	4	267
123	0	482	27	0	283
185	0	482	60	0	278
254	0	482	102	0	273
308	0	482	142	0	268
386	0	482	209	0	262
451	0	482	281	0	261
482	0	482	319	0	258
513	0	482	364	0	257
544	0	482	415	0	255
575	0	482	473	0	254
606	0	482	536	0	252
637	0	482	602	7	248
668	0	482	695	6	249
800	0	482	985	0	249
924	0	482	1023	13	225
0	62	482	0	21	255
62	62	482	0	19	265
123	62	482	3	0	312
185	62	482	54	0	307
254	62	482	101	0	289
308	62	482	142	0	279
386	62	482	214	0	271
451	62	482	285	0	265
482	62	482	327	0	262
513	62	482	370	0	259
544	62	482	423	0	258
575	62	482	476	0	256
606	62	482	542	0	254
637	62	482	619	0	246
668	62	482	704	8	251
800	62	482	985	12	249
924	62	482	1023	7	221
0	123	482	0	39	249
62	123	482	0	38	260
123	123	482	0	33	306
185	123	482	49	30	311
254	123	482	96	26	307
308	123	482	142	21	303
386	123	482	222	9	295
451	123	482	302	0	284
482	123	482	344	0	276
513	123	482	392	0	272
544	123	482	448	0	267
575	123	482	506	0	264
606	123	482	572	0	260
637	123	482	653	2	250
668	123	482	740	9	256
800	123	482	991	11	249
924	123	482	1023	9	217
0	185	482	0	64	240
62	185	482	0	63	249
123	185	482	0	60	287
185	185	482	42	57	307
254	185	482	91	54	307
308	185	482	136	51	303
386	185	482	217	45	295
451	185	482	301	39	287
482	185	482	349	35	284
513	185	482	403	31	281
544	185	482	467	27	278
575	185	482	538	22	273
606	185	482	622	16	268
637	185	482	723	2	265
668	185	482	816	0	261
800	185	482	1002	3	248
924	185	482	1023	10	207
0	254	482	0	97	232
62	254	482	0	97	239
123	254	482	0	96	262
185	254	482	28	93	302
254	254	482	81	90	302
308	254	482	125	88	300
386	254	482	207	82	292
451	254	482	290	77	287
482	254	482	338	74	283
513	254	482	393	71	280
544	254	482	456	67	276
575	254	482	525	63	273
606	254	482	606	59	267
637	254	482	711	54	264
668	254	482	813	50	264
800	254	482	1012	29	246
924	254	482	1023	29	200
0	308	482	0	129	230
62	308	482	0	128	234
123	308	482	0	129	253
185	308	482	0	129	289
254	308	482	70	126	288
308	308	482	115	123	294
386	308	482	195	118	291
451	308	482	280	111	286
482	308	482	328	108	281
513	308	482	383	105	278
544	308	482	444	101	275
575	308	482	515	97	271
606	308	482	592	93	268
637	308	482	697	88	264
668	308	482	799	84	261
800	308	482	1010	65	247
924	308	482	1023	57	201
0	386	482	0	184	236
62	386	482	0	184	239
123	386	482	0	185	248
185	386	482	3	187	265
254	386	482	48	187	280
308	386	482	95	184	279
386	386	482	175	179	284
451	386	482	258	173	281
482	386	482	306	170	279
513	386	482	360	167	276
544	386	482	422	163	274
575	386	482	491	158	270
606	386	482	569	154	267
637	386	482	667	149	264
668	386	482	774	144	261
800	386	482	1007	121	246
924	386	482	1023	97	200
0	451	482	0	240	248
62	451	482	0	241	248
123	451	482	0	242	251
185	451	482	5	245	261
254	451	482	23	251	278
308	451	482	76	248	277
386	451	482	155	244	275
451	451	482	236	238	274
482	451	482	283	234	274
513	451	482	337	231	272
544	451	482	396	226	270
575	451	482	464	223	267
606	451	482	542	217	265
637	451	482	636	212	262
668	451	482	744	206	260
800	451	482	1002	179	245
924	451	482	1023	137	198
0	482	482	0	273	255
62	482	482	0	273	256
123	482	482	8	274	257
185	482	482	0	279	262
254	482	482	0	286	271
308	482	482	65	285	273
386	482	482	145	279	273
451	482	482	225	275	272
482	482	482	270	270	270
513	482	482	324	267	272
544	482	482	382	263	270
575	482	482	450	257	268
606	482	482	528	252	264
637	482	482	620	247	261
668	482	482	728	241	258
800	482	482	1000	210	245
924	482	482	1023	159	196
0	513	482	3	307	262
62	513	482	6	309	263
123	513	482	5	311	261
185	513	482	8	315	263
254	513	482	6	323	268
308	513	482	52	324	269
386	513	482	133	320	268
451	513	482	214	314	267
482	513	482	258	310	267
513	513	482	310	307	265
544	513	482	367	303	268
575	513	482	435	298	267
606	513	482	512	292	264
637	513	482	600	287	258
668	513	482	709	280	257
800	513	482	997	248	244
924	513	482	1023	184	194
0	544	482	12	346	269
62	544	482	11	347	269
123	544	482	4	350	269
185	544	482	10	354	267
254	544	482	6	364	266
308	544	482	39	368	264
386	544	482	119	364	264
451	544	482	200	359	264
482	544	482	243	354	262
513	544	482	294	352	263
544	544	482	352	347	261
575	544	482	419	341	263
606	544	482	496	336	262
637	544	482	576	331	259
668	544	482	687	323	256
800	544	482	993	290	241
924	544	482	1023	215	195
0	575	482	0	390	274
62	575	482	0	390	274
123	575	482	7	393	273
185	575	482	0	399	269
254	575	482	0	409	264
308	575	482	23	418	260
386	575	482	107	414	260
451	575	482	186	408	260
482	575	482	229	404	260
513	575	482	279	401	260
544	575	482	336	396	259
575	575	482	399	392	256
606	575	482	475	387	259
637	575	482	558	379	257
668	575	482	666	373	255
800	575	482	988	337	243
924	575	482	1023	251	196
0	606	482	14	438	284
62	606	482	12	440	284
123	606	482	11	443	282
185	606	482	10	448	277
254	606	482	0	461	267
308	606	482	0	474	257
386	606	482	95	470	256
451	606	482	171	466	256
482	606	482	214	461	256
513	606	482	263	458	255
544	606	482	319	454	254
575	606	482	380	448	254
606	606	482	456	443	252
637	606	482	539	437	256
668	606	482	642	430	253
800	606	482	982	392	242
924	606	482	1023	293	198
0	637	482	11	494	293
62	637	482	4	494	293
123	637	482	0	499	290
185	637	482	7	505	283
254	637	482	12	515	272
308	637	482	9	528	257
386	637	482	80	532	252
451	637	482	156	526	252
482	637	482	199	524	251
513	637	482	246	520	251
544	637	482	300	517	251
575	637	482	363	512	250
606	637	482	433	507	251
637	637	482	515	500	250
668	637	482	615	492	250
800	637	482	977	453	242
924	637	482	1023	340	199
0	668	482	2	551	298
62	668	482	16	551	298
123	668	482	9	555	295
185	668	482	6	563	292
254	668	482	11	576	271
308	668	482	0	594	250
386	668	482	67	605	246
451	668	482	143	600	246
482	668	482	183	597	246
513	668	482	229	592	246
544	668	482	283	589	246
575	668	482	341	582	245
606	668	482	411	575	246
637	668	482	489	572	245
668	668	482	587	563	239
800	668	482	968	521	241
924	668	482	1023	394	199
0	800	482	13	886	342
62	800	482	0	889	338
123	800	482	17	891	334
185	800	482	1	902	317
254	800	482	10	915	312
308	800	482	13	922	280
386	800	482	0	932	237
451	800	482	75	934	229
482	800	482	115	933	229
513	800	482	156	932	229
544	800	482	202	932	230
575	800	482	256	931	230
606	800	482	315	929	230
637	800	482	386	928	230
668	800	482	465	926	230
800	800	482	925	913	229
924	800	482	1023	771	205
0	924	482	7	1009	385
62	924	482	17	1009	385
123	924	482	22	1010	382
185	924	482	14	1014	366
254	924	482	0	1019	346
308	924	482	0	1023	322
386	924	482	14	1023	273
451	924	482	0	1023	221
482	924	482	42	1023	210
513	924	482	84	1023	211
544	924	482	128	1023	211
575	924	482	174	1023	212
606	924	482	225	1023	213
637	924	482	284	1023	214
668	924	482	351	1023	215
800	924	482	816	1023	218
924	924	482	1023	1007	215
0	0	513	0	12	283
62	0	513	0	7	297
123	0	513	26	0	315
185	0	513	58	0	312
254	0	513	100	0	307
308	0	513	139	0	303
386	0	513	208	0	295
451	0	513	278	0	294
482	0	513	320	0	293
513	0	513	361	0	290
544	0	513	412	0	289
575	0	513	471	0	287
606	0	513	533	0	285
637	0	513	598	8	282
668	0	513	692	7	282
800	0	513	984	0	270
924	0	513	1023	13	252
0	62	513	0	21	284
62	62	513	0	18	296
123	62	513	0	0	349
185	62	513	51	0	343
254	62	513	98	0	327
308	62	513	140	0	316
386	62	513	210	0	304
451	62	513	283	0	300
482	62	513	325	0	297
513	62	513	367	0	293
544	62	513	421	0	292
575	62	513	476	3	289
606	62	513	540	0	287
637	62	513	615	0	280
668	62	513	700	8	285
800	62	513	986	0	270
924	62	513	1023	8	249
0	123	513	0	39	277
62	123	513	0	38	290
123	123	513	0	32	340
185	123	513	45	29	351
254	123	513	93	25	349
308	123	513	138	20	344
386	123	513	219	7	338
451	123	513	298	0	325
482	123	513	341	0	314
513	123	513	389	0	310
544	123	513	444	0	305
575	123	513	504	0	300
606	123	513	569	0	297
637	123	513	649	0	284
668	123	513	737	9	291
800	123	513	990	11	285
924	123	513	1023	9	243
0	185	513	0	64	264
62	185	513	0	63	276
123	185	513	0	60	318
185	185	513	38	56	349
254	185	513	87	54	348
308	185	513	133	50	344
386	185	513	212	44	336
451	185	513	298	38	328
482	185	513	346	35	326
513	185	513	401	30	323
544	185	513	465	27	319
575	185	513	533	22	314
606	185	513	617	15	308
637	185	513	719	0	305
668	185	513	804	9	300
800	185	513	1002	0	281
924	185	513	1023	10	235
0	254	513	0	97	261
62	254	513	0	97	263
123	254	513	0	95	295
185	254	513	24	92	345
254	254	513	78	90	344
308	254	513	122	88	341
386	254	513	203	82	335
451	254	513	287	76	329
482	254	513	335	73	325
513	254	513	391	70	321
544	254	513	454	66	318
575	254	513	523	63	313
606	254	513	603	58	307
637	254	513	705	54	304
668	254	513	810	50	304
800	254	513	1011	29	283
924	254	513	1023	28	227
0	308	513	0	128	251
62	308	513	0	128	258
123	308	513	0	129	282
185	308	513	0	127	331
254	308	513	66	124	338
308	308	513	112	122	337
386	308	513	192	117	331
451	308	513	276	111	326
482	308	513	325	108	323
513	308	513	379	104	320
544	308	513	442	101	318
575	308	513	511	96	313
606	308	513	587	92	309
637	308	513	691	89	304
668	308	513	796	84	300
800	308	513	1010	65	283
924	308	513	1023	57	228
0	386	513	0	184	258
62	386	513	3	183	261
123	386	513	0	184	276
185	386	513	0	187	299
254	386	513	46	186	320
308	386	513	92	184	321
386	386	513	172	178	325
451	386	513	255	173	322
482	386	513	304	169	320
513	386	513	357	166	317
544	386	513	418	162	313
575	386	513	487	158	312
606	386	513	564	153	308
637	386	513	664	148	303
668	386	513	769	144	300
800	386	513	1006	121	282
924	386	513	1023	94	226
0	451	513	7	240	279
62	451	513	0	241	274
123	451	513	6	242	275
185	451	513	3	245	291
254	451	513	17	250	318
308	451	513	73	248	318
386	451	513	153	243	314
451	451	513	234	237	316
482	451	513	281	233	314
513	451	513	334	231	312
544	451	513	394	225	310
575	451	513	461	223	309
606	451	513	539	217	305
637	451	513	632	212	302
668	451	513	740	206	298
800	451	513	1001	179	281
924	451	513	1023	137	224
0	482	513	9	272	277
62	482	513	0	273	280
123	482	513	0	275	282
185	482	513	0	279	292
254	482	513	0	285	312
308	482	513	62	285	314
386	482	513	142	279	312
451	482	513	223	275	311
482	482	513	268	270	311
513	482	513	321	267	311
544	482	513	380	262	308
575	482	513	448	257	307
606	482	513	524	252	303
637	482	513	613	246	300
668	482	513	725	240	297
800	482	513	999	210	280
924	482	513	1023	159	223
0	513	513	0	309	286
62	513	513	0	309	287
123	513	513	11	310	290
185	513	513	9	315	294
254	513	513	0	323	305
308	513	513	50	324	310
386	513	513	131	319	309
451	513	513	211	314	308
482	513	513	256	310	307
513	513	513	307	307	307
544	513	513	364	303	307
575	513	513	433	298	306
606	513	513	508	292	304
637	513	513	593	287	299
668	513	513	705	280	296
800	513	513	997	249	280
924	513	513	1023	184	220
0	544	513	0	347	294
62	544	513	0	347	295
123	544	513	11	350	297
185	544	513	11	354	297
254	544	513	0	363	301
308	544	513	36	368	304
386	544	513	117	364	305
451	544	513	198	359	304
482	544	513	241	354	304
513	544	513	292	351	302
544	544	513	349	346	301
575	544	513	415	342	303
606	544	513	492	336	302
637	544	513	573	331	300
668	544	513	684	323	295
800	544	513	992	290	279
924	544	513	1023	215	223
0	575	513	12	389	303
62	575	513	10	390	303
123	575	513	12	393	304
185	575	513	0	398	300
254	575	513	10	408	302
308	575	513	18	418	300
386	575	513	105	413	300
451	575	513	183	408	299
482	575	513	226	404	299
513	575	513	277	400	298
544	575	513	333	397	299
575	575	513	397	391	297
606	575	513	473	384	299
637	575	513	556	379	297
668	575	513	664	373	294
800	575	513	987	337	278
924	575	513	1023	252	224
0	606	513	2	440	309
62	606	513	0	440	309
123	606	513	0	443	309
185	606	513	12	448	307
254	606	513	0	461	299
308	606	513	0	472	297
386	606	513	92	470	296
451	606	513	168	464	295
482	606	513	212	461	296
513	606	513	259	456	294
544	606	513	316	454	294
575	606	513	378	448	293
606	606	513	452	444	291
637	606	513	535	437	294
668	606	513	637	429	290
800	606	513	982	391	277
924	606	513	1023	293	225
0	637	513	15	492	318
62	637	513	12	494	318
123	637	513	0	498	316
185	637	513	9	503	313
254	637	513	9	515	304
308	637	513	0	528	296
386	637	513	78	532	291
451	637	513	155	526	292
482	637	513	198	524	292
513	637	513	244	520	291
544	637	513	297	517	290
575	637	513	360	512	289
606	637	513	430	505	288
637	637	513	513	500	287
668	637	513	611	492	290
800	637	513	975	453	277
924	637	513	1023	341	227
0	668	513	11	551	327
62	668	513	0	551	327
123	668	513	13	555	325
185	668	513	9	561	321
254	668	513	9	576	299
308	668	513	9	594	284
386	668	513	65	605	283
451	668	513	141	600	285
482	668	513	182	594	285
513	668	513	227	592	285
544	668	513	280	585	284
575	668	513	338	582	284
606	668	513	410	575	283
637	668	513	488	569	284
668	668	513	581	561	276
800	668	513	966	521	277
924	668	513	1023	395	228
0	800	513	15	886	365
62	800	513	0	889	382
123	800	513	18	891	380
185	800	513	3	902	364
254	800	513	8	915	342
308	800	513	9	922	313
386	800	513	12	932	276
451	800	513	73	934	264
482	800	513	113	933	264
513	800	513	154	932	265
544	800	513	200	932	265
575	800	513	253	930	265
606	800	513	312	929	265
637	800	513	383	928	265
668	800	513	463	926	265
800	800	513	924	913	264
924	800	513	1023	769	235
0	924	513	8	1009	418
62	924	513	17	1009	418
123	924	513	22	1010	413
185	924	513	14	1014	404
254	924	513	21	1017	385
308	924	513	21	1022	360
386	924	513	9	1023	308
451	924	513	15	1023	259
482	924	513	40	1023	243
513	924	513	82	1023	243
544	924	513	126	1023	243
575	924	513	172	1023	245
606	924	513	223	1023	247
637	924	513	281	1023	247
668	924	513	349	1023	249
800	924	513	816	1023	253
924	924	513	1023	1008	248
0	0	544	0	12	317
62	0	544	0	6	332
123	0	544	22	0	355
185	0	544	56	0	351
254	0	544	98	0	338
308	0	544	138	0	341
386	0	544	205	0	327
451	0	544	277	0	330
482	0	544	317	0	329
513	0	544	360	0	326
544	0	544	410	0	325
575	0	544	468	0	323
606	0	544	531	0	322
637	0	544	595	9	319
668	0	544	688	8	318
800	0	544	984	0	306
924	0	544	1023	14	281
0	62	544	0	22	313
62	62	544	0	19	329
123	62	544	0	0	381
185	62	544	49	0	382
254	62	544	95	0	365
308	62	544	137	0	353
386	62	544	208	0	343
451	62	544	280	0	339
482	62	544	321	0	336
513	62	544	365	0	331
544	62	544	419	0	331
575	62	544	474	4	326
606	62	544	537	0	324
637	62	544	612	0	317
668	62	544	697	9	321
800	62	544	986	0	306
924	62	544	1023	9	278
0	123	544	0	39	309
62	123	544	0	38	320
123	123	544	0	33	371
185	123	544	42	28	398
254	123	544	89	24	398
308	123	544	135	19	393
386	123	544	215	3	385
451	123	544	294	0	365
482	123	544	337	0	358
513	123	544	387	0	353
544	123	544	441	0	347
575	123	544	502	0	341
606	123	544	566	0	337
637	123	544	646	0	322
668	123	544	734	9	329
800	123	544	990	11	322
924	123	544	1023	10	273
0	185	544	0	63	302
62	185	544	0	63	307
123	185	544	0	59	348
185	185	544	34	55	397
254	185	544	84	53	395
308	185	544	129	50	391
386	185	544	209	44	384
451	185	544	294	38	378
482	185	544	342	34	373
513	185	544	398	30	369
544	185	544	460	26	366
575	185	544	531	21	359
606	185	544	612	14	355
637	185	544	716	0	348
668	185	544	802	7	343
800	185	544	1001	0	321
924	185	544	1023	10	263
0	254	544	0	96	293
62	254	544	0	96	297
123	254	544	0	94	331
185	254	544	17	91	391
254	254	544	75	89	391
308	254	544	119	87	389
386	254	544	200	81	383
451	254	544	284	76	376
482	254	544	332	72	372
513	254	544	388	69	368
544	254	544	449	66	363
575	254	544	519	62	360
606	254	544	598	58	353
637	254	544	702	54	348
668	254	544	807	49	347
800	254	544	1011	29	323
924	254	544	1023	28	256
0	308	544	0	128	290
62	308	544	0	128	294
123	308	544	0	128	314
185	308	544	0	126	371
254	308	544	63	124	385
308	308	544	109	121	383
386	308	544	189	116	379
451	308	544	273	110	375
482	308	544	321	107	371
513	308	544	376	104	367
544	308	544	438	100	363
575	308	544	509	96	358
606	308	544	585	92	353
637	308	544	688	88	347
668	308	544	793	84	343
800	308	544	1009	64	324
924	308	544	1023	53	254
0	386	544	0	183	286
62	386	544	0	183	289
123	386	544	0	184	307
185	386	544	4	185	333
254	386	544	42	185	367
308	386	544	90	183	367
386	386	544	169	178	372
451	386	544	253	172	367
482	386	544	301	169	367
513	386	544	354	166	365
544	386	544	414	161	360
575	386	544	485	158	356
606	386	544	562	153	352
637	386	544	658	148	347
668	386	544	766	144	342
800	386	544	1006	121	322
924	386	544	1023	94	254
0	451	544	0	240	304
62	451	544	7	240	306
123	451	544	0	241	310
185	451	544	0	244	326
254	451	544	10	249	362
308	451	544	71	246	362
386	451	544	151	243	361
451	451	544	231	237	362
482	451	544	277	233	362
513	451	544	331	230	359
544	451	544	390	225	356
575	451	544	458	221	352
606	451	544	535	217	349
637	451	544	626	211	344
668	451	544	737	206	340
800	451	544	1001	179	322
924	451	544	1023	137	254
0	482	544	4	272	308
62	482	544	6	273	310
123	482	544	7	274	314
185	482	544	0	277	325
254	482	544	0	284	354
308	482	544	59	283	360
386	482	544	139	279	356
451	482	544	221	272	354
482	482	544	266	269	357
513	482	544	317	266	355
544	482	544	377	261	352
575	482	544	445	256	350
606	482	544	520	252	348
637	482	544	609	246	343
668	482	544	718	240	339
800	482	544	999	211	322
924	482	544	1023	159	252
0	513	544	8	307	313
62	513	544	9	309	314
123	513	544	0	311	318
185	513	544	11	315	326
254	513	544	0	321	346
308	513	544	47	323	355
386	513	544	128	319	354
451	513	544	208	312	352
482	513	544	252	310	352
513	513	544	303	306	351
544	513	544	361	302	350
575	513	544	429	296	348
606	513	544	506	292	345
637	513	544	589	285	341
668	513	544	702	279	337
800	513	544	996	249	321
924	513	544	1023	184	252
0	544	544	13	346	321
62	544	544	12	347	321
123	544	544	0	350	326
185	544	544	0	354	329
254	544	544	7	363	340
308	544	544	33	367	349
386	544	544	114	362	348
451	544	544	195	356	349
482	544	544	238	354	348
513	544	544	289	351	348
544	544	544	346	346	346
575	544	544	411	342	348
606	544	544	488	337	346
637	544	544	569	330	342
668	544	544	681	323	337
800	544	544	992	290	319
924	544	544	1023	215	253
0	575	544	0	390	329
62	575	544	0	390	331
123	575	544	0	393	332
185	575	544	2	398	332
254	575	544	5	408	338
308	575	544	12	418	343
386	575	544	103	411	344
451	575	544	181	406	344
482	575	544	224	403	344
513	575	544	274	400	342
544	575	544	331	395	341
575	575	544	394	390	339
606	575	544	469	384	343
637	575	544	551	379	341
668	575	544	658	373	336
800	575	544	987	337	319
924	575	544	1023	252	254
0	606	544	13	438	338
62	606	544	9	440	338
123	606	544	3	443	340
185	606	544	14	448	337
254	606	544	11	459	338
308	606	544	4	470	338
386	606	544	90	470	338
451	606	544	165	465	338
482	606	544	210	461	337
513	606	544	257	456	337
544	606	544	313	452	336
575	606	544	375	448	337
606	606	544	450	444	335
637	606	544	533	435	337
668	606	544	634	428	334
800	606	544	981	390	318
924	606	544	1023	293	257
0	637	544	3	494	344
62	637	544	0	496	344
123	637	544	11	498	344
185	637	544	12	503	344
254	637	544	6	515	336
308	637	544	7	526	336
386	637	544	76	530	333
451	637	544	153	526	333
482	637	544	195	522	333
513	637	544	241	520	334
544	637	544	295	515	333
575	637	544	356	512	331
606	637	544	428	505	331
637	637	544	509	500	328
668	637	544	606	492	331
800	637	544	974	451	317
924	637	544	1023	340	259
0	668	544	16	550	355
62	668	544	11	551	355
123	668	544	16	553	354
185	668	544	11	561	352
254	668	544	7	576	332
308	668	544	0	592	319
386	668	544	62	605	325
451	668	544	139	597	325
482	668	544	179	594	327
513	668	544	224	592	327
544	668	544	278	585	327
575	668	544	336	582	326
606	668	544	406	575	325
637	668	544	484	568	325
668	668	544	579	561	316
800	668	544	966	520	316
924	668	544	1023	395	260
0	800	544	17	886	411
62	800	544	7	889	409
123	800	544	19	891	406
185	800	544	6	902	394
254	800	544	6	915	372
308	800	544	0	922	352
386	800	544	0	932	315
451	800	544	71	934	304
482	800	544	111	933	305
513	800	544	152	932	305
544	800	544	198	932	305
575	800	544	250	930	305
606	800	544	310	929	305
637	800	544	379	927	305
668	800	544	459	926	304
800	800	544	924	913	304
924	800	544	1023	772	271
0	924	544	10	1009	459
62	924	544	18	1009	459
123	924	544	22	1010	455
185	924	544	13	1014	441
254	924	544	20	1017	422
308	924	544	19	1022	404
386	924	544	0	1023	347
451	924	544	9	1023	295
482	924	544	38	1023	280
513	924	544	80	1023	280
544	924	544	124	1023	281
575	924	544	169	1023	282
606	924	544	220	1023	283
637	924	544	280	1023	285
668	924	544	347	1023	285
800	924	544	813	1023	291
924	924	544	1023	1009	287
0	0	575	0	12	354
62	0	575	0	9	366
123	0	575	22	0	390
185	0	575	56	0	387
254	0	575	95	0	381
308	0	575	135	0	372
386	0	575	204	0	367
451	0	575	275	0	372
482	0	575	315	0	372
513	0	575	357	2	365
544	0	575	409	0	365
575	0	575	465	0	365
606	0	575	529	0	362
637	0	575	600	0	357
668	0	575	685	9	358
800	0	575	983	0	345
924	0	575	1023	14	315
0	62	575	0	21	348
62	62	575	0	18	365
123	62	575	0	0	424
185	62	575	47	0	425
254	62	575	92	0	413
308	62	575	135	0	398
386	62	575	205	0	386
451	62	575	278	0	380
482	62	575	319	0	380
513	62	575	363	0	373
544	62	575	417	0	372
575	62	575	471	5	369
606	62	575	535	0	366
637	62	575	609	0	359
668	62	575	694	9	361
800	62	575	985	0	345
924	62	575	1023	9	312
0	123	575	0	38	346
62	123	575	0	38	357
123	123	575	0	32	412
185	123	575	37	27	453
254	123	575	86	23	450
308	123	575	130	18	446
386	123	575	210	0	439
451	123	575	290	0	415
482	123	575	335	0	406
513	123	575	380	4	397
544	123	575	434	5	392
575	123	575	498	0	388
606	123	575	562	0	381
637	123	575	643	0	366
668	123	575	731	9	372
800	123	575	989	11	361
924	123	575	1023	10	307
0	185	575	0	63	336
62	185	575	0	62	342
123	185	575	0	59	388
185	185	575	29	54	450
254	185	575	80	51	447
308	185	575	124	49	446
386	185	575	205	43	439
451	185	575	290	37	431
482	185	575	339	33	425
513	185	575	394	29	422
544	185	575	456	25	417
575	185	575	527	20	410
606	185	575	609	13	406
637	185	575	711	0	398
668	185	575	796	5	391
800	185	575	1001	0	355
924	185	575	1023	10	297
0	254	575	0	96	323
62	254	575	0	95	334
123	254	575	0	94	369
185	254	575	8	90	446
254	254	575	71	88	444
308	254	575	115	85	442
386	254	575	196	80	436
451	254	575	280	75	429
482	254	575	328	72	426
513	254	575	384	69	422
544	254	575	445	65	416
575	254	575	515	62	411
606	254	575	595	57	402
637	254	575	697	53	398
668	254	575	802	49	396
800	254	575	1010	28	373
924	254	575	1023	28	287
0	308	575	0	128	317
62	308	575	0	128	326
123	308	575	0	127	352
185	308	575	0	125	411
254	308	575	60	122	439
308	308	575	106	120	437
386	308	575	185	116	434
451	308	575	270	109	427
482	308	575	318	107	424
513	308	575	372	103	419
544	308	575	434	99	415
575	308	575	504	96	409
606	308	575	580	92	404
637	308	575	682	88	399
668	308	575	787	83	394
800	308	575	1009	64	370
924	308	575	1023	53	286
0	386	575	6	183	319
62	386	575	0	183	325
123	386	575	0	183	338
185	386	575	0	184	373
254	386	575	38	184	418
308	386	575	87	182	418
386	386	575	166	177	427
451	386	575	248	171	422
482	386	575	297	168	419
513	386	575	351	165	416
544	386	575	409	161	411
575	386	575	481	157	406
606	386	575	557	152	401
637	386	575	655	148	398
668	386	575	762	143	394
800	386	575	1005	121	368
924	386	575	1023	94	287
0	451	575	0	239	332
62	451	575	0	239	335
123	451	575	6	241	341
185	451	575	0	244	363
254	451	575	7	249	414
308	451	575	67	246	413
386	451	575	147	241	413
451	451	575	228	235	415
482	451	575	275	232	413
513	451	575	328	229	410
544	451	575	386	225	406
575	451	575	454	221	401
606	451	575	530	216	397
637	451	575	623	211	395
668	451	575	731	206	391
800	451	575	1000	179	368
924	451	575	1023	137	287
0	482	575	0	271	338
62	482	575	0	272	340
123	482	575	0	273	348
185	482	575	0	277	360
254	482	575	0	283	400
308	482	575	56	283	407
386	482	575	137	277	406
451	482	575	217	272	404
482	482	575	261	268	407
513	482	575	314	265	407
544	482	575	373	261	404
575	482	575	440	256	401
606	482	575	516	251	397
637	482	575	604	246	393
668	482	575	715	240	389
800	482	575	998	210	370
924	482	575	1023	159	286
0	513	575	0	307	346
62	513	575	0	308	347
123	513	575	10	309	354
185	513	575	0	314	361
254	513	575	5	321	389
308	513	575	44	322	405
386	513	575	125	317	403
451	513	575	205	311	399
482	513	575	249	308	399
513	513	575	301	305	402
544	513	575	358	301	399
575	513	575	425	296	397
606	513	575	502	292	394
637	513	575	584	286	391
668	513	575	695	279	387
800	513	575	994	248	366
924	513	575	1023	184	285
0	544	575	8	347	353
62	544	575	5	347	355
123	544	575	9	350	356
185	544	575	0	354	363
254	544	575	0	361	382
308	544	575	29	366	400
386	544	575	112	361	400
451	544	575	192	356	397
482	544	575	236	352	396
513	544	575	287	350	396
544	544	575	343	346	394
575	544	575	407	342	394
606	544	575	484	335	392
637	544	575	567	330	388
668	544	575	676	322	384
800	544	575	991	290	366
924	544	575	1023	215	287
0	575	575	13	388	358
62	575	575	10	390	360
123	575	575	10	392	363
185	575	575	8	397	365
254	575	575	0	407	379
308	575	575	0	417	392
386	575	575	101	411	392
451	575	575	179	405	392
482	575	575	222	401	393
513	575	575	272	399	391
544	575	575	327	394	391
575	575	575	390	390	390
606	575	575	465	384	391
637	575	575	548	379	389
668	575	575	654	372	383
800	575	575	986	336	365
924	575	575	1023	252	290
0	606	575	0	439	367
62	606	575	0	439	369
123	606	575	12	443	370
185	606	575	0	448	373
254	606	575	8	459	378
308	606	575	9	470	385
386	606	575	87	468	387
451	606	575	163	463	388
482	606	575	207	458	388
513	606	575	254	456	387
544	606	575	310	452	385
575	606	575	372	446	384
606	606	575	444	440	382
637	606	575	528	434	386
668	606	575	628	428	383
800	606	575	980	390	363
924	606	575	1023	294	291
0	637	575	13	492	378
62	637	575	8	494	378
123	637	575	15	496	380
185	637	575	14	503	381
254	637	575	0	515	381
308	637	575	0	526	383
386	637	575	74	530	382
451	637	575	150	526	382
482	637	575	193	522	382
513	637	575	238	519	382
544	637	575	292	515	380
575	637	575	353	509	379
606	637	575	424	505	380
637	637	575	507	501	377
668	637	575	603	490	380
800	637	575	973	451	364
924	637	575	1023	341	294
0	668	575	4	551	386
62	668	575	16	551	386
123	668	575	0	555	386
185	668	575	14	561	386
254	668	575	4	576	365
308	668	575	11	589	382
386	668	575	60	605	375
451	668	575	137	597	374
482	668	575	176	594	374
513	668	575	221	592	374
544	668	575	274	585	376
575	668	575	333	579	375
606	668	575	403	576	375
637	668	575	482	567	373
668	668	575	573	561	363
800	668	575	965	520	363
924	668	575	1023	397	297
0	800	575	20	883	439
62	800	575	12	886	436
123	800	575	0	891	430
185	800	575	9	899	422
254	800	575	5	915	432
308	800	575	0	922	393
386	800	575	14	931	360
451	800	575	69	934	349
482	800	575	108	933	349
513	800	575	150	932	350
544	800	575	196	931	350
575	800	575	248	930	350
606	800	575	307	929	350
637	800	575	376	927	350
668	800	575	456	926	350
800	800	575	923	913	348
924	800	575	1023	776	311
0	924	575	13	1009	498
62	924	575	20	1009	498
123	924	575	0	1011	489
185	924	575	14	1013	482
254	924	575	20	1017	469
308	924	575	17	1022	447
386	924	575	17	1023	392
451	924	575	18	1023	340
482	924	575	35	1023	320
513	924	575	79	1023	322
544	924	575	122	1023	322
575	924	575	168	1023	324
606	924	575	217	1023	326
637	924	575	276	1023	325
668	924	575	344	1023	327
800	924	575	808	1023	334
924	924	575	1023	1010	330
0	0	606	0	14	385
62	0	606	0	11	400
123	0	606	18	0	439
185	0	606	53	0	434
254	0	606	94	0	426
308	0	606	132	0	419
386	0	606	200	0	414
451	0	606	273	0	417
482	0	606	313	0	417
513	0	606	356	3	410
544	0	606	406	0	409
575	0	606	463	0	409
606	0	606	527	0	408
637	0	606	600	0	403
668	0	606	682	10	402
800	0	606	983	2	391
924	0	606	1023	0	348
0	62	606	0	21	387
62	62	606	0	19	401
123	62	606	0	7	463
185	62	606	43	0	479
254	62	606	90	0	457
308	62	606	131	0	448
386	62	606	203	0	435
451	62	606	276	0	427
482	62	606	314	3	422
513	62	606	361	0	420
544	62	606	414	0	419
575	62	606	469	6	413
606	62	606	533	0	411
637	62	606	606	0	405
668	62	606	702	0	404
800	62	606	985	0	390
924	62	606	1023	10	348
0	123	606	0	39	384
62	123	606	0	38	395
123	123	606	0	32	455
185	123	606	32	26	511
254	123	606	82	22	509
308	123	606	125	17	505
386	123	606	207	0	499
451	123	606	286	0	470
482	123	606	328	0	457
513	123	606	378	0	449
544	123	606	431	3	443
575	123	606	489	7	435
606	123	606	560	0	432
637	123	606	640	0	416
668	123	606	728	9	419
800	123	606	989	12	407
924	123	606	1023	11	343
0	185	606	0	62	371
62	185	606	0	62	384
123	185	606	0	58	435
185	185	606	24	53	509
254	185	606	76	51	508
308	185	606	120	48	505
386	185	606	201	42	499
451	185	606	285	36	490
482	185	606	333	32	486
513	185	606	389	29	481
544	185	606	451	25	477
575	185	606	521	19	472
606	185	606	603	12	464
637	185	606	699	8	454
668	185	606	793	0	444
800	185	606	1000	0	406
924	185	606	1023	10	333
0	254	606	0	96	363
62	254	606	0	95	374
123	254	606	0	94	406
185	254	606	0	89	498
254	254	606	67	87	503
308	254	606	112	84	501
386	254	606	192	80	497
451	254	606	275	74	491
482	254	606	325	72	486
513	254	606	379	68	481
544	254	606	440	65	475
575	254	606	511	60	470
606	254	606	588	57	463
637	254	606	694	53	455
668	254	606	798	49	455
800	254	606	1010	28	427
924	254	606	1023	24	322
0	308	606	0	127	354
62	308	606	0	127	364
123	308	606	0	127	392
185	308	606	0	124	460
254	308	606	56	121	501
308	308	606	102	119	499
386	308	606	180	114	495
451	308	606	265	109	487
482	308	606	313	106	485
513	308	606	368	102	478
544	308	606	429	99	473
575	308	606	499	95	469
606	308	606	574	91	464
637	308	606	678	87	456
668	308	606	783	83	450
800	308	606	1008	64	426
924	308	606	1023	53	323
0	386	606	0	182	354
62	386	606	8	182	358
123	386	606	6	183	373
185	386	606	0	184	419
254	386	606	34	183	480
308	386	606	84	179	480
386	386	606	164	176	485
451	386	606	246	170	482
482	386	606	293	168	479
513	386	606	346	164	475
544	386	606	405	161	472
575	386	606	475	156	466
606	386	606	551	152	462
637	386	606	647	148	456
668	386	606	755	143	451
800	386	606	1003	120	424
924	386	606	1023	94	324
0	451	606	10	239	370
62	451	606	0	240	368
123	451	606	0	241	379
185	451	606	0	243	407
254	451	606	0	247	469
308	451	606	64	245	472
386	451	606	144	241	471
451	451	606	225	234	473
482	451	606	271	232	472
513	451	606	324	229	468
544	451	606	383	224	467
575	451	606	449	220	462
606	451	606	528	215	458
637	451	606	617	210	452
668	451	606	728	205	447
800	451	606	1000	178	423
924	451	606	1023	135	323
0	482	606	11	271	369
62	482	606	11	271	372
123	482	606	7	273	383
185	482	606	0	277	405
254	482	606	2	281	452
308	482	606	53	280	465
386	482	606	133	276	464
451	482	606	215	271	464
482	482	606	259	268	467
513	482	606	311	264	465
544	482	606	369	260	462
575	482	606	436	256	459
606	482	606	514	250	454
637	482	606	601	245	451
668	482	606	709	239	447
800	482	606	998	210	423
924	482	606	1023	155	322
0	513	606	12	306	376
62	513	606	12	308	378
123	513	606	0	309	391
185	513	606	0	313	403
254	513	606	10	319	436
308	513	606	40	320	459
386	513	606	121	316	459
451	513	606	202	311	457
482	513	606	247	308	456
513	513	606	297	305	460
544	513	606	354	301	459
575	513	606	421	296	457
606	513	606	497	291	453
637	513	606	581	286	449
668	513	606	692	279	444
800	513	606	993	248	421
924	513	606	1023	184	323
0	544	606	0	347	386
62	544	606	0	347	389
123	544	606	0	350	396
185	544	606	2	354	398
254	544	606	9	360	429
308	544	606	25	365	457
386	544	606	109	361	457
451	544	606	188	356	454
482	544	606	232	352	452
513	544	606	283	348	451
544	544	606	340	344	454
575	544	606	404	339	452
606	544	606	480	334	449
637	544	606	563	330	445
668	544	606	673	322	442
800	544	606	991	289	419
924	544	606	1023	215	326
0	575	606	6	389	395
62	575	606	0	389	396
123	575	606	0	391	396
185	575	606	12	396	404
254	575	606	12	404	424
308	575	606	0	415	450
386	575	606	97	410	452
451	575	606	175	405	450
482	575	606	219	401	450
513	575	606	267	398	448
544	575	606	324	394	448
575	575	606	387	390	445
606	575	606	460	384	446
637	575	606	543	378	443
668	575	606	648	372	439
800	575	606	985	336	419
924	575	606	1023	252	329
0	606	606	13	439	400
62	606	606	9	439	402
123	606	606	0	443	406
185	606	606	4	448	412
254	606	606	5	457	424
308	606	606	0	468	440
386	606	606	84	466	443
451	606	606	161	462	443
482	606	606	204	458	443
513	606	606	251	454	444
544	606	606	307	452	444
575	606	606	369	446	442
606	606	606	440	440	440
637	606	606	523	434	442
668	606	606	625	428	438
800	606	606	980	390	417
924	606	606	1023	294	331
0	637	606	0	494	412
62	637	606	15	494	414
123	637	606	2	498	416
185	637	606	0	503	422
254	637	606	0	513	426
308	637	606	5	524	434
386	637	606	71	530	438
451	637	606	148	524	439
482	637	606	190	522	438
513	637	606	236	517	438
544	637	606	290	515	437
575	637	606	350	509	436
606	637	606	421	504	435
637	637	606	500	496	431
668	637	606	597	491	436
800	637	606	972	451	416
924	637	606	1023	341	334
0	668	606	14	550	424
62	668	606	6	551	424
123	668	606	11	555	426
185	668	606	16	561	430
254	668	606	0	573	427
308	668	606	2	589	429
386	668	606	56	602	432
451	668	606	134	597	430
482	668	606	174	594	430
513	668	606	219	589	430
544	668	606	272	585	430
575	668	606	329	579	430
606	668	606	399	572	428
637	668	606	478	568	429
668	668	606	570	561	416
800	668	606	964	519	414
924	668	606	1023	397	337
0	800	606	6	886	493
62	800	606	16	886	493
123	800	606	9	891	490
185	800	606	12	899	484
254	800	606	5	915	470
308	800	606	17	921	438
386	800	606	5	931	409
451	800	606	67	933	400
482	800	606	105	932	400
513	800	606	148	932	400
544	800	606	194	931	402
575	800	606	245	930	402
606	800	606	304	928	402
637	800	606	373	927	402
668	800	606	452	926	401
800	800	606	921	913	400
924	800	606	1023	779	354
0	924	606	16	1009	539
62	924	606	21	1009	540
123	924	606	0	1011	530
185	924	606	15	1013	529
254	924	606	19	1017	514
308	924	606	16	1021	493
386	924	606	14	1023	442
451	924	606	13	1023	387
482	924	606	32	1023	366
513	924	606	76	1023	366
544	924	606	120	1023	370
575	924	606	165	1023	370
606	924	606	216	1023	371
637	924	606	273	1023	373
668	924	606	341	1023	375
800	924	606	804	1023	382
924	924	606	1023	1010	378
0	0	637	0	14	431
62	0	637	0	11	446
123	0	637	14	0	490
185	0	637	51	0	484
254	0	637	91	0	479
308	0	637	130	0	471
386	0	637	199	0	465
451	0	637	271	0	466
482	0	637	310	0	466
513	0	637	353	4	461
544	0	637	405	0	460
575	0	637	460	0	459
606	0	637	525	0	453
637	0	637	597	0	455
668	0	637	682	10	449
800	0	637	983	5	441
924	0	637	1023	0	390
0	62	637	0	21	430
62	62	637	0	19	446
123	62	637	0	8	507
185	62	637	42	0	528
254	62	637	87	0	511
308	62	637	127	0	503
386	62	637	200	0	484
451	62	637	272	0	479
482	62	637	312	3	474
513	62	637	358	0	473
544	62	637	411	0	471
575	62	637	465	7	465
606	62	637	529	0	464
637	62	637	606	0	459
668	62	637	699	0	456
800	62	637	985	0	441
924	62	637	1023	11	390
0	123	637	0	39	419
62	123	637	0	38	437
123	123	637	0	33	494
185	123	637	27	25	572
254	123	637	78	21	572
308	123	637	121	15	571
386	123	637	201	0	558
451	123	637	280	0	525
482	123	637	324	0	518
513	123	637	373	0	509
544	123	637	427	0	500
575	123	637	486	6	492
606	123	637	557	0	487
637	123	637	636	0	471
668	123	637	724	8	473
800	123	637	989	12	457
924	123	637	1023	11	385
0	185	637	0	62	411
62	185	637	0	61	428
123	185	637	0	58	480
185	185	637	17	51	572
254	185	637	73	49	572
308	185	637	116	47	571
386	185	637	197	41	564
451	185	637	280	35	556
482	185	637	329	31	554
513	185	637	385	28	549
544	185	637	447	24	543
575	185	637	517	18	537
606	185	637	596	10	528
637	185	637	692	5	518
668	185	637	786	0	507
800	185	637	1000	0	460
924	185	637	1023	10	373
0	254	637	0	95	401
62	254	637	0	95	414
123	254	637	0	93	454
185	254	637	0	88	555
254	254	637	63	85	568
308	254	637	108	83	568
386	254	637	187	78	563
451	254	637	270	73	556
482	254	637	319	70	551
513	254	637	374	68	546
544	254	637	436	64	540
575	254	637	507	60	534
606	254	637	583	56	530
637	254	637	686	52	520
668	254	637	792	48	519
800	254	637	1009	27	487
924	254	637	1023	24	362
0	308	637	0	127	396
62	308	637	0	126	402
123	308	637	0	126	436
185	308	637	0	123	509
254	308	637	52	120	565
308	308	637	99	117	563
386	308	637	176	113	560
451	308	637	261	108	552
482	308	637	309	105	551
513	308	637	364	102	545
544	308	637	424	98	540
575	308	637	494	94	534
606	308	637	572	91	529
637	308	637	671	86	520
668	308	637	776	82	513
800	308	637	1007	63	486
924	308	637	1023	52	363
0	386	637	0	181	393
62	386	637	0	182	399
123	386	637	0	183	416
185	386	637	0	183	475
254	386	637	30	181	546
308	386	637	80	179	544
386	386	637	159	174	551
451	386	637	241	170	549
482	386	637	289	166	545
513	386	637	342	163	542
544	386	637	401	160	537
575	386	637	471	156	532
606	386	637	549	151	526
637	386	637	644	147	520
668	386	637	749	142	514
800	386	637	1003	120	484
924	386	637	1023	91	363
0	451	637	7	239	407
62	451	637	8	239	413
123	451	637	6	241	417
185	451	637	0	242	455
254	451	637	0	245	530
308	451	637	61	243	537
386	451	637	141	239	536
451	451	637	222	234	540
482	451	637	267	231	538
513	451	637	320	227	534
544	451	637	379	224	531
575	451	637	445	219	527
606	451	637	522	214	522
637	451	637	614	210	516
668	451	637	722	205	510
800	451	637	999	178	483
924	451	637	1023	134	363
0	482	637	7	271	409
62	482	637	6	272	412
123	482	637	0	273	426
185	482	637	0	276	450
254	482	637	7	280	506
308	482	637	50	280	532
386	482	637	130	275	530
451	482	637	211	269	533
482	482	637	255	266	531
513	482	637	306	263	530
544	482	637	366	259	526
575	482	637	432	254	525
606	482	637	508	250	520
637	482	637	595	245	516
668	482	637	706	239	510
800	482	637	996	209	486
924	482	637	1023	155	363
0	513	637	8	306	411
62	513	637	6	308	415
123	513	637	10	309	428
185	513	637	0	313	449
254	513	637	0	318	493
308	513	637	37	320	523
386	513	637	118	316	523
451	513	637	199	309	524
482	513	637	243	307	523
513	513	637	294	304	526
544	513	637	351	298	524
575	513	637	416	294	521
606	513	637	492	291	517
637	513	637	576	284	514
668	513	637	686	277	507
800	513	637	993	247	481
924	513	637	1023	185	367
0	544	637	11	345	420
62	544	637	8	346	424
123	544	637	8	347	434
185	544	637	8	351	447
254	544	637	0	358	481
308	544	637	20	363	517
386	544	637	107	359	517
451	544	637	186	354	517
482	544	637	229	352	515
513	544	637	279	347	515
544	544	637	337	344	518
575	544	637	399	339	517
606	544	637	476	334	515
637	544	637	557	328	511
668	544	637	665	322	505
800	544	637	988	289	481
924	544	637	1023	216	368
0	575	637	15	387	429
62	575	637	12	388	433
123	575	637	8	391	441
185	575	637	0	396	452
254	575	637	9	404	476
308	575	637	0	412	511
386	575	637	94	409	515
451	575	637	172	403	513
482	575	637	216	401	511
513	575	637	264	396	509
544	575	637	320	392	508
575	575	637	384	388	512
606	575	637	456	383	509
637	575	637	539	377	506
668	575	637	642	371	502
800	575	637	984	336	479
924	575	637	1023	253	373
0	606	637	2	439	442
62	606	637	0	441	444
123	606	637	10	443	450
185	606	637	10	448	456
254	606	637	0	456	473
308	606	637	0	465	496
386	606	637	81	466	509
451	606	637	159	460	509
482	606	637	201	458	509
513	606	637	248	454	507
544	606	637	303	449	505
575	606	637	365	446	505
606	606	637	436	440	503
637	606	637	518	434	503
668	606	637	617	426	499
800	606	637	978	389	476
924	606	637	1023	294	375
0	637	637	13	494	449
62	637	637	6	494	451
123	637	637	13	498	455
185	637	637	5	503	464
254	637	637	0	513	474
308	637	637	13	522	489
386	637	637	68	528	503
451	637	637	145	523	501
482	637	637	186	521	501
513	637	637	232	517	501
544	637	637	285	513	501
575	637	637	346	509	501
606	637	637	417	504	499
637	637	637	496	496	496
668	637	637	590	489	498
800	637	637	971	452	476
924	637	637	1023	341	378
0	668	637	0	551	463
62	668	637	15	551	463
123	668	637	16	553	465
185	668	637	0	561	472
254	668	637	0	573	470
308	668	637	14	586	481
386	668	637	53	602	493
451	668	637	131	597	493
482	668	637	171	591	493
513	668	637	217	587	493
544	668	637	268	582	493
575	668	637	326	579	493
606	668	637	395	572	491
637	668	637	474	565	489
668	668	637	562	556	476
800	668	637	963	520	476
924	668	637	1023	397	384
0	800	637	13	886	524
62	800	637	20	886	524
123	800	637	14	891	524
185	800	637	15	899	521
254	800	637	7	913	512
308	800	637	15	921	489
386	800	637	15	930	467
451	800	637	64	933	459
482	800	637	103	932	459
513	800	637	145	932	459
544	800	637	191	931	459
575	800	637	242	930	461
606	800	637	302	928	461
637	800	637	369	927	461
668	800	637	449	924	459
800	800	637	920	913	459
924	800	637	1023	775	402
0	924	637	19	1009	598
62	924	637	0	1009	595
123	924	637	8	1011	592
185	924	637	17	1013	583
254	924	637	20	1017	569
308	924	637	15	1021	545
386	924	637	9	1023	495
451	924	637	0	1023	440
482	924	637	28	1023	418
513	924	637	73	1023	419
544	924	637	117	1023	423
575	924	637	162	1023	425
606	924	637	213	1023	425
637	924	637	271	1023	427
668	924	637	338	1023	429
800	924	637	799	1023	437
924	924	637	1023	1011	435
0	0	668	0	14	477
62	0	668	0	11	496
123	0	668	14	0	536
185	0	668	48	0	540
254	0	668	88	0	533
308	0	668	128	0	525
386	0	668	197	0	519
451	0	668	267	0	521
482	0	668	307	0	520
513	0	668	350	5	516
544	0	668	402	1	514
575	0	668	458	0	513
606	0	668	523	0	515
637	0	668	593	0	490
668	0	668	687	0	492
800	0	668	982	6	497
924	0	668	1023	0	437
0	62	668	0	23	472
62	62	668	0	21	488
123	62	668	0	9	555
185	62	668	38	0	591
254	62	668	84	0	572
308	62	668	125	0	550
386	62	668	197	0	544
451	62	668	269	0	537
482	62	668	308	3	529
513	62	668	354	0	531
544	62	668	408	0	528
575	62	668	463	7	521
606	62	668	527	2	516
637	62	668	601	0	518
668	62	668	695	0	515
800	62	668	984	0	496
924	62	668	1023	11	437
0	123	668	0	39	467
62	123	668	0	38	484
123	123	668	0	32	547
185	123	668	21	23	650
254	123	668	74	20	650
308	123	668	117	14	648
386	123	668	196	0	629
451	123	668	276	0	596
482	123	668	320	0	583
513	123	668	369	0	574
544	123	668	424	0	564
575	123	668	483	4	554
606	123	668	554	0	550
637	123	668	630	0	534
668	123	668	720	8	532
800	123	668	987	12	514
924	123	668	1023	12	431
0	185	668	0	61	462
62	185	668	0	61	474
123	185	668	0	58	526
185	185	668	2	51	647
254	185	668	69	48	646
308	185	668	112	46	645
386	185	668	191	40	642
451	185	668	275	34	635
482	185	668	323	31	632
513	185	668	379	27	625
544	185	668	441	22	619
575	185	668	511	17	611
606	185	668	589	7	604
637	185	668	685	0	591
668	185	668	781	0	575
800	185	668	997	0	523
924	185	668	1023	10	420
0	254	668	0	94	449
62	254	668	0	94	458
123	254	668	0	92	505
185	254	668	0	87	606
254	254	668	59	84	645
308	254	668	103	82	643
386	254	668	182	77	638
451	254	668	266	72	630
482	254	668	315	70	626
513	254	668	369	67	620
544	254	668	430	63	617
575	254	668	501	59	611
606	254	668	578	55	603
637	254	668	680	51	597
668	254	668	784	48	591
800	254	668	1007	26	558
924	254	668	1023	23	407
0	308	668	0	126	436
62	308	668	0	126	451
123	308	668	0	125	492
185	308	668	0	122	561
254	308	668	48	118	637
308	308	668	94	116	637
386	308	668	172	111	635
451	308	668	257	107	629
482	308	668	304	104	626
513	308	668	358	100	621
544	308	668	419	97	615
575	308	668	489	94	609
606	308	668	565	90	601
637	308	668	663	85	593
668	308	668	771	81	589
800	308	668	1006	63	555
924	308	668	1023	49	409
0	386	668	0	182	434
62	386	668	0	181	443
123	386	668	0	182	473
185	386	668	0	181	527
254	386	668	24	179	618
308	386	668	76	176	626
386	386	668	156	173	627
451	386	668	237	168	622
482	386	668	284	165	618
513	386	668	336	162	615
544	386	668	396	158	609
575	386	668	465	155	606
606	386	668	543	151	599
637	386	668	637	146	594
668	386	668	745	141	587
800	386	668	1002	119	554
924	386	668	1023	92	411
0	451	668	0	239	448
62	451	668	0	239	448
123	451	668	0	240	469
185	451	668	1	242	504
254	451	668	0	243	592
308	451	668	56	241	610
386	451	668	137	237	610
451	451	668	218	232	611
482	451	668	263	229	610
513	451	668	315	226	608
544	451	668	372	222	603
575	451	668	439	219	599
606	451	668	517	214	596
637	451	668	606	209	590
668	451	668	714	204	584
800	451	668	998	177	552
924	451	668	1023	134	413
0	482	668	0	271	453
62	482	668	0	271	457
123	482	668	7	272	469
185	482	668	0	276	499
254	482	668	0	278	571
308	482	668	46	278	602
386	482	668	127	273	602
451	482	668	206	268	608
482	482	668	250	265	607
513	482	668	302	262	604
544	482	668	360	258	600
575	482	668	427	254	597
606	482	668	504	248	592
637	482	668	587	244	586
668	482	668	698	238	579
800	482	668	994	209	553
924	482	668	1023	155	413
0	513	668	0	308	459
62	513	668	0	308	463
123	513	668	0	309	472
185	513	668	7	311	495
254	513	668	10	316	548
308	513	668	32	317	597
386	513	668	114	314	595
451	513	668	196	309	594
482	513	668	240	306	599
513	513	668	290	302	596
544	513	668	346	298	595
575	513	668	412	294	592
606	513	668	488	289	590
637	513	668	569	284	585
668	513	668	679	277	578
800	513	668	992	247	552
924	513	668	1023	184	416
0	544	668	3	345	462
62	544	668	0	345	464
123	544	668	0	348	477
185	544	668	12	350	494
254	544	668	0	357	539
308	544	668	13	362	587
386	544	668	104	358	587
451	544	668	183	353	585
482	544	668	226	349	588
513	544	668	275	347	588
544	544	668	332	344	590
575	544	668	395	338	588
606	544	668	470	333	585
637	544	668	552	328	580
668	544	668	658	320	574
800	544	668	987	288	549
924	544	668	1023	216	420
0	575	668	9	388	470
62	575	668	0	388	474
123	575	668	15	390	483
185	575	668	0	396	497
254	575	668	6	402	528
308	575	668	0	410	574
386	575	668	91	408	580
451	575	668	168	403	580
482	575	668	213	398	579
513	575	668	261	396	578
544	575	668	317	392	577
575	575	668	379	387	581
606	575	668	452	381	581
637	575	668	535	377	577
668	575	668	636	369	573
800	575	668	982	335	546
924	575	668	1023	252	422
0	606	668	14	438	482
62	606	668	10	438	484
123	606	668	16	439	491
185	606	668	14	444	506
254	606	668	0	455	526
308	606	668	8	464	558
386	606	668	78	466	577
451	606	668	155	459	577
482	606	668	198	455	575
513	606	668	244	453	573
544	606	668	300	448	571
575	606	668	360	443	570
606	606	668	433	438	573
637	606	668	514	433	570
668	606	668	611	426	566
800	606	668	976	389	546
924	606	668	1023	294	428
0	637	668	0	494	494
62	637	668	15	494	494
123	637	668	0	497	503
185	637	668	11	503	510
254	637	668	0	512	527
308	637	668	6	521	548
386	637	668	65	527	568
451	637	668	142	523	570
482	637	668	183	518	570
513	637	668	229	516	570
544	637	668	283	511	568
575	637	668	341	507	565
606	637	668	414	503	565
637	637	668	492	496	563
668	637	668	584	489	563
800	637	668	969	450	542
924	637	668	1023	341	431
0	668	668	13	551	501
62	668	668	0	553	504
123	668	668	6	555	508
185	668	668	10	561	518
254	668	668	0	573	515
308	668	668	10	586	534
386	668	668	50	602	562
451	668	668	128	594	560
482	668	668	168	590	560
513	668	668	213	587	560
544	668	668	266	582	560
575	668	668	324	578	558
606	668	668	392	572	561
637	668	668	470	565	559
668	668	668	556	556	556
800	668	668	962	518	541
924	668	668	1023	399	437
0	800	668	18	886	556
62	800	668	7	889	556
123	800	668	18	891	556
185	800	668	18	899	556
254	800	668	9	913	553
308	800	668	14	921	542
386	800	668	8	930	534
451	800	668	62	933	525
482	800	668	100	932	525
513	800	668	143	932	525
544	800	668	189	931	525
575	800	668	239	929	525
606	800	668	298	928	525
637	800	668	366	926	527
668	800	668	445	924	525
800	800	668	919	913	521
924	800	668	1023	782	463
0	924	668	21	1009	657
62	924	668	6	1009	654
123	924	668	13	1010	651
185	924	668	19	1013	645
254	924	668	20	1017	634
308	924	668	14	1021	615
386	924	668	0	1023	559
451	924	668	15	1023	504
482	924	668	25	1023	478
513	924	668	71	1023	481
544	924	668	115	1023	483
575	924	668	159	1023	484
606	924	668	210	1023	487
637	924	668	269	1023	489
668	924	668	336	1023	491
800	924	668	796	1023	502
924	924	668	1023	1013	498
0	0	800	0	18	730
62	0	800	0	16	750
123	0	800	0	0	839
185	0	800	40	0	845
254	0	800	81	0	836
308	0	800	116	0	841
386	0	800	183	0	831
451	0	800	252	0	840
482	0	800	292	0	845
513	0	800	336	7	836
544	0	800	385	5	837
575	0	800	443	2	836
606	0	800	505	0	835
637	0	800	574	0	838
668	0	800	669	0	820
800	0	800	976	10	817
924	0	800	1023	4	713
0	62	800	0	23	730
62	62	800	0	22	750
123	62	800	0	16	825
185	62	800	27	0	916
254	62	800	75	0	887
308	62	800	112	0	892
386	62	800	181	0	865
451	62	800	254	0	874
482	62	800	293	0	860
513	62	800	338	0	862
544	62	800	389	0	863
575	62	800	445	7	853
606	62	800	509	4	851
637	62	800	580	0	850
668	62	800	674	0	831
800	62	800	978	5	814
924	62	800	1023	14	713
0	123	800	0	38	724
62	123	800	0	38	742
123	123	800	0	32	828
185	123	800	0	21	987
254	123	800	53	12	1023
308	123	800	97	0	1023
386	123	800	174	0	995
451	123	800	254	0	965
482	123	800	297	0	952
513	123	800	345	0	935
544	123	800	397	7	923
575	123	800	462	0	913
606	123	800	524	5	899
637	123	800	605	0	875
668	123	800	696	6	875
800	123	800	981	13	855
924	123	800	1023	13	710
0	185	800	0	60	717
62	185	800	0	59	735
123	185	800	0	56	806
185	185	800	0	49	955
254	185	800	47	42	1023
308	185	800	91	40	1023
386	185	800	166	35	1023
451	185	800	249	29	1022
482	185	800	296	26	1020
513	185	800	349	22	1015
544	185	800	410	18	1009
575	185	800	480	9	1002
606	185	800	555	6	993
637	185	800	646	0	952
668	185	800	746	0	944
800	185	800	991	11	903
924	185	800	1023	9	705
0	254	800	0	92	704
62	254	800	0	91	722
123	254	800	0	89	786
185	254	800	0	84	916
254	254	800	38	77	1023
308	254	800	83	76	1023
386	254	800	159	72	1023
451	254	800	240	68	1022
482	254	800	287	65	1018
513	254	800	339	62	1013
544	254	800	397	59	1007
575	254	800	467	56	1002
606	254	800	547	52	995
637	254	800	643	48	986
668	254	800	752	44	977
800	254	800	1002	24	929
924	254	800	1023	15	693
0	308	800	0	123	692
62	308	800	0	123	708
123	308	800	0	121	770
185	308	800	0	118	877
254	308	800	25	110	1023
308	308	800	75	109	1023
386	308	800	152	104	1023
451	308	800	231	101	1020
482	308	800	277	98	1019
513	308	800	330	95	1013
544	308	800	388	93	1008
575	308	800	458	89	1002
606	308	800	534	86	994
637	308	800	628	82	985
668	308	800	736	78	977
800	308	800	1000	61	928
924	308	800	1023	44	696
0	386	800	0	178	681
62	386	800	0	178	694
123	386	800	7	177	738
185	386	800	0	175	835
254	386	800	6	170	998
308	386	800	57	167	1023
386	386	800	136	164	1020
451	386	800	215	160	1017
482	386	800	258	158	1016
513	386	800	310	156	1011
544	386	800	369	152	1006
575	386	800	434	150	1001
606	386	800	512	146	995
637	386	800	601	141	985
668	386	800	710	137	976
800	386	800	995	117	929
924	386	800	1023	88	705
0	451	800	0	236	691
62	451	800	12	236	691
123	451	800	11	236	729
185	451	800	7	236	804
254	451	800	7	234	934
308	451	800	37	231	1012
386	451	800	117	228	1012
451	451	800	196	224	1012
482	451	800	240	221	1010
513	451	800	291	218	1005
544	451	800	347	216	1003
575	451	800	413	212	998
606	451	800	488	208	993
637	451	800	569	203	984
668	451	800	679	199	974
800	451	800	990	175	930
924	451	800	1023	131	710
0	482	800	0	268	700
62	482	800	11	268	700
123	482	800	6	269	728
185	482	800	0	269	797
254	482	800	0	270	914
308	482	800	25	267	1004
386	482	800	108	263	1004
451	482	800	187	258	1006
482	482	800	229	256	1004
513	482	800	280	253	1001
544	482	800	334	251	999
575	482	800	399	247	995
606	482	800	475	242	990
637	482	800	557	237	985
668	482	800	664	232	975
800	482	800	986	207	931
924	482	800	1023	155	719
0	513	800	14	303	693
62	513	800	10	304	703
123	513	800	0	305	735
185	513	800	0	307	785
254	513	800	0	308	891
308	513	800	8	309	1003
386	513	800	98	304	995
451	513	800	176	300	1003
482	513	800	219	297	1000
513	513	800	267	294	998
544	513	800	323	291	995
575	513	800	386	287	991
606	513	800	460	282	986
637	513	800	544	278	981
668	513	800	646	272	972
800	513	800	984	244	930
924	513	800	1023	184	725
0	544	800	0	343	713
62	544	800	11	343	710
123	544	800	0	344	741
185	544	800	13	346	775
254	544	800	12	349	866
308	544	800	9	352	970
386	544	800	87	348	990
451	544	800	163	343	987
482	544	800	207	340	995
513	544	800	253	338	991
544	544	800	310	335	990
575	544	800	372	331	987
606	544	800	443	326	983
637	544	800	528	321	978
668	544	800	627	315	971
800	544	800	979	285	931
924	544	800	1023	216	730
0	575	800	0	387	719
62	575	800	13	387	719
123	575	800	16	388	737
185	575	800	7	391	781
254	575	800	13	396	849
308	575	800	12	400	937
386	575	800	75	399	983
451	575	800	152	392	979
482	575	800	194	390	979
513	575	800	242	387	979
544	575	800	295	383	983
575	575	800	356	379	981
606	575	800	427	375	979
637	575	800	508	371	975
668	575	800	605	363	969
800	575	800	975	331	930
924	575	800	1023	254	742
0	606	800	0	436	727
62	606	800	15	436	727
123	606	800	16	438	746
185	606	800	0	442	786
254	606	800	14	447	838
308	606	800	0	454	919
386	606	800	63	457	971
451	606	800	141	451	971
482	606	800	182	448	971
513	606	800	227	443	971
544	606	800	280	439	969
575	606	800	340	436	975
606	606	800	410	433	973
637	606	800	490	428	968
668	606	800	581	420	963
800	606	800	968	385	929
924	606	800	1023	297	748
0	637	800	10	490	738
62	637	800	0	492	744
123	637	800	18	494	754
185	637	800	16	497	785
254	637	800	0	506	835
308	637	800	11	514	893
386	637	800	49	520	964
451	637	800	128	514	964
482	637	800	167	512	964
513	637	800	212	508	964
544	637	800	265	504	960
575	637	800	323	500	960
606	637	800	391	494	966
637	637	800	469	489	964
668	637	800	556	484	961
800	637	800	961	447	927
924	637	800	1023	344	756
0	668	800	15	549	749
62	668	800	5	551	755
123	668	800	0	553	771
185	668	800	14	557	792
254	668	800	9	568	820
308	668	800	5	578	876
386	668	800	32	593	919
451	668	800	113	588	919
482	668	800	153	585	919
513	668	800	198	578	919
544	668	800	247	575	917
575	668	800	304	569	917
606	668	800	371	564	917
637	668	800	448	555	955
668	668	800	533	550	950
800	668	800	954	515	926
924	668	800	1023	402	765
0	800	800	12	888	837
62	800	800	18	888	837
123	800	800	6	894	843
185	800	800	20	899	853
254	800	800	18	913	873
308	800	800	13	921	855
386	800	800	13	927	891
451	800	800	47	932	915
482	800	800	87	932	915
513	800	800	130	931	915
544	800	800	175	929	915
575	800	800	224	927	912
606	800	800	282	925	912
637	800	800	349	923	912
668	800	800	426	922	912
800	800	800	912	912	912
924	800	800	1023	793	819
0	924	800	23	1009	906
62	924	800	10	1010	906
123	924	800	13	1011	909
185	924	800	16	1014	909
254	924	800	11	1017	912
308	924	800	16	1021	915
386	924	800	11	1023	888
451	924	800	19	1023	865
482	924	800	10	1023	844
513	924	800	59	1023	845
544	924	800	101	1023	847
575	924	800	148	1023	850
606	924	800	198	1023	853
637	924	800	256	1023	856
668	924	800	322	1023	859
800	924	800	776	1023	876
924	924	800	1023	1017	885
0	0	924	0	21	1023
62	0	924	0	19	1023
123	0	924	0	5	1023
185	0	924	32	0	1023
254	0	924	69	0	1023
308	0	924	103	0	1023
386	0	924	165	0	1023
451	0	924	230	0	1022
482	0	924	268	0	1021
513	0	924	310	8	1020
544	0	924	357	6	1017
575	0	924	412	5	1013
606	0	924	472	1	1010
637	0	924	541	0	1006
668	0	924	629	0	995
800	0	924	955	12	986
924	0	924	1023	9	943
0	62	924	0	25	1023
62	62	924	0	24	1023
123	62	924	0	19	1023
185	62	924	17	0	1023
254	62	924	63	0	1023
308	62	924	98	0	1023
386	62	924	161	0	1023
451	62	924	229	3	1022
482	62	924	266	0	1021
513	62	924	309	0	1020
544	62	924	357	9	1018
575	62	924	412	7	1014
606	62	924	474	3	1011
637	62	924	543	0	1007
668	62	924	633	0	997
800	62	924	956	8	985
924	62	924	1023	0	942
0	123	924	0	37	1023
62	123	924	0	36	1023
123	123	924	0	32	1023
185	123	924	0	24	1023
254	123	924	28	0	1023
308	123	924	75	0	1023
386	123	924	146	0	1023
451	123	924	218	0	1022
482	123	924	260	0	1022
513	123	924	305	7	1021
544	123	924	355	0	1019
575	123	924	412	7	1017
606	123	924	478	0	1015
637	123	924	547	9	1011
668	123	924	647	0	1003
800	123	924	959	13	995
924	123	924	1023	14	944
0	185	924	0	59	1023
62	185	924	0	58	1023
123	185	924	0	54	1023
185	185	924	0	47	1023
254	185	924	22	35	1023
308	185	924	66	32	1023
386	185	924	133	28	1023
451	185	924	202	23	1023
482	185	924	243	20	1023
513	185	924	290	15	1023
544	185	924	343	8	1023
575	185	924	409	6	1023
606	185	924	483	5	1022
637	185	924	570	5	1020
668	185	924	672	7	1018
800	185	924	967	7	1007
924	185	924	1023	7	943
0	254	924	4	90	1008
62	254	924	0	89	1023
123	254	924	0	86	1023
185	254	924	0	79	1023
254	254	924	0	66	1023
308	254	924	58	64	1023
386	254	924	126	61	1023
451	254	924	195	57	1023
482	254	924	236	55	1023
513	254	924	281	53	1023
544	254	924	334	50	1023
575	254	924	397	47	1023
606	254	924	467	45	1023
637	254	924	553	42	1023
668	254	924	662	39	1023
800	254	924	975	19	1023
924	254	924	1023	11	944
0	308	924	0	120	1011
62	308	924	0	119	1023
123	308	924	0	116	1023
185	308	924	0	110	1023
254	308	924	0	98	1023
308	308	924	50	94	1023
386	308	924	119	90	1023
451	308	924	189	87	1023
482	308	924	228	85	1023
513	308	924	273	83	1023
544	308	924	327	81	1023
575	308	924	387	78	1023
606	308	924	458	76	1023
637	308	924	539	73	1023
668	308	924	647	71	1023
800	308	924	971	56	1023
924	308	924	1023	38	947
0	386	924	0	174	1010
62	386	924	10	174	1010
123	386	924	0	172	1017
185	386	924	0	166	1019
254	386	924	0	155	1023
308	386	924	33	147	1023
386	386	924	105	144	1023
451	386	924	174	141	1023
482	386	924	213	139	1023
513	386	924	258	137	1023
544	386	924	309	135	1023
575	386	924	368	132	1023
606	386	924	437	130	1023
637	386	924	517	128	1023
668	386	924	624	125	1023
800	386	924	966	110	1023
924	386	924	1023	83	951
0	451	924	0	232	1006
62	451	924	10	232	1006
123	451	924	0	230	1013
185	451	924	10	227	1015
254	451	924	0	217	1020
308	451	924	0	204	1023
386	451	924	90	200	1023
451	451	924	159	197	1023
482	451	924	199	195	1023
513	451	924	243	193	1023
544	451	924	294	191	1023
575	451	924	349	189	1023
606	451	924	418	186	1023
637	451	924	499	184	1023
668	451	924	599	181	1023
800	451	924	959	167	1023
924	451	924	1023	130	954
0	482	924	0	264	1008
62	482	924	11	264	1008
123	482	924	0	261	1006
185	482	924	0	259	1010
254	482	924	5	252	1017
308	482	924	0	241	1023
386	482	924	83	233	1023
451	482	924	151	230	1023
482	482	924	190	228	1023
513	482	924	234	226	1023
544	482	924	284	223	1023
575	482	924	340	220	1023
606	482	924	407	217	1023
637	482	924	486	214	1023
668	482	924	584	211	1023
800	482	924	955	198	1023
924	482	924	1023	154	957
0	513	924	0	301	1003
62	513	924	12	301	1003
123	513	924	14	300	1000
185	513	924	0	296	1006
254	513	924	11	289	1013
308	513	924	11	280	1020
386	513	924	74	270	1023
451	513	924	144	267	1023
482	513	924	183	264	1023
513	513	924	225	262	1023
544	513	924	273	260	1023
575	513	924	331	257	1023
606	513	924	395	254	1023
637	513	924	473	251	1023
668	513	924	567	248	1023
800	513	924	952	232	1023
924	513	924	1023	186	960
0	544	924	0	339	999
62	544	924	13	339	999
123	544	924	13	338	1000
185	544	924	13	335	999
254	544	924	0	330	1009
308	544	924	8	323	1018
386	544	924	65	312	1023
451	544	924	135	308	1023
482	544	924	174	306	1023
513	544	924	215	303	1023
544	544	924	263	300	1023
575	544	924	320	298	1023
606	544	924	385	295	1023
637	544	924	461	293	1023
668	544	924	550	289	1023
800	544	924	948	272	1023
924	544	924	1023	217	962
0	575	924	0	383	992
62	575	924	14	383	992
123	575	924	13	383	995
185	575	924	9	380	998
254	575	924	5	377	1004
308	575	924	6	372	1014
386	575	924	54	360	1023
451	575	924	126	355	1023
482	575	924	163	354	1023
513	575	924	204	351	1023
544	575	924	252	347	1023
575	575	924	308	344	1023
606	575	924	372	341	1023
637	575	924	446	338	1023
668	575	924	530	334	1023
800	575	924	943	318	1023
924	575	924	1023	255	966
0	606	924	8	433	986
62	606	924	17	433	986
123	606	924	14	432	989
185	606	924	2	431	993
254	606	924	14	429	997
308	606	924	3	426	1010
386	606	924	41	414	1023
451	606	924	115	409	1023
482	606	924	151	407	1023
513	606	924	194	404	1023
544	606	924	242	402	1023
575	606	924	297	399	1023
606	606	924	358	395	1023
637	606	924	431	392	1023
668	606	924	513	387	1023
800	606	924	938	368	1023
924	606	924	1023	299	969
0	637	924	13	486	977
62	637	924	0	487	979
123	637	924	16	488	981
185	637	924	0	487	988
254	637	924	0	487	993
308	637	924	5	487	1005
386	637	924	27	480	1023
451	637	924	103	473	1023
482	637	924	141	469	1023
513	637	924	184	465	1023
544	637	924	230	463	1023
575	637	924	284	459	1023
606	637	924	344	456	1023
637	637	924	414	452	1023
668	637	924	499	448	1023
800	637	924	933	429	1023
924	637	924	1023	348	973
0	668	924	16	544	973
62	668	924	4	546	974
123	668	924	17	547	976
185	668	924	0	547	983
254	668	924	15	550	977
308	668	924	9	555	995
386	668	924	12	559	1023
451	668	924	92	547	1023
482	668	924	131	544	1023
513	668	924	172	541	1023
544	668	924	217	536	1023
575	668	924	269	530	1023
606	668	924	330	528	1023
637	668	924	399	522	1023
668	668	924	482	517	1023
800	668	924	927	496	1023
924	668	924	1023	406	977
0	800	924	0	887	968
62	800	924	13	887	968
123	800	924	18	889	971
185	800	924	5	897	977
254	800	924	16	904	986
308	800	924	15	913	984
386	800	924	0	918	1004
451	800	924	27	921	1023
482	800	924	72	920	1023
513	800	924	114	919	1023
544	800	924	158	918	1023
575	800	924	206	917	1023
606	800	924	262	915	1023
637	800	924	326	914	1023
668	800	924	400	913	1023
800	800	924	876	899	1023
924	800	924	1023	804	997
0	924	924	11	1010	983
62	924	924	18	1010	983
123	924	924	18	1011	984
185	924	924	17	1013	987
254	924	924	0	1018	993
308	924	924	22	1020	996
386	924	924	21	1023	999
451	924	924	11	1023	1002
482	924	924	0	1023	1003
513	924	924	42	1023	1003
544	924	924	88	1023	1004
575	924	924	135	1023	1004
606	924	924	184	1023	1007
637	924	924	239	1023	1008
668	924	924	305	1023	1009
800	924	924	752	1023	1016
924	924	924	1023	1023	1023
