0	0	0	0	0	0
62	0	0	33	0	2
123	0	0	71	0	5
185	0	0	116	0	14
254	0	0	174	0	23
308	0	0	235	0	26
386	0	0	338	0	31
451	0	0	448	0	34
482	0	0	512	0	34
513	0	0	583	0	34
544	0	0	657	0	36
575	0	0	745	0	36
606	0	0	843	0	37
637	0	0	911	0	36
668	0	0	943	0	37
800	0	0	1023	8	40
924	0	0	1023	0	39
0	62	0	0	29	0
62	62	0	29	28	0
123	62	0	69	24	0
185	62	0	117	16	5
254	62	0	182	0	7
308	62	0	243	0	19
386	62	0	349	0	26
451	62	0	459	0	30
482	62	0	520	0	32
513	62	0	594	0	32
544	62	0	670	0	34
575	62	0	759	0	34
606	62	0	859	0	34
637	62	0	914	0	35
668	62	0	946	0	36
800	62	0	1023	2	39
924	62	0	1023	0	38
0	123	0	0	60	20
62	123	0	8	59	0
123	123	0	59	57	0
185	123	0	109	52	0
254	123	0	177	46	0
308	123	0	244	39	5
386	123	0	364	24	8
451	123	0	496	0	10
482	123	0	561	0	16
513	123	0	635	0	20
544	123	0	717	0	22
575	123	0	801	0	26
606	123	0	899	0	27
637	123	0	928	0	29
668	123	0	960	0	29
800	123	0	1023	7	36
924	123	0	1023	0	36
0	185	0	0	100	37
62	185	0	0	98	25
123	185	0	43	96	0
185	185	0	96	93	0
254	185	0	167	87	0
308	185	0	235	81	0
386	185	0	356	72	0
451	185	0	488	62	5
482	185	0	561	56	6
513	185	0	647	50	8
544	185	0	742	44	9
575	185	0	849	37	10
606	185	0	917	29	10
637	185	0	950	18	11
668	185	0	985	0	12
800	185	0	1023	9	27
924	185	0	1023	11	30
0	254	0	0	154	51
62	254	0	0	153	45
123	254	0	0	149	0
185	254	0	77	147	0
254	254	0	148	143	0
308	254	0	218	137	0
386	254	0	342	128	0
451	254	0	472	118	0
482	254	0	547	112	0
513	254	0	629	107	0
544	254	0	724	102	0
575	254	0	833	96	0
606	254	0	912	90	4
637	254	0	947	83	6
668	254	0	981	76	8
800	254	0	1023	47	13
924	254	0	1023	55	27
0	308	0	0	204	55
62	308	0	0	203	50
123	308	0	0	202	28
185	308	0	58	199	0
254	308	0	131	195	0
308	308	0	198	189	0
386	308	0	323	181	0
451	308	0	453	170	0
482	308	0	530	164	0
513	308	0	614	160	0
544	308	0	705	153	0
575	308	0	813	147	0
606	308	0	907	142	0
637	308	0	942	134	0
668	308	0	976	127	0
800	308	0	1023	101	8
924	308	0	1023	92	24
0	386	0	0	289	63
62	386	0	0	289	58
123	386	0	0	289	42
185	386	0	11	290	0
254	386	0	103	287	0
308	386	0	170	284	0
386	386	0	291	276	0
451	386	0	418	265	0
482	386	0	492	260	0
513	386	0	575	255	0
544	386	0	666	249	0
575	386	0	772	242	0
606	386	0	891	237	0
637	386	0	929	229	0
668	386	0	964	222	0
800	386	0	1023	188	0
924	386	0	1023	154	19
0	451	0	0	380	71
62	451	0	0	380	67
123	451	0	0	381	52
185	451	0	5	384	25
254	451	0	77	384	0
308	451	0	146	379	0
386	451	0	261	372	0
451	451	0	389	365	0
482	451	0	461	360	0
513	451	0	540	355	0
544	451	0	632	348	0
575	451	0	731	341	0
606	451	0	845	334	0
637	451	0	912	327	0
668	451	0	951	318	0
800	451	0	1023	282	0
924	451	0	1023	220	14
0	482	0	0	430	74
62	482	0	11	430	72
123	482	0	0	431	57
185	482	0	0	437	32
254	482	0	65	439	0
308	482	0	130	437	0
386	482	0	249	428	0
451	482	0	372	420	0
482	482	0	443	416	0
513	482	0	522	409	0
544	482	0	611	403	0
575	482	0	711	395	0
606	482	0	825	389	0
637	482	0	903	381	0
668	482	0	944	372	0
800	482	0	1023	335	0
924	482	0	1023	256	7
0	513	0	0	484	77
62	513	0	5	484	75
123	513	0	14	486	64
185	513	0	5	492	39
254	513	0	47	498	0
308	513	0	119	494	0
386	513	0	236	489	0
451	513	0	355	480	0
482	513	0	425	477	0
513	513	0	503	471	0
544	513	0	592	464	0
575	513	0	691	458	0
606	513	0	802	452	0
637	513	0	894	441	0
668	513	0	935	432	0
800	513	0	1023	395	0
924	513	0	1023	296	0
0	544	0	16	542	85
62	544	0	0	544	79
123	544	0	0	549	67
185	544	0	0	556	45
254	544	0	32	565	0
308	544	0	108	560	0
386	544	0	223	553	0
451	544	0	340	546	0
482	544	0	409	542	0
513	544	0	485	539	0
544	544	0	572	531	0
575	544	0	669	523	0
606	544	0	779	519	0
637	544	0	884	510	0
668	544	0	927	501	0
800	544	0	1023	462	0
924	544	0	1023	348	0
0	575	0	15	611	90
62	575	0	0	613	84
123	575	0	0	616	73
185	575	0	0	626	52
254	575	0	0	638	0
308	575	0	97	635	0
386	575	0	207	628	0
451	575	0	326	620	0
482	575	0	391	616	0
513	575	0	468	612	0
544	575	0	550	607	0
575	575	0	647	599	0
606	575	0	755	591	0
637	575	0	872	585	0
668	575	0	915	576	0
800	575	0	1023	538	0
924	575	0	1023	410	0
0	606	0	15	685	96
62	606	0	16	685	92
123	606	0	10	690	79
185	606	0	15	698	60
254	606	0	15	715	21
308	606	0	79	718	0
386	606	0	194	708	0
451	606	0	307	701	0
482	606	0	372	698	0
513	606	0	447	693	0
544	606	0	530	689	0
575	606	0	626	680	0
606	606	0	734	674	0
637	606	0	850	665	0
668	606	0	903	658	0
800	606	0	1023	619	0
924	606	0	1023	474	0
0	637	0	14	767	102
62	637	0	13	767	99
123	637	0	19	773	88
185	637	0	6	785	66
254	637	0	0	800	30
308	637	0	61	806	0
386	637	0	177	800	0
451	637	0	293	791	0
482	637	0	355	788	0
513	637	0	424	785	0
544	637	0	507	779	0
575	637	0	601	774	0
606	637	0	707	765	0
637	637	0	827	758	0
668	637	0	892	748	0
800	637	0	1023	714	0
924	637	0	1023	550	0
0	668	0	13	857	108
62	668	0	7	857	105
123	668	0	8	861	91
185	668	0	0	866	72
254	668	0	12	872	41
308	668	0	38	877	0
386	668	0	157	875	0
451	668	0	273	871	0
482	668	0	335	868	0
513	668	0	406	867	0
544	668	0	482	867	0
575	668	0	575	861	0
606	668	0	680	859	0
637	668	0	798	852	0
668	668	0	878	847	0
800	668	0	1023	817	0
924	668	0	1023	637	0
0	800	0	0	1016	138
62	800	0	22	1016	138
123	800	0	22	1018	126
185	800	0	19	1022	110
254	800	0	14	1023	77
308	800	0	23	1023	48
386	800	0	86	1023	0
451	800	0	199	1023	4
482	800	0	247	1023	0
513	800	0	315	1023	0
544	800	0	392	1023	0
575	800	0	477	1023	0
606	800	0	574	1023	0
637	800	0	686	1023	0
668	800	0	813	1023	0
800	800	0	1023	1023	0
924	800	0	1023	952	7
0	924	0	31	1023	178
62	924	0	15	1023	170
123	924	0	29	1023	163
185	924	0	24	1023	145
254	924	0	20	1023	115
308	924	0	27	1023	88
386	924	0	5	1023	30
451	924	0	111	1023	0
482	924	0	170	1023	0
513	924	0	232	1023	0
544	924	0	301	1023	6
575	924	0	380	1023	9
606	924	0	468	1023	10
637	924	0	550	1023	0
668	924	0	674	1023	0
800	924	0	1019	1023	3
924	924	0	1023	1023	0
0	0	62	0	0	29
62	0	62	32	0	28
123	0	62	70	0	27
185	0	62	116	0	29
254	0	62	174	0	34
308	0	62	235	0	35
386	0	62	338	0	38
451	0	62	448	0	39
482	0	62	512	0	40
513	0	62	583	0	40
544	0	62	657	0	42
575	0	62	742	0	42
606	0	62	840	0	42
637	0	62	911	0	40
668	0	62	943	0	41
800	0	62	1023	8	45
924	0	62	1023	0	44
0	62	62	0	29	28
62	62	62	28	28	28
123	62	62	67	24	27
185	62	62	116	16	26
254	62	62	182	0	25
308	62	62	242	0	30
386	62	62	347	0	34
451	62	62	459	0	37
482	62	62	520	0	38
513	62	62	594	0	39
544	62	62	670	0	40
575	62	62	759	0	40
606	62	62	859	0	40
637	62	62	914	0	39
668	62	62	946	0	40
800	62	62	1023	3	43
924	62	62	1023	0	42
0	123	62	0	60	31
62	123	62	4	59	25
123	123	62	59	57	24
185	123	62	109	52	25
254	123	62	177	46	25
308	123	62	244	39	24
386	123	62	364	24	24
451	123	62	496	0	24
482	123	62	561	0	27
513	123	62	635	0	29
544	123	62	717	0	31
575	123	62	801	0	33
606	123	62	898	0	33
637	123	62	928	0	35
668	123	62	960	0	35
800	123	62	1023	7	40
924	123	62	1023	0	40
0	185	62	0	99	43
62	185	62	0	98	36
123	185	62	43	96	22
185	185	62	96	93	22
254	185	62	167	87	23
308	185	62	235	81	23
386	185	62	356	72	22
451	185	62	488	61	22
482	185	62	561	56	22
513	185	62	647	50	22
544	185	62	742	43	23
575	185	62	849	37	23
606	185	62	916	29	23
637	185	62	950	18	23
668	185	62	985	0	23
800	185	62	1023	9	33
924	185	62	1023	11	35
0	254	62	0	154	55
62	254	62	0	152	50
123	254	62	0	149	18
185	254	62	77	147	19
254	254	62	148	143	19
308	254	62	217	137	20
386	254	62	340	128	20
451	254	62	472	118	20
482	254	62	545	112	20
513	254	62	629	107	20
544	254	62	724	102	20
575	254	62	830	96	20
606	254	62	912	90	20
637	254	62	947	83	21
668	254	62	981	76	21
800	254	62	1023	47	23
924	254	62	1023	55	32
0	308	62	0	203	61
62	308	62	0	203	54
123	308	62	0	202	36
185	308	62	56	199	14
254	308	62	130	195	15
308	308	62	198	189	15
386	308	62	323	180	17
451	308	62	453	170	17
482	308	62	528	165	17
513	308	62	611	160	18
544	308	62	705	153	18
575	308	62	813	147	18
606	308	62	907	142	18
637	308	62	942	134	18
668	308	62	976	127	19
800	308	62	1023	101	21
924	308	62	1023	92	29
0	386	62	0	287	69
62	386	62	4	287	66
123	386	62	0	289	48
185	386	62	0	290	13
254	386	62	98	287	0
308	386	62	167	284	1
386	386	62	290	276	7
451	386	62	420	265	9
482	386	62	494	259	10
513	386	62	577	253	11
544	386	62	672	247	12
575	386	62	775	241	13
606	386	62	894	234	13
637	386	62	930	228	13
668	386	62	966	219	14
800	386	62	1023	188	17
924	386	62	1023	154	26
0	451	62	10	378	78
62	451	62	10	378	75
123	451	62	0	381	59
185	451	62	0	384	34
254	451	62	64	388	0
308	451	62	136	381	0
386	451	62	255	374	0
451	451	62	385	365	0
482	451	62	459	360	0
513	451	62	540	354	0
544	451	62	634	346	0
575	451	62	737	338	0
606	451	62	855	331	0
637	451	62	916	323	0
668	451	62	954	315	3
800	451	62	1023	279	11
924	451	62	1023	220	22
0	482	62	11	428	82
62	482	62	1	428	78
123	482	62	9	431	66
185	482	62	0	437	39
254	482	62	47	442	0
308	482	62	122	439	0
386	482	62	241	428	0
451	482	62	367	420	0
482	482	62	439	416	0
513	482	62	520	409	0
544	482	62	611	403	0
575	482	62	717	393	0
606	482	62	831	387	0
637	482	62	907	378	0
668	482	62	947	368	0
800	482	62	1023	328	5
924	482	62	1023	256	18
0	513	62	11	482	88
62	513	62	0	484	83
123	513	62	9	486	71
185	513	62	0	492	46
254	513	62	28	502	0
308	513	62	107	498	0
386	513	62	227	491	0
451	513	62	348	482	0
482	513	62	421	477	0
513	513	62	497	471	0
544	513	62	589	464	0
575	513	62	691	456	0
606	513	62	805	450	0
637	513	62	896	439	0
668	513	62	938	428	0
800	513	62	1023	388	0
924	513	62	1023	296	14
0	544	62	10	542	93
62	544	62	16	542	90
123	544	62	12	546	77
185	544	62	0	553	52
254	544	62	0	567	0
308	544	62	94	565	0
386	544	62	212	557	0
451	544	62	333	548	0
482	544	62	401	544	0
513	544	62	478	539	0
544	544	62	567	531	0
575	544	62	666	524	0
606	544	62	779	517	0
637	544	62	885	508	0
668	544	62	928	499	0
800	544	62	1023	455	0
924	544	62	1023	340	6
0	575	62	9	611	98
62	575	62	13	611	95
123	575	62	16	616	83
185	575	62	0	623	60
254	575	62	0	638	19
308	575	62	78	638	0
386	575	62	196	631	0
451	575	62	316	623	0
482	575	62	379	619	0
513	575	62	457	615	0
544	575	62	543	607	0
575	575	62	642	599	0
606	575	62	752	591	0
637	575	62	872	583	0
668	575	62	917	574	0
800	575	62	1023	531	0
924	575	62	1023	396	0
0	606	62	7	685	103
62	606	62	9	685	101
123	606	62	0	690	88
185	606	62	8	698	67
254	606	62	11	715	33
308	606	62	64	720	0
386	606	62	177	715	0
451	606	62	296	706	0
482	606	62	362	701	0
513	606	62	437	696	0
544	606	62	521	689	0
575	606	62	618	683	0
606	606	62	725	675	0
637	606	62	847	665	0
668	606	62	904	656	0
800	606	62	1023	613	0
924	606	62	1023	460	0
0	637	62	4	767	109
62	637	62	0	767	106
123	637	62	14	773	96
185	637	62	0	782	73
254	637	62	15	800	42
308	637	62	42	812	0
386	637	62	161	806	0
451	637	62	279	795	0
482	637	62	342	791	0
513	637	62	411	791	0
544	637	62	496	783	0
575	637	62	590	775	0
606	637	62	699	768	0
637	637	62	821	758	0
668	637	62	889	748	0
800	637	62	1023	711	0
924	637	62	1023	539	0
0	668	62	0	857	115
62	668	62	0	857	112
123	668	62	0	861	99
185	668	62	20	865	81
254	668	62	6	872	47
308	668	62	19	879	0
386	668	62	143	877	0
451	668	62	258	874	0
482	668	62	322	870	0
513	668	62	393	868	0
544	668	62	474	867	0
575	668	62	568	863	0
606	668	62	671	859	0
637	668	62	789	854	0
668	668	62	875	847	0
800	668	62	1023	814	0
924	668	62	1023	627	0
0	800	62	27	1014	150
62	800	62	18	1016	145
123	800	62	18	1018	134
185	800	62	15	1022	117
254	800	62	8	1023	84
308	800	62	21	1023	56
386	800	62	69	1023	0
451	800	62	183	1023	0
482	800	62	241	1023	0
513	800	62	310	1023	6
544	800	62	375	1023	0
575	800	62	463	1023	0
606	800	62	559	1023	0
637	800	62	672	1023	0
668	800	62	797	1023	0
800	800	62	1023	1023	10
924	800	62	1023	951	0
0	924	62	28	1023	185
62	924	62	9	1023	178
123	924	62	26	1023	171
185	924	62	20	1023	151
254	924	62	17	1023	122
308	924	62	25	1023	95
386	924	62	0	1023	37
451	924	62	102	1023	8
482	924	62	159	1023	9
513	924	62	211	1023	0
544	924	62	280	1023	0
575	924	62	358	1023	0
606	924	62	446	1023	0
637	924	62	544	1023	0
668	924	62	660	1023	0
800	924	62	1013	1023	11
924	924	62	1023	1023	0
0	0	123	0	0	63
62	0	123	29	0	63
123	0	123	68	0	59
185	0	123	115	0	58
254	0	123	174	0	57
308	0	123	232	0	58
386	0	123	336	0	59
451	0	123	446	0	60
482	0	123	510	0	60
513	0	123	580	0	60
544	0	123	655	0	61
575	0	123	739	0	61
606	0	123	836	0	61
637	0	123	910	0	60
668	0	123	942	0	60
800	0	123	1023	10	64
924	0	123	1023	2	62
0	62	123	0	29	61
62	62	123	25	28	61
123	62	123	66	23	58
185	62	123	115	15	57
254	62	123	181	0	54
308	62	123	240	0	55
386	62	123	345	0	56
451	62	123	457	0	57
482	62	123	518	0	58
513	62	123	592	0	59
544	62	123	668	0	60
575	62	123	756	0	60
606	62	123	855	0	59
637	62	123	913	0	59
668	62	123	945	0	59
800	62	123	1023	5	63
924	62	123	1023	0	60
0	123	123	0	59	55
62	123	123	0	59	57
123	123	123	57	57	57
185	123	123	107	52	57
254	123	123	176	45	54
308	123	123	243	39	52
386	123	123	363	24	51
451	123	123	496	0	50
482	123	123	559	0	50
513	123	123	632	0	52
544	123	123	714	0	52
575	123	123	798	0	54
606	123	123	898	0	54
637	123	123	928	0	55
668	123	123	960	0	54
800	123	123	1023	8	59
924	123	123	1023	0	57
0	185	123	0	99	63
62	185	123	0	98	58
123	185	123	42	96	53
185	185	123	94	92	52
254	185	123	165	87	53
308	185	123	234	81	52
386	185	123	354	71	50
451	185	123	486	61	48
482	185	123	559	56	48
513	185	123	644	50	48
544	185	123	739	43	47
575	185	123	846	37	47
606	185	123	916	29	46
637	185	123	950	18	46
668	185	123	985	0	45
800	185	123	1023	9	52
924	185	123	1023	11	51
0	254	123	0	152	75
62	254	123	0	151	70
123	254	123	0	149	50
185	254	123	76	147	50
254	254	123	147	143	49
308	254	123	217	137	50
386	254	123	340	128	49
451	254	123	469	118	47
482	254	123	545	112	47
513	254	123	627	107	47
544	254	123	724	102	45
575	254	123	830	96	46
606	254	123	911	90	45
637	254	123	946	83	45
668	254	123	980	76	44
800	254	123	1023	47	44
924	254	123	1023	55	48
0	308	123	0	202	82
62	308	123	0	202	77
123	308	123	0	201	59
185	308	123	55	199	46
254	308	123	129	195	47
308	308	123	197	189	46
386	308	123	321	180	48
451	308	123	453	170	46
482	308	123	527	165	45
513	308	123	611	159	45
544	308	123	705	153	45
575	308	123	810	147	44
606	308	123	907	142	42
637	308	123	941	134	43
668	308	123	976	127	43
800	308	123	1023	101	43
924	308	123	1023	90	46
0	386	123	0	286	91
62	386	123	0	286	88
123	386	123	0	287	73
185	386	123	0	290	44
254	386	123	97	287	42
308	386	123	166	284	43
386	386	123	288	276	42
451	386	123	418	265	44
482	386	123	494	259	43
513	386	123	577	253	43
544	386	123	669	247	42
575	386	123	775	241	42
606	386	123	894	234	41
637	386	123	930	228	41
668	386	123	966	219	41
800	386	123	1023	188	41
924	386	123	1023	153	43
0	451	123	10	376	105
62	451	123	9	376	100
123	451	123	0	380	83
185	451	123	4	384	60
254	451	123	64	386	38
308	451	123	135	381	39
386	451	123	254	374	39
451	451	123	384	366	39
482	451	123	457	360	39
513	451	123	538	354	40
544	451	123	632	346	40
575	451	123	737	338	39
606	451	123	851	331	39
637	451	123	915	323	39
668	451	123	954	315	39
800	451	123	1023	279	39
924	451	123	1023	220	41
0	482	123	10	426	109
62	482	123	0	426	105
123	482	123	8	430	91
185	482	123	0	435	66
254	482	123	44	442	36
308	482	123	118	438	37
386	482	123	239	430	37
451	482	123	364	420	37
482	482	123	437	416	38
513	482	123	518	409	38
544	482	123	609	403	38
575	482	123	714	393	38
606	482	123	831	386	37
637	482	123	907	378	37
668	482	123	947	368	37
800	482	123	1023	328	37
924	482	123	1023	255	39
0	513	123	11	480	114
62	513	123	0	482	109
123	513	123	8	484	97
185	513	123	0	490	73
254	513	123	12	502	34
308	513	123	101	498	35
386	513	123	221	491	35
451	513	123	343	482	35
482	513	123	415	478	35
513	513	123	497	471	35
544	513	123	587	465	36
575	513	123	688	456	36
606	513	123	805	448	36
637	513	123	896	439	36
668	513	123	938	428	36
800	513	123	1023	388	36
924	513	123	1023	296	36
0	544	123	12	540	119
62	544	123	0	542	113
123	544	123	12	544	103
185	544	123	0	553	77
254	544	123	10	565	42
308	544	123	82	567	32
386	544	123	202	559	32
451	544	123	325	551	33
482	544	123	394	545	33
513	544	123	472	539	33
544	544	123	563	532	33
575	544	123	663	524	33
606	544	123	776	517	34
637	544	123	886	506	34
668	544	123	929	497	34
800	544	123	1023	453	34
924	544	123	1023	340	34
0	575	123	12	608	123
62	575	123	15	608	121
123	575	123	0	613	107
185	575	123	0	623	85
254	575	123	6	638	50
308	575	123	61	643	29
386	575	123	182	633	29
451	575	123	304	625	30
482	575	123	371	622	31
513	575	123	450	615	31
544	575	123	536	607	31
575	575	123	637	599	31
606	575	123	749	591	32
637	575	123	871	583	32
668	575	123	917	574	32
800	575	123	1023	528	33
924	575	123	1023	392	30
0	606	123	13	682	129
62	606	123	14	682	125
123	606	123	6	687	114
185	606	123	13	698	93
254	606	123	0	715	57
308	606	123	37	726	26
386	606	123	161	720	27
451	606	123	281	709	27
482	606	123	346	706	28
513	606	123	424	700	28
544	606	123	510	692	28
575	606	123	608	687	29
606	606	123	719	678	29
637	606	123	844	665	29
668	606	123	902	656	30
800	606	123	1023	611	30
924	606	123	1023	456	29
0	637	123	14	764	135
62	637	123	12	764	132
123	637	123	18	770	119
185	637	123	6	782	100
254	637	123	0	800	65
308	637	123	13	818	30
386	637	123	140	812	24
451	637	123	256	804	25
482	637	123	323	797	25
513	637	123	398	794	25
544	637	123	482	786	25
575	637	123	577	781	25
606	637	123	687	772	26
637	637	123	811	761	26
668	637	123	888	751	26
800	637	123	1023	705	28
924	637	123	1023	530	27
0	668	123	15	854	141
62	668	123	10	854	138
123	668	123	11	860	125
185	668	123	0	865	105
254	668	123	16	871	74
308	668	123	14	879	39
386	668	123	118	881	19
451	668	123	235	877	20
482	668	123	300	874	21
513	668	123	371	872	21
544	668	123	453	870	21
575	668	123	547	865	22
606	668	123	654	862	22
637	668	123	776	855	23
668	668	123	871	849	23
800	668	123	1023	811	26
924	668	123	1023	616	25
0	800	123	16	1014	170
62	800	123	0	1016	165
123	800	123	0	1018	157
185	800	123	26	1021	142
254	800	123	22	1023	108
308	800	123	11	1023	77
386	800	123	14	1023	13
451	800	123	141	1023	0
482	800	123	203	1023	0
513	800	123	268	1023	1
544	800	123	342	1023	5
575	800	123	415	1023	0
606	800	123	516	1023	0
637	800	123	627	1023	0
668	800	123	755	1023	0
800	800	123	1023	1023	0
924	800	123	1023	947	9
0	924	123	18	1023	208
62	924	123	29	1023	208
123	924	123	14	1023	194
185	924	123	0	1023	174
254	924	123	0	1023	143
308	924	123	15	1023	114
386	924	123	26	1023	64
451	924	123	48	1023	0
482	924	123	112	1023	0
513	924	123	176	1023	0
544	924	123	241	1023	0
575	924	123	315	1023	0
606	924	123	401	1023	4
637	924	123	500	1023	7
668	924	123	611	1023	9
800	924	123	995	1023	0
924	924	123	1023	1023	0
0	0	185	0	8	103
62	0	185	23	0	105
123	0	185	64	0	101
185	0	185	112	0	92
254	0	185	171	0	93
308	0	185	231	0	92
386	0	185	333	0	92
451	0	185	442	0	93
482	0	185	506	0	93
513	0	185	575	0	93
544	0	185	650	0	94
575	0	185	733	0	94
606	0	185	830	0	95
637	0	185	908	0	93
668	0	185	940	0	94
800	0	185	1023	11	97
924	0	185	1023	8	93
0	62	185	0	30	98
62	62	185	17	26	101
123	62	185	62	22	100
185	62	185	112	13	96
254	62	185	178	0	92
308	62	185	239	0	90
386	62	185	344	0	91
451	62	185	453	0	91
482	62	185	514	0	92
513	62	185	587	0	91
544	62	185	663	0	93
575	62	185	750	0	93
606	62	185	849	0	93
637	62	185	911	0	92
668	62	185	944	0	92
800	62	185	1023	8	96
924	62	185	1023	0	91
0	123	185	0	60	92
62	123	185	0	58	98
123	123	185	54	56	97
185	123	185	105	52	95
254	123	185	174	45	92
308	123	185	241	38	90
386	123	185	361	23	86
451	123	185	492	0	84
482	123	185	557	0	84
513	123	185	630	0	86
544	123	185	706	0	87
575	123	185	795	0	87
606	123	185	894	0	87
637	123	185	927	3	87
668	123	185	958	0	86
800	123	185	1023	10	92
924	123	185	1023	0	87
0	185	185	0	98	93
62	185	185	0	97	93
123	185	185	38	95	92
185	185	185	92	92	92
254	185	185	163	86	92
308	185	185	232	81	89
386	185	185	353	71	85
451	185	185	484	61	84
482	185	185	557	55	82
513	185	185	644	49	80
544	185	185	739	43	81
575	185	185	843	37	79
606	185	185	915	28	78
637	185	185	949	17	77
668	185	185	984	0	76
800	185	185	1023	10	83
924	185	185	1023	12	78
0	254	185	0	149	102
62	254	185	0	149	99
123	254	185	0	148	89
185	254	185	73	146	88
254	254	185	146	143	86
308	254	185	215	137	88
386	254	185	337	128	85
451	254	185	467	117	83
482	254	185	543	112	81
513	254	185	624	107	80
544	254	185	721	102	80
575	254	185	827	96	78
606	254	185	910	89	77
637	254	185	945	83	76
668	254	185	980	76	75
800	254	185	1023	47	74
924	254	185	1023	55	75
0	308	185	0	199	111
62	308	185	0	199	108
123	308	185	0	199	94
185	308	185	51	200	83
254	308	185	127	195	84
308	308	185	195	189	82
386	308	185	320	180	84
451	308	185	451	170	81
482	308	185	525	164	80
513	308	185	609	159	79
544	308	185	703	154	78
575	308	185	810	147	77
606	308	185	906	141	74
637	308	185	941	134	73
668	308	185	975	128	74
800	308	185	1023	101	73
924	308	185	1023	91	72
0	386	185	0	283	125
62	386	185	0	283	122
123	386	185	0	286	109
185	386	185	0	290	82
254	386	185	95	287	79
308	386	185	164	284	78
386	386	185	287	275	78
451	386	185	416	265	79
482	386	185	492	259	78
513	386	185	575	253	77
544	386	185	666	247	77
575	386	185	773	241	76
606	386	185	891	234	76
637	386	185	929	227	73
668	386	185	966	219	73
800	386	185	1023	188	71
924	386	185	1023	153	70
0	451	185	11	373	136
62	451	185	9	375	132
123	451	185	8	376	122
185	451	185	0	383	97
254	451	185	62	386	74
308	451	185	132	381	75
386	451	185	253	374	75
451	451	185	382	366	74
482	451	185	455	360	74
513	451	185	538	354	75
544	451	185	629	346	75
575	451	185	734	338	74
606	451	185	851	331	73
637	451	185	914	323	72
668	451	185	953	315	72
800	451	185	1023	279	70
924	451	185	1023	221	68
0	482	185	12	423	142
62	482	185	0	424	137
123	482	185	2	428	126
185	482	185	0	433	102
254	482	185	41	442	72
308	482	185	117	438	72
386	482	185	237	428	72
451	482	185	362	420	72
482	482	185	435	416	72
513	482	185	516	409	73
544	482	185	609	401	73
575	482	185	711	394	72
606	482	185	828	386	71
637	482	185	906	378	70
668	482	185	946	368	70
800	482	185	1023	328	68
924	482	185	1023	256	66
0	513	185	13	476	148
62	513	185	0	478	142
123	513	185	6	482	130
185	513	185	0	490	110
254	513	185	0	502	70
308	513	185	100	498	70
386	513	185	219	491	71
451	513	185	342	482	71
482	513	185	413	478	70
513	513	185	495	471	70
544	513	185	585	465	70
575	513	185	688	456	70
606	513	185	805	448	70
637	513	185	895	439	69
668	513	185	937	429	69
800	513	185	1023	388	67
924	513	185	1023	296	64
0	544	185	14	535	154
62	544	185	0	537	147
123	544	185	12	542	138
185	544	185	0	551	115
254	544	185	0	565	77
308	544	185	80	567	68
386	544	185	200	559	68
451	544	185	322	551	68
482	544	185	391	545	69
513	544	185	470	540	68
544	544	185	560	532	68
575	544	185	661	524	68
606	544	185	776	517	68
637	544	185	886	506	68
668	544	185	928	497	68
800	544	185	1023	453	67
924	544	185	1023	340	61
0	575	185	15	604	161
62	575	185	17	606	156
123	575	185	0	611	142
185	575	185	0	621	122
254	575	185	11	635	86
308	575	185	59	643	65
386	575	185	180	633	66
451	575	185	302	625	67
482	575	185	369	622	67
513	575	185	448	615	67
544	575	185	534	608	66
575	575	185	634	599	66
606	575	185	746	591	67
637	575	185	871	583	67
668	575	185	917	574	67
800	575	185	1023	528	65
924	575	185	1023	394	58
0	606	185	16	677	166
62	606	185	16	680	163
123	606	185	9	685	149
185	606	185	14	696	129
254	606	185	0	712	93
308	606	185	34	726	63
386	606	185	159	720	64
451	606	185	279	709	64
482	606	185	345	706	64
513	606	185	422	700	65
544	606	185	508	692	65
575	606	185	606	684	64
606	606	185	717	675	64
637	606	185	841	666	64
668	606	185	902	656	65
800	606	185	1023	611	64
924	606	185	1023	456	57
0	637	185	17	759	172
62	637	185	16	762	168
123	637	185	0	767	155
185	637	185	9	779	134
254	637	185	4	797	102
308	637	185	0	815	66
386	637	185	139	812	62
451	637	185	255	804	62
482	637	185	321	797	62
513	637	185	394	794	62
544	637	185	479	786	62
575	637	185	575	778	62
606	637	185	684	772	62
637	637	185	808	762	62
668	637	185	886	752	62
800	637	185	1023	705	62
924	637	185	1023	530	56
0	668	185	19	848	179
62	668	185	15	851	174
123	668	185	15	857	164
185	668	185	8	864	140
254	668	185	0	871	107
308	668	185	0	879	74
386	668	185	117	881	58
451	668	185	233	877	59
482	668	185	299	874	59
513	668	185	369	871	59
544	668	185	451	870	60
575	668	185	545	865	60
606	668	185	651	862	60
637	668	185	773	856	60
668	668	185	870	849	60
800	668	185	1023	811	61
924	668	185	1023	616	55
0	800	185	24	1013	216
62	800	185	14	1014	210
123	800	185	14	1016	199
185	800	185	8	1021	177
254	800	185	0	1023	143
308	800	185	20	1023	113
386	800	185	0	1023	56
451	800	185	133	1023	49
482	800	185	194	1023	49
513	800	185	260	1023	49
544	800	185	333	1023	50
575	800	185	417	1023	50
606	800	185	516	1023	50
637	800	185	625	1023	50
668	800	185	752	1023	51
800	800	185	1023	1023	52
924	800	185	1023	948	49
0	924	185	30	1023	251
62	924	185	13	1023	243
123	924	185	27	1023	235
185	924	185	22	1023	217
254	924	185	19	1023	186
308	924	185	27	1023	154
386	924	185	16	1023	97
451	924	185	13	1023	41
482	924	185	83	1023	37
513	924	185	146	1023	37
544	924	185	215	1023	37
575	924	185	288	1023	38
606	924	185	371	1023	38
637	924	185	466	1023	38
668	924	185	575	1023	39
800	924	185	986	1023	41
924	924	185	1023	1023	41
0	0	254	0	14	151
62	0	254	0	0	161
123	0	254	58	0	159
185	0	254	108	0	147
254	0	254	169	0	141
308	0	254	229	0	138
386	0	254	330	0	139
451	0	254	438	0	138
482	0	254	502	0	139
513	0	254	571	0	138
544	0	254	642	3	139
575	0	254	728	0	139
606	0	254	824	0	139
637	0	254	907	0	138
668	0	254	938	0	138
800	0	254	1023	13	141
924	0	254	1023	10	134
0	62	254	0	32	147
62	62	254	0	23	160
123	62	254	56	20	159
185	62	254	107	10	153
254	62	254	175	0	148
308	62	254	234	0	139
386	62	254	341	0	139
451	62	254	449	0	138
482	62	254	510	0	138
513	62	254	582	0	137
544	62	254	657	0	138
575	62	254	745	0	138
606	62	254	843	0	138
637	62	254	909	6	138
668	62	254	942	0	137
800	62	254	1023	10	140
924	62	254	1023	0	131
0	123	254	0	60	137
62	123	254	0	58	148
123	123	254	48	54	155
185	123	254	100	50	153
254	123	254	170	44	147
308	123	254	238	37	143
386	123	254	358	22	139
451	123	254	486	0	135
482	123	254	549	0	135
513	123	254	625	0	134
544	123	254	701	0	134
575	123	254	790	0	134
606	123	254	891	0	134
637	123	254	925	4	133
668	123	254	957	0	132
800	123	254	1023	11	136
924	123	254	1023	6	126
0	185	254	0	96	133
62	185	254	0	95	137
123	185	254	32	93	144
185	185	254	89	91	148
254	185	254	160	85	145
308	185	254	229	80	143
386	185	254	350	70	137
451	185	254	481	61	133
482	185	254	555	55	133
513	185	254	637	49	131
544	185	254	733	42	129
575	185	254	840	36	127
606	185	254	914	28	126
637	185	254	949	16	125
668	185	254	980	9	124
800	185	254	1023	10	128
924	185	254	1023	13	116
0	254	254	0	147	140
62	254	254	0	147	140
123	254	254	0	147	142
185	254	254	69	146	142
254	254	254	142	142	142
308	254	254	211	136	142
386	254	254	335	126	136
451	254	254	465	117	132
482	254	254	538	112	130
513	254	254	622	107	130
544	254	254	718	102	128
575	254	254	824	96	126
606	254	254	909	89	124
637	254	254	944	83	123
668	254	254	978	75	121
800	254	254	1023	46	118
924	254	254	1023	49	110
0	308	254	0	196	145
62	308	254	0	196	144
123	308	254	0	198	139
185	308	254	47	199	137
254	308	254	124	195	137
308	308	254	192	188	134
386	308	254	317	180	135
451	308	254	448	169	132
482	308	254	521	165	130
513	308	254	607	159	129
544	308	254	700	153	127
575	308	254	803	147	125
606	308	254	903	141	123
637	308	254	938	134	122
668	308	254	974	127	121
800	308	254	1023	100	117
924	308	254	1023	91	110
0	386	254	0	280	164
62	386	254	0	282	162
123	386	254	0	283	153
185	386	254	0	289	131
254	386	254	92	287	129
308	386	254	161	282	129
386	386	254	284	275	128
451	386	254	413	264	130
482	386	254	488	259	128
513	386	254	571	253	127
544	386	254	664	247	125
575	386	254	770	241	124
606	386	254	887	234	123
637	386	254	927	227	121
668	386	254	964	219	120
800	386	254	1023	188	115
924	386	254	1023	153	108
0	451	254	5	371	178
62	451	254	0	371	175
123	451	254	0	375	165
185	451	254	0	381	146
254	451	254	58	386	125
308	451	254	129	381	125
386	451	254	250	373	125
451	451	254	379	364	124
482	451	254	451	358	126
513	451	254	534	354	124
544	451	254	627	347	124
575	451	254	728	339	122
606	451	254	845	331	121
637	451	254	913	323	120
668	451	254	952	315	119
800	451	254	1023	279	114
924	451	254	1023	218	103
0	482	254	0	421	182
62	482	254	0	422	179
123	482	254	9	424	172
185	482	254	8	431	153
254	482	254	37	440	122
308	482	254	114	436	123
386	482	254	234	429	122
451	482	254	358	420	123
482	482	254	431	416	122
513	482	254	514	409	121
544	482	254	604	401	122
575	482	254	709	394	120
606	482	254	825	386	119
637	482	254	905	376	117
668	482	254	945	367	117
800	482	254	1023	328	112
924	482	254	1023	256	103
0	513	254	0	474	192
62	513	254	10	476	188
123	513	254	10	478	177
185	513	254	0	486	158
254	513	254	0	500	121
308	513	254	96	498	120
386	513	254	217	491	120
451	513	254	339	482	120
482	513	254	409	478	119
513	513	254	492	471	119
544	513	254	582	465	118
575	513	254	683	455	119
606	513	254	799	448	117
637	513	254	894	437	116
668	513	254	936	429	115
800	513	254	1023	388	112
924	513	254	1023	297	101
0	544	254	0	533	201
62	544	254	4	535	197
123	544	254	15	537	185
185	544	254	0	549	164
254	544	254	0	562	126
308	544	254	77	565	116
386	544	254	198	557	117
451	544	254	320	549	117
482	544	254	389	545	118
513	544	254	468	540	117
544	544	254	558	532	116
575	544	254	658	524	116
606	544	254	770	517	117
637	544	254	883	506	114
668	544	254	927	497	115
800	544	254	1023	453	111
924	544	254	1023	337	96
0	575	254	0	601	207
62	575	254	0	604	205
123	575	254	0	608	191
185	575	254	0	618	169
254	575	254	9	633	136
308	575	254	56	643	115
386	575	254	176	633	115
451	575	254	299	625	115
482	575	254	366	622	114
513	575	254	444	615	114
544	575	254	532	608	114
575	575	254	631	599	113
606	575	254	744	592	113
637	575	254	868	583	114
668	575	254	916	571	113
800	575	254	1023	526	110
924	575	254	1023	394	96
0	606	254	0	677	215
62	606	254	0	677	211
123	606	254	14	682	201
185	606	254	14	690	179
254	606	254	0	709	143
308	606	254	29	726	111
386	606	254	157	720	111
451	606	254	277	709	112
482	606	254	342	704	111
513	606	254	418	700	111
544	606	254	504	692	112
575	606	254	603	684	111
606	606	254	714	675	111
637	606	254	837	666	111
668	606	254	901	656	111
800	606	254	1023	611	109
924	606	254	1023	458	95
0	637	254	0	759	221
62	637	254	0	759	218
123	637	254	0	764	208
185	637	254	11	773	186
254	637	254	3	794	152
308	637	254	9	815	116
386	637	254	136	812	109
451	637	254	252	801	109
482	637	254	319	797	109
513	637	254	392	794	109
544	637	254	477	787	110
575	637	254	571	778	109
606	637	254	681	769	109
637	637	254	805	759	109
668	637	254	885	749	108
800	637	254	1023	705	108
924	637	254	1023	533	95
0	668	254	0	848	228
62	668	254	20	845	228
123	668	254	18	851	217
185	668	254	11	861	191
254	668	254	0	870	157
308	668	254	5	879	120
386	668	254	114	880	106
451	668	254	230	877	106
482	668	254	296	874	106
513	668	254	366	871	106
544	668	254	447	870	107
575	668	254	542	865	107
606	668	254	646	861	106
637	668	254	769	856	106
668	668	254	868	849	105
800	668	254	1023	811	107
924	668	254	1023	616	95
0	800	254	0	1012	263
62	800	254	22	1012	264
123	800	254	21	1014	251
185	800	254	16	1019	237
254	800	254	10	1023	198
308	800	254	0	1023	161
386	800	254	18	1023	106
451	800	254	130	1023	97
482	800	254	192	1023	97
513	800	254	257	1023	97
544	800	254	329	1023	97
575	800	254	415	1023	97
606	800	254	511	1023	98
637	800	254	622	1023	98
668	800	254	748	1023	98
800	800	254	1023	1023	99
924	800	254	1023	948	92
0	924	254	11	1023	307
62	924	254	25	1023	307
123	924	254	0	1023	293
185	924	254	29	1023	279
254	924	254	26	1023	244
308	924	254	0	1023	208
386	924	254	25	1023	149
451	924	254	0	1023	89
482	924	254	80	1023	86
513	924	254	143	1023	86
544	924	254	212	1023	86
575	924	254	285	1023	87
606	924	254	368	1023	87
637	924	254	464	1023	87
668	924	254	572	1023	88
800	924	254	985	1023	90
924	924	254	1023	1023	89
0	0	308	0	15	196
62	0	308	0	0	213
123	0	308	54	0	210
185	0	308	103	0	197
254	0	308	166	0	190
308	0	308	226	0	185
386	0	308	329	0	182
451	0	308	432	0	182
482	0	308	498	0	182
513	0	308	566	0	182
544	0	308	645	0	182
575	0	308	725	5	182
606	0	308	820	0	182
637	0	308	906	0	182
668	0	308	937	0	182
800	0	308	1023	15	185
924	0	308	1023	13	173
0	62	308	0	31	191
62	62	308	0	23	210
123	62	308	49	17	215
185	62	308	102	3	211
254	62	308	170	0	202
308	62	308	231	0	189
386	62	308	338	0	184
451	62	308	444	0	184
482	62	308	508	0	182
513	62	308	577	0	182
544	62	308	650	2	182
575	62	308	739	0	182
606	62	308	840	0	182
637	62	308	908	8	181
668	62	308	940	0	181
800	62	308	1023	12	184
924	62	308	1023	0	170
0	123	308	0	60	181
62	123	308	0	57	194
123	123	308	42	53	211
185	123	308	95	50	207
254	123	308	166	43	203
308	123	308	234	36	198
386	123	308	355	21	191
451	123	308	482	0	184
482	123	308	547	0	182
513	123	308	620	0	181
544	123	308	698	0	180
575	123	308	787	0	178
606	123	308	884	0	179
637	123	308	923	5	178
668	123	308	955	0	177
800	123	308	1023	12	180
924	123	308	1023	8	164
0	185	308	0	96	170
62	185	308	0	96	180
123	185	308	22	93	197
185	185	308	84	90	204
254	185	308	156	85	200
308	185	308	225	79	197
386	185	308	346	70	189
451	185	308	477	59	184
482	185	308	550	54	182
513	185	308	634	48	179
544	185	308	731	42	177
575	185	308	836	35	175
606	185	308	913	27	173
637	185	308	948	15	170
668	185	308	979	7	169
800	185	308	1023	9	172
924	185	308	1023	13	153
0	254	308	0	146	175
62	254	308	0	146	178
123	254	308	0	147	191
185	254	308	65	145	192
254	254	308	137	139	195
308	254	308	207	135	193
386	254	308	330	126	187
451	254	308	461	116	183
482	254	308	535	111	181
513	254	308	620	106	179
544	254	308	712	101	175
575	254	308	820	95	174
606	254	308	908	89	172
637	254	308	943	82	169
668	254	308	977	75	167
800	254	308	1023	46	162
924	254	308	1023	49	146
0	308	308	0	194	183
62	308	308	0	195	183
123	308	308	0	196	187
185	308	308	42	198	190
254	308	308	121	194	190
308	308	308	188	188	188
386	308	308	314	178	188
451	308	308	444	169	181
482	308	308	519	164	179
513	308	308	602	158	177
544	308	308	695	152	174
575	308	308	800	146	173
606	308	308	902	140	171
637	308	308	937	134	169
668	308	308	973	127	166
800	308	308	1023	100	161
924	308	308	1023	91	146
0	386	308	0	279	197
62	386	308	0	280	195
123	386	308	0	282	190
185	386	308	0	287	179
254	386	308	88	287	181
308	386	308	157	282	181
386	386	308	280	275	177
451	386	308	409	264	181
482	386	308	484	258	178
513	386	308	568	253	176
544	386	308	661	246	174
575	386	308	764	240	173
606	386	308	883	234	171
637	386	308	926	227	167
668	386	308	963	219	167
800	386	308	1023	187	160
924	386	308	1023	153	145
0	451	308	12	369	216
62	451	308	2	369	214
123	451	308	8	372	207
185	451	308	0	379	191
254	451	308	54	386	174
308	451	308	126	381	174
386	451	308	247	373	173
451	451	308	375	364	172
482	451	308	449	358	175
513	451	308	530	354	174
544	451	308	622	345	171
575	451	308	725	339	170
606	451	308	842	331	169
637	451	308	912	323	165
668	451	308	951	313	164
800	451	308	1023	279	158
924	451	308	1023	217	139
0	482	308	6	418	225
62	482	308	0	420	221
123	482	308	0	422	214
185	482	308	0	429	196
254	482	308	32	440	171
308	482	308	111	436	171
386	482	308	231	429	170
451	482	308	356	419	170
482	482	308	429	413	169
513	482	308	510	407	170
544	482	308	602	401	169
575	482	308	706	392	168
606	482	308	818	386	167
637	482	308	904	376	163
668	482	308	944	366	162
800	482	308	1023	328	156
924	482	308	1023	252	137
0	513	308	0	472	233
62	513	308	10	474	230
123	513	308	0	478	221
185	513	308	0	484	204
254	513	308	0	500	170
308	513	308	93	498	168
386	513	308	214	491	168
451	513	308	336	480	168
482	513	308	408	476	167
513	513	308	488	471	167
544	513	308	578	463	167
575	513	308	681	455	166
606	513	308	795	448	164
637	513	308	893	438	162
668	513	308	935	427	161
800	513	308	1023	386	156
924	513	308	1023	293	134
0	544	308	0	533	241
62	544	308	0	533	238
123	544	308	9	537	229
185	544	308	0	546	211
254	544	308	0	562	174
308	544	308	73	565	164
386	544	308	194	557	165
451	544	308	317	549	165
482	544	308	386	543	164
513	544	308	464	540	163
544	544	308	553	532	163
575	544	308	653	524	162
606	544	308	767	515	163
637	544	308	882	506	161
668	544	308	926	495	160
800	544	308	1023	453	155
924	544	308	1023	335	132
0	575	308	0	601	249
62	575	308	0	601	246
123	575	308	16	606	237
185	575	308	10	616	218
254	575	308	11	631	185
308	575	308	52	643	160
386	575	308	173	634	161
451	575	308	296	625	161
482	575	308	362	619	161
513	575	308	440	615	161
544	575	308	527	608	161
575	575	308	626	599	160
606	575	308	741	592	159
637	575	308	865	584	160
668	575	308	913	572	159
800	575	308	1023	526	154
924	575	308	1023	392	132
0	606	308	18	672	255
62	606	308	17	675	255
123	606	308	0	680	246
185	606	308	0	690	224
254	606	308	0	707	192
308	606	308	23	726	158
386	606	308	154	718	158
451	606	308	274	709	157
482	606	308	339	704	158
513	606	308	416	700	158
544	606	308	502	692	157
575	606	308	598	684	156
606	606	308	708	675	157
637	606	308	834	666	156
668	606	308	899	656	157
800	606	308	1023	611	154
924	606	308	1023	460	132
0	637	308	18	753	265
62	637	308	16	756	261
123	637	308	17	762	251
185	637	308	18	770	234
254	637	308	11	791	201
308	637	308	13	812	164
386	637	308	133	812	155
451	637	308	250	801	155
482	637	308	316	797	155
513	637	308	389	791	154
544	637	308	473	787	155
575	637	308	568	778	154
606	637	308	678	769	154
637	637	308	801	759	153
668	637	308	884	749	152
800	637	308	1023	705	152
924	637	308	1023	533	131
0	668	308	19	842	274
62	668	308	15	845	271
123	668	308	9	851	259
185	668	308	20	860	241
254	668	308	0	869	206
308	668	308	13	877	168
386	668	308	112	880	150
451	668	308	228	877	150
482	668	308	293	875	151
513	668	308	363	871	151
544	668	308	445	870	151
575	668	308	538	865	151
606	668	308	643	861	151
637	668	308	766	854	150
668	668	308	867	847	149
800	668	308	1023	811	150
924	668	308	1023	616	132
0	800	308	23	1011	324
62	800	308	10	1012	318
123	800	308	6	1014	307
185	800	308	26	1017	290
254	800	308	20	1023	248
308	800	308	10	1023	214
386	800	308	6	1023	150
451	800	308	128	1023	140
482	800	308	189	1023	140
513	800	308	255	1023	141
544	800	308	328	1023	141
575	800	308	412	1023	141
606	800	308	509	1023	141
637	800	308	617	1023	142
668	800	308	745	1023	142
800	800	308	1023	1023	143
924	800	308	1023	948	132
0	924	308	29	1023	368
62	924	308	11	1023	360
123	924	308	25	1023	353
185	924	308	17	1023	330
254	924	308	10	1023	297
308	924	308	21	1023	264
386	924	308	13	1023	198
451	924	308	20	1023	136
482	924	308	77	1023	128
513	924	308	142	1023	128
544	924	308	210	1023	128
575	924	308	282	1023	129
606	924	308	366	1023	129
637	924	308	460	1023	129
668	924	308	569	1023	130
800	924	308	983	1023	133
924	924	308	1023	1023	132
0	0	386	0	15	274
62	0	386	0	0	293
123	0	386	48	0	298
185	0	386	98	0	283
254	0	386	160	0	277
308	0	386	221	0	270
386	0	386	323	0	264
451	0	386	432	0	264
482	0	386	491	0	263
513	0	386	561	0	259
544	0	386	637	0	258
575	0	386	725	0	256
606	0	386	811	7	257
637	0	386	903	4	258
668	0	386	934	0	258
800	0	386	1023	0	258
924	0	386	1023	14	240
0	62	386	0	29	270
62	62	386	0	24	290
123	62	386	38	12	313
185	62	386	92	0	310
254	62	386	162	0	293
308	62	386	225	0	280
386	62	386	332	0	270
451	62	386	440	0	264
482	62	386	500	0	261
513	62	386	573	0	261
544	62	386	653	0	260
575	62	386	733	0	257
606	62	386	830	0	259
637	62	386	907	11	259
668	62	386	938	7	258
800	62	386	1023	14	259
924	62	386	1023	3	236
0	123	386	0	58	260
62	123	386	0	56	275
123	123	386	27	50	311
185	123	386	86	47	307
254	123	386	157	41	302
308	123	386	227	35	296
386	123	386	348	18	288
451	123	386	474	0	278
482	123	386	540	0	272
513	123	386	609	0	268
544	123	386	690	0	264
575	123	386	778	0	262
606	123	386	878	0	261
637	123	386	921	4	259
668	123	386	950	12	257
800	123	386	1023	13	257
924	123	386	1023	10	231
0	185	386	0	95	246
62	185	386	0	95	258
123	185	386	0	90	303
185	185	386	76	88	302
254	185	386	147	84	300
308	185	386	218	78	295
386	185	386	340	69	286
451	185	386	470	58	277
482	185	386	542	52	275
513	185	386	627	46	270
544	185	386	722	41	267
575	185	386	827	34	263
606	185	386	911	25	260
637	185	386	946	12	257
668	185	386	977	0	254
800	185	386	1023	8	252
924	185	386	1023	14	219
0	254	386	0	146	240
62	254	386	0	146	248
123	254	386	0	146	275
185	254	386	56	143	289
254	254	386	132	138	294
308	254	386	201	133	290
386	254	386	324	124	283
451	254	386	455	116	277
482	254	386	529	110	273
513	254	386	612	105	269
544	254	386	707	100	267
575	254	386	811	94	262
606	254	386	907	87	259
637	254	386	941	81	257
668	254	386	975	74	253
800	254	386	1023	45	244
924	254	386	1023	49	212
0	308	386	0	193	245
62	308	386	0	194	247
123	308	386	0	195	262
185	308	386	32	195	277
254	308	386	115	191	277
308	308	386	182	187	285
386	308	386	307	177	278
451	308	386	438	168	275
482	308	386	513	163	270
513	308	386	595	157	267
544	308	386	687	152	264
575	308	386	794	145	261
606	308	386	899	139	259
637	308	386	935	133	255
668	308	386	971	126	252
800	308	386	1023	99	243
924	308	386	1023	87	209
0	386	386	0	277	261
62	386	386	0	279	262
123	386	386	0	280	264
185	386	386	0	286	272
254	386	386	81	285	274
308	386	386	151	280	274
386	386	386	272	272	272
451	386	386	404	262	274
482	386	386	478	258	272
513	386	386	561	253	265
544	386	386	653	246	262
575	386	386	758	239	259
606	386	386	874	234	257
637	386	386	924	226	253
668	386	386	961	219	252
800	386	386	1023	187	242
924	386	386	1023	149	209
0	451	386	0	366	277
62	451	386	0	366	277
123	451	386	0	369	272
185	451	386	0	376	269
254	451	386	46	383	266
308	451	386	121	379	265
386	451	386	242	371	264
451	451	386	370	364	262
482	451	386	443	357	266
513	451	386	523	351	265
544	451	386	616	346	261
575	451	386	717	338	258
606	451	386	835	330	257
637	451	386	910	322	252
668	451	386	949	313	252
800	451	386	1023	278	239
924	451	386	1023	217	207
0	482	386	0	415	288
62	482	386	11	415	288
123	482	386	10	419	280
185	482	386	0	426	273
254	482	386	20	439	260
308	482	386	105	435	260
386	482	386	225	427	261
451	482	386	350	419	260
482	482	386	422	413	257
513	482	386	504	407	260
544	482	386	595	400	257
575	482	386	697	392	256
606	482	386	812	385	253
637	482	386	900	377	247
668	482	386	941	365	246
800	482	386	1023	326	236
924	482	386	1023	252	204
0	513	386	16	470	299
62	513	386	0	472	296
123	513	386	9	474	292
185	513	386	12	482	281
254	513	386	0	496	259
308	513	386	87	496	255
386	513	386	208	489	257
451	513	386	332	480	256
482	513	386	401	474	255
513	513	386	482	470	254
544	513	386	570	463	256
575	513	386	673	455	255
606	513	386	789	447	251
637	513	386	890	438	247
668	513	386	933	427	246
800	513	386	1023	386	236
924	513	386	1023	293	202
0	544	386	10	529	308
62	544	386	13	531	308
123	544	386	12	535	300
185	544	386	13	542	288
254	544	386	0	558	262
308	544	386	67	564	252
386	544	386	189	557	252
451	544	386	311	549	252
482	544	386	379	543	251
513	544	386	458	538	251
544	544	386	546	530	251
575	544	386	648	522	253
606	544	386	761	515	250
637	544	386	880	506	246
668	544	386	924	495	245
800	544	386	1023	451	236
924	544	386	1023	335	199
0	575	386	0	597	318
62	575	386	0	597	316
123	575	386	16	602	312
185	575	386	0	612	294
254	575	386	5	628	267
308	575	386	44	640	248
386	575	386	168	630	249
451	575	386	290	624	249
482	575	386	356	618	248
513	575	386	434	611	247
544	575	386	520	606	248
575	575	386	621	599	246
606	575	386	732	590	247
637	575	386	859	581	246
668	575	386	911	572	242
800	575	386	1023	526	235
924	575	386	1023	394	200
0	606	386	0	672	327
62	606	386	19	672	327
123	606	386	0	677	319
185	606	386	13	685	303
254	606	386	0	704	274
308	606	386	0	723	243
386	606	386	149	717	244
451	606	386	268	706	244
482	606	386	333	704	244
513	606	386	409	698	243
544	606	386	495	690	243
575	606	386	593	684	242
606	606	386	702	675	242
637	606	386	825	666	241
668	606	386	896	654	242
800	606	386	1023	608	234
924	606	386	1023	458	199
0	637	386	19	751	339
62	637	386	16	753	336
123	637	386	15	759	328
185	637	386	10	770	311
254	637	386	13	788	284
308	637	386	7	809	246
386	637	386	128	809	239
451	637	386	244	800	240
482	637	386	310	797	240
513	637	386	384	791	240
544	637	386	467	784	239
575	637	386	561	778	238
606	637	386	670	769	238
637	637	386	792	759	238
668	637	386	881	749	233
800	637	386	1023	702	233
924	637	386	1023	533	200
0	668	386	18	839	346
62	668	386	13	842	342
123	668	386	0	848	335
185	668	386	11	860	320
254	668	386	8	867	287
308	668	386	9	876	251
386	668	386	107	880	234
451	668	386	223	874	234
482	668	386	288	872	236
513	668	386	358	871	236
544	668	386	439	868	235
575	668	386	533	866	235
606	668	386	636	861	234
637	668	386	757	855	234
668	668	386	863	848	232
800	668	386	1023	808	232
924	668	386	1023	619	201
0	800	386	16	1009	402
62	800	386	27	1009	402
123	800	386	24	1012	389
185	800	386	15	1017	376
254	800	386	0	1023	330
308	800	386	14	1023	301
386	800	386	11	1023	234
451	800	386	122	1023	221
482	800	386	184	1023	222
513	800	386	248	1023	222
544	800	386	322	1023	222
575	800	386	407	1023	222
606	800	386	502	1023	222
637	800	386	612	1023	223
668	800	386	735	1023	223
800	800	386	1023	1023	224
924	800	386	1023	951	205
0	924	386	18	1023	461
62	924	386	28	1023	463
123	924	386	8	1023	446
185	924	386	29	1023	429
254	924	386	22	1023	396
308	924	386	27	1023	361
386	924	386	18	1023	286
451	924	386	0	1023	214
482	924	386	72	1023	205
513	924	386	137	1023	206
544	924	386	206	1023	207
575	924	386	278	1023	207
606	924	386	360	1023	207
637	924	386	454	1023	209
668	924	386	562	1023	209
800	924	386	980	1023	213
924	924	386	1023	1023	209
0	0	451	0	15	349
62	0	451	0	0	368
123	0	451	42	0	382
185	0	451	91	0	376
254	0	451	155	0	367
308	0	451	215	0	359
386	0	451	319	0	349
451	0	451	427	0	350
482	0	451	487	0	347
513	0	451	555	0	345
544	0	451	634	0	341
575	0	451	722	0	340
606	0	451	808	10	339
637	0	451	902	8	331
668	0	451	933	6	331
800	0	451	1023	0	336
924	0	451	1023	16	311
0	62	451	0	30	345
62	62	451	0	26	363
123	62	451	22	0	417
185	62	451	82	0	414
254	62	451	154	0	390
308	62	451	217	0	372
386	62	451	327	0	361
451	62	451	434	0	352
482	62	451	501	0	349
513	62	451	566	0	347
544	62	451	648	0	345
575	62	451	728	0	341
606	62	451	827	0	339
637	62	451	908	0	325
668	62	451	936	10	336
800	62	451	1023	16	338
924	62	451	1023	8	309
0	123	451	0	57	336
62	123	451	0	55	354
123	123	451	0	47	415
185	123	451	77	45	414
254	123	451	148	39	409
308	123	451	218	32	402
386	123	451	340	15	392
451	123	451	463	0	375
482	123	451	528	0	365
513	123	451	601	0	360
544	123	451	685	0	355
575	123	451	773	0	351
606	123	451	871	0	346
637	123	451	919	4	333
668	123	451	949	12	342
800	123	451	1023	14	337
924	123	451	1023	12	301
0	185	451	0	94	321
62	185	451	0	94	334
123	185	451	0	88	390
185	185	451	66	85	409
254	185	451	139	82	405
308	185	451	208	76	400
386	185	451	332	67	391
451	185	451	461	57	380
482	185	451	536	51	375
513	185	451	620	45	371
544	185	451	714	40	365
575	185	451	820	33	359
606	185	451	908	23	353
637	185	451	943	8	350
668	185	451	974	0	345
800	185	451	1023	6	336
924	185	451	1023	14	288
0	254	451	0	145	307
62	254	451	0	145	319
123	254	451	0	144	356
185	254	451	46	141	394
254	254	451	124	136	400
308	254	451	192	133	396
386	254	451	316	123	386
451	254	451	446	115	378
482	254	451	521	110	372
513	254	451	604	105	370
544	254	451	698	99	366
575	254	451	804	93	359
606	254	451	904	87	353
637	254	451	939	80	348
668	254	451	973	73	346
800	254	451	1023	44	332
924	254	451	1023	42	276
0	308	451	0	193	307
62	308	451	0	193	312
123	308	451	0	193	338
185	308	451	16	192	381
254	308	451	107	189	380
308	308	451	176	185	389
386	308	451	299	176	383
451	308	451	428	168	377
482	308	451	502	162	372
513	308	451	586	156	368
544	308	451	681	151	363
575	308	451	784	144	359
606	308	451	897	138	352
637	308	451	933	132	347
668	308	451	969	125	344
800	308	451	1023	98	331
924	308	451	1023	86	277
0	386	451	0	277	321
62	386	451	0	277	324
123	386	451	6	278	335
185	386	451	0	284	359
254	386	451	74	283	376
308	386	451	145	280	368
386	386	451	266	271	375
451	386	451	396	262	369
482	386	451	471	257	366
513	386	451	554	251	364
544	386	451	645	245	361
575	386	451	749	239	356
606	386	451	865	232	351
637	386	451	919	224	346
668	386	451	958	217	342
800	386	451	1023	186	329
924	386	451	1023	150	276
0	451	451	0	365	349
62	451	451	8	366	342
123	451	451	11	368	346
185	451	451	9	374	354
254	451	451	37	381	364
308	451	451	115	379	364
386	451	451	236	371	364
451	451	451	363	363	363
482	451	451	434	357	366
513	451	451	516	351	363
544	451	451	607	344	361
575	451	451	711	336	352
606	451	451	825	330	349
637	451	451	907	320	344
668	451	451	946	312	340
800	451	451	1023	277	328
924	451	451	1023	213	270
0	482	451	6	414	354
62	482	451	12	415	354
123	482	451	0	419	353
185	482	451	0	424	357
254	482	451	6	437	360
308	482	451	99	434	360
386	482	451	220	427	358
451	482	451	345	417	357
482	482	451	416	412	355
513	482	451	497	406	358
544	482	451	588	400	356
575	482	451	690	391	353
606	482	451	802	385	347
637	482	451	898	375	339
668	482	451	939	365	337
800	482	451	1023	326	326
924	482	451	1023	251	272
0	513	451	15	468	360
62	513	451	0	470	360
123	513	451	0	474	360
185	513	451	10	480	355
254	513	451	0	494	356
308	513	451	80	496	355
386	513	451	202	488	353
451	513	451	326	479	351
482	513	451	395	475	352
513	513	451	476	470	350
544	513	451	563	461	351
575	513	451	667	453	349
606	513	451	780	447	345
637	513	451	888	436	338
668	513	451	931	426	338
800	513	451	1023	385	326
924	513	451	1023	292	269
0	544	451	0	529	372
62	544	451	3	529	372
123	544	451	0	533	370
185	544	451	12	542	361
254	544	451	0	555	350
308	544	451	61	561	348
386	544	451	182	554	347
451	544	451	305	545	346
482	544	451	373	543	346
513	544	451	452	538	345
544	544	451	539	530	343
575	544	451	640	523	346
606	544	451	753	512	343
637	544	451	878	505	338
668	544	451	922	493	337
800	544	451	1023	451	324
924	544	451	1023	337	266
0	575	451	18	594	384
62	575	451	17	594	384
123	575	451	0	599	380
185	575	451	0	608	367
254	575	451	8	623	354
308	575	451	37	639	342
386	575	451	163	630	342
451	575	451	284	622	342
482	575	451	350	618	342
513	575	451	428	611	341
544	575	451	513	605	340
575	575	451	613	597	338
606	575	451	726	590	342
637	575	451	852	582	340
668	575	451	909	569	335
800	575	451	1023	524	324
924	575	451	1023	396	268
0	606	451	13	668	395
62	606	451	8	668	395
123	606	451	10	673	390
185	606	451	12	684	377
254	606	451	10	701	359
308	606	451	12	720	339
386	606	451	143	716	337
451	606	451	261	706	336
482	606	451	328	701	336
513	606	451	402	696	336
544	606	451	489	688	335
575	606	451	585	681	336
606	606	451	694	673	333
637	606	451	818	664	336
668	606	451	894	654	333
800	606	451	1023	608	323
924	606	451	1023	460	269
0	637	451	0	750	404
62	637	451	0	753	402
123	637	451	18	756	398
185	637	451	7	767	389
254	637	451	0	785	366
308	637	451	0	806	338
386	637	451	122	809	331
451	637	451	239	797	331
482	637	451	305	794	331
513	637	451	377	791	331
544	637	451	461	782	330
575	637	451	555	775	330
606	637	451	662	766	329
637	637	451	786	759	327
668	637	451	878	746	329
800	637	451	1023	702	322
924	637	451	1023	533	270
0	668	451	0	839	417
62	668	451	18	839	417
123	668	451	5	845	411
185	668	451	6	857	396
254	668	451	18	866	374
308	668	451	9	875	339
386	668	451	101	879	326
451	668	451	219	874	325
482	668	451	282	872	325
513	668	451	351	870	325
544	668	451	432	868	325
575	668	451	526	862	325
606	668	451	631	861	324
637	668	451	751	855	324
668	668	451	861	848	319
800	668	451	1023	808	320
924	668	451	1023	622	273
0	800	451	15	1009	491
62	800	451	27	1008	491
123	800	451	22	1011	478
185	800	451	6	1016	454
254	800	451	17	1023	423
308	800	451	22	1023	392
386	800	451	14	1023	325
451	800	451	116	1023	308
482	800	451	179	1023	308
513	800	451	243	1023	308
544	800	451	316	1023	308
575	800	451	400	1023	308
606	800	451	496	1023	309
637	800	451	604	1023	309
668	800	451	729	1023	309
800	800	451	1023	1023	310
924	800	451	1023	952	281
0	924	451	11	1023	556
62	924	451	24	1023	556
123	924	451	32	1023	549
185	924	451	22	1023	525
254	924	451	6	1023	491
308	924	451	14	1023	454
386	924	451	26	1023	382
451	924	451	14	1023	301
482	924	451	66	1023	285
513	924	451	132	1023	285
544	924	451	201	1023	288
575	924	451	273	1023	288
606	924	451	355	1023	289
637	924	451	450	1023	290
668	924	451	555	1023	290
800	924	451	977	1023	296
924	924	451	1023	1023	290
0	0	482	0	14	391
62	0	482	0	6	407
123	0	482	39	0	431
185	0	482	88	0	421
254	0	482	152	0	415
308	0	482	213	0	408
386	0	482	316	0	398
451	0	482	425	0	396
482	0	482	486	0	392
513	0	482	554	0	390
544	0	482	632	0	387
575	0	482	718	0	385
606	0	482	814	0	383
637	0	482	901	9	376
668	0	482	932	8	378
800	0	482	1023	0	381
924	0	482	1023	17	352
0	62	482	0	30	386
62	62	482	0	26	402
123	62	482	5	0	474
185	62	482	79	0	466
254	62	482	149	0	439
308	62	482	214	0	425
386	62	482	323	0	412
451	62	482	432	0	403
482	62	482	498	0	398
513	62	482	563	0	393
544	62	482	645	0	391
575	62	482	723	0	389
606	62	482	824	0	386
637	62	482	907	0	373
668	62	482	935	10	381
800	62	482	1023	16	382
924	62	482	1023	10	347
0	123	482	0	57	379
62	123	482	0	55	395
123	123	482	0	47	466
185	123	482	72	44	472
254	123	482	143	38	468
308	123	482	213	30	461
386	123	482	336	13	450
451	123	482	459	0	432
482	123	482	525	0	419
513	123	482	598	0	412
544	123	482	680	0	406
575	123	482	769	0	401
606	123	482	868	0	395
637	123	482	918	2	379
668	123	482	948	12	389
800	123	482	1023	14	383
924	123	482	1023	13	340
0	185	482	0	94	363
62	185	482	0	93	378
123	185	482	0	88	438
185	185	482	61	84	468
254	185	482	135	80	465
308	185	482	204	75	461
386	185	482	328	66	449
451	185	482	458	56	438
482	185	482	533	51	431
513	185	482	615	45	427
544	185	482	708	39	423
575	185	482	817	31	416
606	185	482	908	21	407
637	185	482	942	3	402
668	185	482	973	0	396
800	185	482	1023	4	385
924	185	482	1023	14	324
0	254	482	0	145	351
62	254	482	0	145	363
123	254	482	0	142	398
185	254	482	40	138	460
254	254	482	120	135	459
308	254	482	187	132	457
386	254	482	312	122	445
451	254	482	442	114	437
482	254	482	517	109	431
513	254	482	600	104	427
544	254	482	693	98	421
575	254	482	796	93	416
606	254	482	902	86	407
637	254	482	938	79	401
668	254	482	972	73	401
800	254	482	1023	43	383
924	254	482	1023	42	313
0	308	482	0	192	349
62	308	482	0	192	356
123	308	482	0	193	385
185	308	482	0	192	437
254	308	482	103	189	437
308	308	482	172	184	447
386	308	482	294	176	442
451	308	482	424	166	434
482	308	482	500	162	428
513	308	482	583	156	423
544	308	482	675	150	419
575	308	482	782	144	413
606	308	482	894	138	408
637	308	482	930	131	402
668	308	482	966	125	397
800	308	482	1023	98	384
924	308	482	1023	86	314
0	386	482	0	277	357
62	386	482	0	277	362
123	386	482	0	278	376
185	386	482	4	282	402
254	386	482	70	282	423
308	386	482	141	278	423
386	386	482	263	270	431
451	386	482	392	261	427
482	386	482	466	257	424
513	386	482	548	251	419
544	386	482	642	244	415
575	386	482	746	237	410
606	386	482	862	232	406
637	386	482	918	224	402
668	386	482	957	217	397
800	386	482	1023	185	382
924	386	482	1023	149	313
0	451	482	0	365	377
62	451	482	0	366	377
123	451	482	0	368	381
185	451	482	7	373	396
254	451	482	32	381	421
308	451	482	112	377	421
386	451	482	234	370	419
451	451	482	358	361	417
482	451	482	430	356	417
513	451	482	512	350	415
544	451	482	602	343	411
575	451	482	706	336	406
606	451	482	822	329	402
637	451	482	905	321	397
668	451	482	945	312	394
800	451	482	1023	277	379
924	451	482	1023	213	309
0	482	482	0	415	387
62	482	482	0	415	389
123	482	482	12	417	391
185	482	482	0	424	398
254	482	482	0	435	413
308	482	482	95	433	415
386	482	482	217	424	415
451	482	482	342	417	413
482	482	482	412	412	412
513	482	482	492	406	413
544	482	482	583	400	411
575	482	482	684	391	407
606	482	482	799	382	401
637	482	482	897	375	397
668	482	482	938	365	392
800	482	482	1023	325	379
924	482	482	1023	247	306
0	513	482	4	468	398
62	513	482	8	470	400
123	513	482	7	474	398
185	513	482	11	480	400
254	513	482	8	492	408
308	513	482	76	494	410
386	513	482	199	486	409
451	513	482	323	479	406
482	513	482	392	473	406
513	513	482	470	466	402
544	513	482	561	460	408
575	513	482	662	453	405
606	513	482	774	445	401
637	513	482	887	437	392
668	513	482	928	426	390
800	513	482	1023	385	377
924	513	482	1023	288	303
0	544	482	16	527	410
62	544	482	16	529	410
123	544	482	5	533	410
185	544	482	14	539	406
254	544	482	8	555	404
308	544	482	57	561	402
386	544	482	179	555	402
451	544	482	302	545	401
482	544	482	369	540	399
513	544	482	448	535	400
544	544	482	537	530	397
575	544	482	637	521	400
606	544	482	749	512	399
637	544	482	873	505	393
668	544	482	918	494	389
800	544	482	1023	450	375
924	544	482	1023	337	305
0	575	482	0	594	418
62	575	482	0	594	418
123	575	482	9	599	416
185	575	482	0	608	408
254	575	482	0	623	399
308	575	482	31	635	395
386	575	482	159	630	395
451	575	482	281	622	396
482	575	482	347	615	395
513	575	482	425	612	394
544	575	482	510	605	393
575	575	482	608	597	390
606	575	482	720	590	393
637	575	482	846	579	391
668	575	482	907	569	388
800	575	482	1023	524	376
924	575	482	1023	394	306
0	606	482	19	664	432
62	606	482	16	667	432
123	606	482	15	672	430
185	606	482	14	680	421
254	606	482	0	701	406
308	606	482	0	720	390
386	606	482	141	713	388
451	606	482	258	706	389
482	606	482	326	701	389
513	606	482	398	696	388
544	606	482	485	688	388
575	606	482	581	681	387
606	606	482	691	673	383
637	606	482	815	664	388
668	606	482	893	654	385
800	606	482	1023	608	374
924	606	482	1023	460	309
0	637	482	14	750	445
62	637	482	5	750	445
123	637	482	0	759	441
185	637	482	9	767	429
254	637	482	15	782	413
308	637	482	12	803	390
386	637	482	119	809	382
451	637	482	236	797	383
482	637	482	302	794	383
513	637	482	374	788	383
544	637	482	457	782	381
575	637	482	552	774	381
606	637	482	659	766	381
637	637	482	779	756	380
668	637	482	876	746	381
800	637	482	1023	702	373
924	637	482	1023	535	310
0	668	482	3	839	453
62	668	482	22	839	453
123	668	482	12	845	449
185	668	482	8	857	444
254	668	482	15	865	416
308	668	482	0	874	386
386	668	482	99	879	376
451	668	482	216	874	376
482	668	482	278	872	375
513	668	482	348	870	375
544	668	482	430	868	375
575	668	482	521	862	373
606	668	482	626	858	375
637	668	482	744	855	374
668	668	482	859	848	369
800	668	482	1023	808	370
924	668	482	1023	619	311
0	800	482	17	1008	529
62	800	482	0	1009	524
123	800	482	23	1011	518
185	800	482	2	1016	496
254	800	482	14	1022	480
308	800	482	17	1023	440
386	800	482	0	1023	375
451	800	482	113	1023	357
482	800	482	176	1023	357
513	800	482	240	1023	357
544	800	482	314	1023	358
575	800	482	398	1023	358
606	800	482	491	1023	358
637	800	482	602	1023	358
668	800	482	723	1023	358
800	800	482	1023	1023	360
924	800	482	1023	952	321
0	924	482	10	1023	605
62	924	482	24	1023	605
123	924	482	31	1023	600
185	924	482	20	1023	575
254	924	482	0	1023	542
308	924	482	0	1023	506
386	924	482	20	1023	429
451	924	482	0	1023	347
482	924	482	64	1023	329
513	924	482	129	1023	330
544	924	482	199	1023	330
575	924	482	270	1023	332
606	924	482	352	1023	334
637	924	482	446	1023	335
668	924	482	552	1023	337
800	924	482	976	1023	342
924	924	482	1023	1023	337
0	0	513	0	17	431
62	0	513	0	10	451
123	0	513	37	0	480
185	0	513	86	0	474
254	0	513	149	0	468
308	0	513	209	0	462
386	0	513	314	0	449
451	0	513	423	0	447
482	0	513	487	0	446
513	0	513	551	0	441
544	0	513	629	0	440
575	0	513	714	0	436
606	0	513	810	0	434
637	0	513	900	11	428
668	0	513	931	9	427
800	0	513	1023	0	423
924	0	513	1023	18	396
0	62	513	0	30	432
62	62	513	0	26	451
123	62	513	0	0	530
185	62	513	75	0	522
254	62	513	145	0	498
308	62	513	210	0	482
386	62	513	318	0	463
451	62	513	430	0	457
482	62	513	495	0	452
513	62	513	560	0	447
544	62	513	642	0	445
575	62	513	722	4	440
606	62	513	820	0	437
637	62	513	906	0	425
668	62	513	934	11	432
800	62	513	1023	0	424
924	62	513	1023	11	390
0	123	513	0	57	422
62	123	513	0	55	442
123	123	513	0	47	516
185	123	513	67	42	535
254	123	513	138	36	531
308	123	513	207	29	526
386	123	513	332	10	516
451	123	513	455	0	496
482	123	513	520	0	479
513	123	513	593	0	473
544	123	513	675	0	465
575	123	513	765	0	457
606	123	513	865	0	451
637	123	513	917	0	432
668	123	513	947	12	442
800	123	513	1023	15	437
924	123	513	1023	13	382
0	185	513	0	94	401
62	185	513	0	92	420
123	185	513	0	87	484
185	185	513	55	82	532
254	185	513	130	78	529
308	185	513	198	74	525
386	185	513	321	65	514
451	185	513	454	55	502
482	185	513	527	50	498
513	185	513	612	44	493
544	185	513	705	38	486
575	185	513	809	31	478
606	185	513	906	20	468
637	185	513	940	0	463
668	185	513	969	12	456
800	185	513	1023	0	437
924	185	513	1023	14	368
0	254	513	0	144	397
62	254	513	0	144	400
123	254	513	0	141	450
185	254	513	34	137	524
254	254	513	115	134	523
308	254	513	182	130	519
386	254	513	306	122	512
451	254	513	436	113	501
482	254	513	511	108	495
513	254	513	596	103	489
544	254	513	690	98	483
575	254	513	793	93	477
606	254	513	901	85	467
637	254	513	935	79	463
668	254	513	971	72	461
800	254	513	1023	43	441
924	254	513	1023	41	355
0	308	513	0	191	381
62	308	513	0	191	392
123	308	513	0	192	428
185	308	513	0	190	506
254	308	513	98	186	515
308	308	513	167	182	513
386	308	513	289	174	507
451	308	513	420	166	497
482	308	513	494	161	491
513	308	513	578	155	486
544	308	513	672	150	483
575	308	513	776	144	476
606	308	513	890	137	471
637	308	513	928	131	462
668	308	513	965	124	456
800	308	513	1023	98	440
924	308	513	1023	86	357
0	386	513	0	276	391
62	386	513	5	276	396
123	386	513	0	278	417
185	386	513	0	282	455
254	386	513	67	281	488
308	386	513	137	278	488
386	386	513	259	269	497
451	386	513	388	260	491
482	386	513	462	255	487
513	386	513	543	250	483
544	386	513	636	243	478
575	386	513	739	237	474
606	386	513	855	231	468
637	386	513	917	223	462
668	386	513	955	216	456
800	386	513	1023	185	438
924	386	513	1023	145	353
0	451	513	10	365	421
62	451	513	0	366	416
123	451	513	9	368	419
185	451	513	4	372	443
254	451	513	24	379	485
308	451	513	108	376	483
386	451	513	229	368	479
451	451	513	355	360	481
482	451	513	427	355	478
513	451	513	508	350	475
544	451	513	599	342	471
575	451	513	703	337	470
606	451	513	818	329	465
637	451	513	904	321	460
668	451	513	944	311	454
800	451	513	1023	277	437
924	451	513	1023	213	350
0	482	513	13	414	421
62	482	513	0	415	425
123	482	513	0	419	429
185	482	513	0	424	444
254	482	513	0	433	474
308	482	513	91	433	478
386	482	513	214	423	476
451	482	513	339	416	474
482	482	513	409	412	472
513	482	513	487	406	472
544	482	513	580	397	469
575	482	513	682	391	465
606	482	513	796	382	462
637	482	513	895	373	456
668	482	513	937	363	450
800	482	513	1023	325	435
924	482	513	1023	247	348
0	513	513	0	470	435
62	513	513	0	470	437
123	513	513	16	471	442
185	513	513	13	479	447
254	513	513	0	490	464
308	513	513	73	492	470
386	513	513	195	486	468
451	513	513	318	478	470
482	513	513	387	473	468
513	513	513	466	466	466
544	513	513	556	460	468
575	513	513	659	453	465
606	513	513	769	443	462
637	513	513	885	436	455
668	513	513	927	426	450
800	513	513	1023	385	435
924	513	513	1023	288	345
0	544	513	0	529	447
62	544	513	0	529	449
123	544	513	15	533	451
185	544	513	15	539	453
254	544	513	0	553	459
308	544	513	52	561	462
386	544	513	176	555	464
451	544	513	299	545	462
482	544	513	366	540	462
513	544	513	444	533	460
544	544	513	533	528	456
575	544	513	632	521	462
606	544	513	744	512	459
637	544	513	870	505	456
668	544	513	917	494	449
800	544	513	1023	450	433
924	544	513	1023	337	348
0	575	513	16	592	461
62	575	513	14	594	461
123	575	513	16	599	464
185	575	513	0	605	458
254	575	513	13	620	460
308	575	513	25	635	458
386	575	513	157	628	456
451	575	513	277	622	456
482	575	513	344	615	456
513	575	513	421	609	454
544	575	513	506	605	454
575	575	513	605	597	450
606	575	513	717	588	454
637	575	513	842	580	452
668	575	513	906	570	447
800	575	513	1023	524	431
924	575	513	1023	396	350
0	606	513	3	667	470
62	606	513	0	667	470
123	606	513	0	672	470
185	606	513	16	679	466
254	606	513	0	699	455
308	606	513	0	716	452
386	606	513	137	712	450
451	606	513	254	704	448
482	606	513	321	701	450
513	606	513	394	693	448
544	606	513	481	688	448
575	606	513	578	681	446
606	606	513	685	673	444
637	606	513	809	664	446
668	606	513	890	654	443
800	606	513	1023	605	429
924	606	513	1023	460	352
0	637	513	20	746	484
62	637	513	15	749	484
123	637	513	0	754	482
185	637	513	12	763	477
254	637	513	12	781	462
308	637	513	0	803	450
386	637	513	116	808	442
451	637	513	234	797	444
482	637	513	299	794	443
513	637	513	370	788	442
544	637	513	453	782	440
575	637	513	548	774	440
606	637	513	654	766	438
637	637	513	776	756	436
668	637	513	875	747	440
800	637	513	1023	702	428
924	637	513	1023	537	355
0	668	513	15	838	499
62	668	513	0	838	499
123	668	513	17	845	497
185	668	513	12	854	490
254	668	513	12	865	462
308	668	513	12	874	441
386	668	513	95	879	432
451	668	513	212	873	435
482	668	513	276	871	434
513	668	513	345	870	433
544	668	513	426	867	433
575	668	513	517	862	431
606	668	513	623	858	431
637	668	513	742	854	432
668	668	513	857	847	426
800	668	513	1023	808	427
924	668	513	1023	622	357
0	800	513	20	1008	569
62	800	513	0	1009	580
123	800	513	25	1010	577
185	800	513	4	1015	557
254	800	513	11	1022	529
308	800	513	12	1023	493
386	800	513	17	1023	433
451	800	513	111	1023	412
482	800	513	173	1023	412
513	800	513	236	1023	414
544	800	513	311	1023	414
575	800	513	394	1023	414
606	800	513	487	1023	414
637	800	513	597	1023	414
668	800	513	720	1023	414
800	800	513	1023	1023	415
924	800	513	1023	952	371
0	924	513	11	1023	658
62	924	513	24	1023	658
123	924	513	31	1023	652
185	924	513	18	1023	632
254	924	513	30	1023	605
308	924	513	29	1023	567
386	924	513	13	1023	485
451	924	513	20	1023	406
482	924	513	60	1023	382
513	924	513	126	1023	383
544	924	513	195	1023	383
575	924	513	268	1023	385
606	924	513	348	1023	387
637	924	513	441	1023	387
668	924	513	550	1023	390
800	924	513	976	1023	397
924	924	513	1023	1023	390
0	0	544	0	17	482
62	0	544	0	8	504
123	0	544	32	0	539
185	0	544	82	0	533
254	0	544	146	0	515
308	0	544	206	0	520
386	0	544	312	0	498
451	0	544	421	0	503
482	0	544	485	0	502
513	0	544	548	0	497
544	0	544	626	0	496
575	0	544	711	0	492
606	0	544	806	0	490
637	0	544	897	12	485
668	0	544	929	11	485
800	0	544	1023	0	478
924	0	544	1023	18	441
0	62	544	0	31	476
62	62	544	0	27	500
123	62	544	0	0	582
185	62	544	72	0	582
254	62	544	141	0	555
308	62	544	206	0	538
386	62	544	315	0	523
451	62	544	426	0	517
482	62	544	490	0	513
513	62	544	556	0	506
544	62	544	639	0	504
575	62	544	719	6	496
606	62	544	815	0	493
637	62	544	903	0	483
668	62	544	932	12	489
800	62	544	1023	0	480
924	62	544	1023	12	437
0	123	544	0	57	470
62	123	544	0	56	487
123	123	544	0	47	566
185	123	544	60	40	605
254	123	544	133	35	606
308	123	544	202	28	600
386	123	544	325	4	588
451	123	544	447	0	555
482	123	544	514	0	546
513	123	544	589	0	538
544	123	544	672	0	527
575	123	544	762	0	518
606	123	544	859	0	514
637	123	544	914	0	492
668	123	544	944	12	501
800	123	544	1023	15	495
924	123	544	1023	13	429
0	185	544	0	93	460
62	185	544	0	92	468
123	185	544	0	87	529
185	185	544	49	81	603
254	185	544	126	77	602
308	185	544	192	72	597
386	185	544	317	64	585
451	185	544	446	54	576
482	185	544	522	49	569
513	185	544	606	43	563
544	185	544	700	37	556
575	185	544	805	30	546
606	185	544	901	19	541
637	185	544	937	0	531
668	185	544	967	10	523
800	185	544	1023	0	500
924	185	544	1023	14	413
0	254	544	0	143	446
62	254	544	0	143	451
123	254	544	0	141	504
185	254	544	25	135	596
254	254	544	110	132	597
308	254	544	178	128	592
386	254	544	302	121	583
451	254	544	431	112	573
482	254	544	506	107	565
513	254	544	590	102	559
544	254	544	683	97	554
575	254	544	787	91	548
606	254	544	896	85	536
637	254	544	932	78	530
668	254	544	969	72	528
800	254	544	1023	42	506
924	254	544	1023	41	401
0	308	544	0	191	439
62	308	544	0	191	446
123	308	544	0	192	478
185	308	544	0	188	567
254	308	544	93	184	586
308	308	544	163	180	585
386	308	544	285	173	578
451	308	544	415	165	571
482	308	544	490	159	564
513	308	544	572	154	559
544	308	544	666	149	552
575	308	544	771	143	546
606	308	544	887	136	538
637	308	544	927	130	529
668	308	544	964	124	522
800	308	544	1023	97	505
924	308	544	1023	80	399
0	386	544	0	276	433
62	386	544	0	276	438
123	386	544	0	277	467
185	386	544	5	280	509
254	386	544	62	279	560
308	386	544	133	275	559
386	386	544	255	268	567
451	386	544	383	259	561
482	386	544	457	255	559
513	386	544	539	250	555
544	386	544	630	243	549
575	386	544	735	236	542
606	386	544	851	231	536
637	386	544	915	223	528
668	386	544	954	216	522
800	386	544	1023	184	503
924	386	544	1023	145	399
0	451	544	0	364	462
62	451	544	9	363	465
123	451	544	0	366	471
185	451	544	0	371	495
254	451	544	14	377	550
308	451	544	104	374	550
386	451	544	225	368	548
451	451	544	351	360	550
482	451	544	421	355	549
513	451	544	504	349	546
544	451	544	595	342	542
575	451	544	695	335	537
606	451	544	812	327	532
637	451	544	902	320	525
668	451	544	942	311	519
800	451	544	1023	275	502
924	451	544	1023	213	399
0	482	544	5	414	469
62	482	544	9	415	471
123	482	544	10	417	476
185	482	544	0	422	494
254	482	544	0	432	537
308	482	544	87	430	547
386	482	544	209	423	542
451	482	544	334	414	540
482	482	544	403	409	542
513	482	544	483	403	539
544	482	544	573	397	536
575	482	544	676	389	531
606	482	544	789	382	531
637	482	544	894	373	524
668	482	544	935	364	518
800	482	544	1023	325	501
924	482	544	1023	247	396
0	513	544	12	467	474
62	513	544	12	468	477
123	513	544	0	472	483
185	513	544	15	478	496
254	513	544	0	488	527
308	513	544	69	492	540
386	513	544	191	485	539
451	513	544	315	475	537
482	513	544	384	472	535
513	513	544	462	466	532
544	513	544	551	460	533
575	513	544	654	451	529
606	513	544	766	444	526
637	513	544	884	434	521
668	513	544	926	424	515
800	513	544	1023	385	499
924	513	544	1023	288	396
0	544	544	18	527	489
62	544	544	17	529	489
123	544	544	0	533	496
185	544	544	0	539	502
254	544	544	9	553	518
308	544	544	47	559	533
386	544	544	171	550	530
451	544	544	294	543	531
482	544	544	361	540	531
513	544	544	440	534	528
544	544	544	526	526	526
575	544	544	627	518	528
606	544	544	741	512	526
637	544	544	864	503	522
668	544	544	916	494	515
800	544	544	1023	450	497
924	544	544	1023	337	397
0	575	544	0	594	502
62	575	544	0	594	504
123	575	544	0	599	507
185	575	544	3	605	507
254	575	544	7	620	516
308	575	544	16	635	523
386	575	544	153	628	526
451	575	544	275	618	524
482	575	544	340	615	524
513	575	544	417	609	521
544	575	544	502	601	519
575	575	544	600	595	517
606	575	544	712	588	521
637	575	544	836	578	519
668	575	544	904	568	514
800	575	544	1023	524	496
924	575	544	1023	396	399
0	606	544	17	664	516
62	606	544	12	667	516
123	606	544	4	672	519
185	606	544	18	679	515
254	606	544	15	695	516
308	606	544	6	712	516
386	606	544	133	712	516
451	606	544	250	704	515
482	606	544	319	699	514
513	606	544	391	693	514
544	606	544	477	686	512
575	606	544	572	681	513
606	606	544	682	673	510
637	606	544	806	662	513
668	606	544	889	652	508
800	606	544	1023	605	494
924	606	544	1023	460	403
0	637	544	4	748	525
62	637	544	0	750	525
123	637	544	14	753	525
185	637	544	15	761	525
254	637	544	8	779	514
308	637	544	9	798	513
386	637	544	112	803	508
451	637	544	231	797	508
482	637	544	295	791	506
513	637	544	367	788	508
544	637	544	449	779	507
575	637	544	543	774	506
606	637	544	651	766	505
637	637	544	770	757	502
668	637	544	873	747	506
800	637	544	1023	700	493
924	637	544	1023	535	406
0	668	544	22	834	542
62	668	544	15	837	542
123	668	544	22	840	539
185	668	544	15	853	537
254	668	544	9	864	515
308	668	544	0	872	499
386	668	544	92	876	498
451	668	544	209	872	498
482	668	544	272	871	501
513	668	544	341	870	499
544	668	544	423	867	498
575	668	544	514	862	498
606	668	544	618	858	497
637	668	544	736	854	495
668	668	544	855	847	489
800	668	544	1023	805	490
924	668	544	1023	622	408
0	800	544	24	1008	630
62	800	544	9	1009	626
123	800	544	27	1010	623
185	800	544	8	1015	607
254	800	544	8	1022	579
308	800	544	0	1023	551
386	800	544	0	1023	496
451	800	544	108	1023	475
482	800	544	169	1023	477
513	800	544	233	1023	477
544	800	544	307	1023	477
575	800	544	389	1023	477
606	800	544	483	1023	477
637	800	544	591	1023	477
668	800	544	715	1023	477
800	800	544	1023	1023	479
924	800	544	1023	954	425
0	924	544	14	1023	717
62	924	544	25	1023	717
123	924	544	32	1023	711
185	924	544	18	1023	690
254	924	544	28	1023	664
308	924	544	27	1023	632
386	924	544	0	1023	546
451	924	544	12	1023	464
482	924	544	56	1023	439
513	924	544	123	1023	439
544	924	544	192	1023	441
575	924	544	264	1023	444
606	924	544	345	1023	446
637	924	544	439	1023	448
668	924	544	546	1023	448
800	924	544	974	1023	458
924	924	544	1023	1023	452
0	0	575	0	17	537
62	0	575	0	13	557
123	0	575	31	0	596
185	0	575	81	0	588
254	0	575	143	0	580
308	0	575	202	0	568
386	0	575	308	0	561
451	0	575	418	0	566
482	0	575	481	0	565
513	0	575	546	3	557
544	0	575	622	0	557
575	0	575	708	0	554
606	0	575	802	0	551
637	0	575	897	0	545
668	0	575	926	11	546
800	0	575	1023	0	538
924	0	575	1023	19	495
0	62	575	0	30	530
62	62	575	0	26	557
123	62	575	0	0	646
185	62	575	69	0	646
254	62	575	137	0	628
308	62	575	201	0	607
386	62	575	310	0	589
451	62	575	423	0	579
482	62	575	487	0	577
513	62	575	553	0	569
544	62	575	635	0	567
575	62	575	716	7	560
606	62	575	812	0	558
637	62	575	900	0	548
668	62	575	929	13	551
800	62	575	1023	0	540
924	62	575	1023	13	491
0	123	575	0	56	528
62	123	575	0	55	542
123	123	575	0	46	626
185	123	575	54	39	687
254	123	575	128	33	685
308	123	575	195	25	677
386	123	575	318	0	669
451	123	575	442	0	630
482	123	575	510	0	620
513	123	575	579	5	606
544	123	575	660	7	597
575	123	575	755	0	590
606	123	575	852	0	582
637	123	575	912	0	559
668	123	575	942	12	568
800	123	575	1023	15	555
924	123	575	1023	14	483
0	185	575	0	92	510
62	185	575	0	91	519
123	185	575	0	87	591
185	185	575	42	78	682
254	185	575	119	75	680
308	185	575	186	71	679
386	185	575	310	62	668
451	185	575	441	53	655
482	185	575	516	47	648
513	185	575	600	42	643
544	185	575	692	36	635
575	185	575	799	28	624
606	185	575	900	17	620
637	185	575	935	0	608
668	185	575	965	7	597
800	185	575	1023	0	559
924	185	575	1023	14	466
0	254	575	0	143	492
62	254	575	0	143	508
123	254	575	0	139	563
185	254	575	11	133	677
254	254	575	105	130	676
308	254	575	172	127	672
386	254	575	296	119	664
451	254	575	426	111	651
482	254	575	500	107	648
513	254	575	584	102	641
544	254	575	676	96	634
575	254	575	784	91	626
606	254	575	895	84	613
637	254	575	930	78	606
668	254	575	967	71	604
800	254	575	1023	41	580
924	254	575	1023	41	452
0	308	575	0	192	483
62	308	575	0	192	498
123	308	575	0	189	538
185	308	575	0	186	625
254	308	575	87	183	666
308	308	575	158	179	665
386	308	575	280	172	662
451	308	575	410	163	650
482	308	575	484	159	644
513	308	575	566	154	638
544	308	575	659	148	630
575	308	575	765	143	624
606	308	575	880	137	615
637	308	575	925	130	607
668	308	575	962	123	599
800	308	575	1023	96	577
924	308	575	1023	80	450
0	386	575	9	276	487
62	386	575	0	275	497
123	386	575	0	277	517
185	386	575	0	279	569
254	386	575	55	277	638
308	386	575	128	274	636
386	386	575	250	266	648
451	386	575	377	259	643
482	386	575	452	254	637
513	386	575	532	248	633
544	386	575	624	242	627
575	386	575	729	236	619
606	386	575	845	230	611
637	386	575	914	222	606
668	386	575	953	215	599
800	386	575	1023	185	574
924	386	575	1023	144	452
0	451	575	0	363	506
62	451	575	0	363	511
123	451	575	8	366	520
185	451	575	0	371	552
254	451	575	9	377	632
308	451	575	100	373	627
386	451	575	221	365	628
451	451	575	346	358	631
482	451	575	417	352	627
513	451	575	498	347	624
544	451	575	589	342	619
575	451	575	690	334	614
606	451	575	803	328	608
637	451	575	899	319	603
668	451	575	939	311	597
800	451	575	1023	275	572
924	451	575	1023	213	452
0	482	575	0	413	515
62	482	575	0	414	517
123	482	575	0	416	529
185	482	575	0	421	550
254	482	575	0	430	608
308	482	575	82	430	619
386	482	575	205	420	619
451	482	575	328	414	617
482	482	575	398	409	620
513	482	575	479	403	619
544	482	575	569	397	616
575	482	575	670	389	612
606	482	575	780	381	606
637	482	575	890	373	599
668	482	575	932	364	592
800	482	575	1023	323	573
924	482	575	1023	247	450
0	513	575	0	467	525
62	513	575	0	468	528
123	513	575	15	470	537
185	513	575	0	478	551
254	513	575	7	488	593
308	513	575	65	489	616
386	513	575	186	482	616
451	513	575	310	475	610
482	513	575	379	469	609
513	513	575	458	464	611
544	513	575	545	458	608
575	513	575	646	452	604
606	513	575	759	444	601
637	513	575	879	435	598
668	513	575	923	424	591
800	513	575	1023	383	569
924	513	575	1023	288	448
0	544	575	10	529	540
62	544	575	6	529	542
123	544	575	13	533	543
185	544	575	0	538	555
254	544	575	0	549	584
308	544	575	42	557	611
386	544	575	168	550	609
451	544	575	290	543	606
482	544	575	357	537	606
513	544	575	436	533	603
544	544	575	522	526	603
575	544	575	621	519	602
606	544	575	735	510	597
637	544	575	860	502	594
668	544	575	913	491	588
800	544	575	1023	450	570
924	544	575	1023	337	452
0	575	575	17	592	547
62	575	575	14	594	549
123	575	575	13	599	555
185	575	575	11	605	558
254	575	575	0	620	579
308	575	575	0	635	600
386	575	575	149	628	600
451	575	575	270	618	597
482	575	575	336	612	600
513	575	575	412	608	598
544	575	575	498	601	595
575	575	575	595	595	595
606	575	575	706	588	595
637	575	575	833	578	593
668	575	575	903	566	586
800	575	575	1023	522	566
924	575	575	1023	396	456
0	606	575	0	667	560
62	606	575	0	667	563
123	606	575	16	672	566
185	606	575	0	679	569
254	606	575	11	695	577
308	606	575	12	712	587
386	606	575	129	709	590
451	606	575	247	704	592
482	606	575	315	697	591
513	606	575	387	692	590
544	606	575	472	686	588
575	606	575	567	677	586
606	606	575	677	671	583
637	606	575	799	662	591
668	606	575	887	652	583
800	606	575	1023	605	564
924	606	575	1023	462	458
0	637	575	18	745	577
62	637	575	10	748	577
123	637	575	20	750	579
185	637	575	19	761	582
254	637	575	0	779	580
308	637	575	0	797	583
386	637	575	109	803	583
451	637	575	227	797	583
482	637	575	293	791	581
513	637	575	362	787	580
544	637	575	445	779	580
575	637	575	538	771	578
606	637	575	646	766	578
637	637	575	767	757	576
668	637	575	871	744	580
800	637	575	1023	700	565
924	637	575	1023	537	462
0	668	575	5	836	586
62	668	575	22	836	586
123	668	575	0	842	586
185	668	575	18	851	586
254	668	575	5	862	569
308	668	575	15	868	580
386	668	575	88	876	571
451	668	575	206	872	571
482	668	575	267	871	571
513	668	575	336	870	571
544	668	575	417	867	572
575	668	575	510	861	572
606	668	575	613	858	570
637	668	575	733	854	568
668	668	575	853	847	561
800	668	575	1023	805	562
924	668	575	1023	624	466
0	800	575	28	1007	678
62	800	575	16	1008	675
123	800	575	0	1010	668
185	800	575	13	1014	657
254	800	575	6	1022	655
308	800	575	0	1023	616
386	800	575	18	1023	567
451	800	575	105	1023	546
482	800	575	165	1023	545
513	800	575	230	1023	547
544	800	575	304	1023	547
575	800	575	385	1023	547
606	800	575	479	1023	547
637	800	575	586	1023	547
668	800	575	712	1023	547
800	800	575	1023	1023	548
924	800	575	1023	955	489
0	924	575	17	1023	778
62	924	575	28	1023	778
123	924	575	0	1023	765
185	924	575	19	1023	755
254	924	575	28	1023	732
308	924	575	24	1023	699
386	924	575	24	1023	619
451	924	575	25	1023	535
482	924	575	52	1023	504
513	924	575	120	1023	506
544	924	575	188	1023	506
575	924	575	261	1023	511
606	924	575	340	1023	513
637	924	575	433	1023	513
668	924	575	541	1023	515
800	924	575	972	1023	526
924	924	575	1023	1023	520
0	0	606	0	20	589
62	0	606	0	16	611
123	0	606	26	0	668
185	0	606	78	0	658
254	0	606	139	0	649
308	0	606	198	0	638
386	0	606	302	0	632
451	0	606	414	0	635
482	0	606	478	0	632
513	0	606	541	5	626
544	0	606	620	0	624
575	0	606	702	0	622
606	0	606	799	0	621
637	0	606	897	0	616
668	0	606	926	13	614
800	0	606	1023	3	607
924	0	606	1023	0	548
0	62	606	0	31	591
62	62	606	0	28	611
123	62	606	0	10	702
185	62	606	64	0	725
254	62	606	133	0	692
308	62	606	196	0	682
386	62	606	306	0	662
451	62	606	419	0	652
482	62	606	479	5	641
513	62	606	549	0	641
544	62	606	632	0	639
575	62	606	711	8	629
606	62	606	809	0	626
637	62	606	899	0	619
668	62	606	932	0	617
800	62	606	1023	0	608
924	62	606	1023	13	548
0	123	606	0	56	584
62	123	606	0	54	601
123	123	606	0	46	690
185	123	606	47	37	772
254	123	606	121	31	770
308	123	606	187	23	765
386	123	606	312	0	757
451	123	606	435	0	713
482	123	606	500	0	695
513	123	606	575	0	683
544	123	606	656	5	674
575	123	606	743	9	662
606	123	606	849	0	659
637	123	606	911	0	634
668	123	606	941	12	640
800	123	606	1023	16	626
924	123	606	1023	14	539
0	185	606	0	92	564
62	185	606	0	91	583
123	185	606	0	84	661
185	185	606	34	78	770
254	185	606	113	74	768
308	185	606	180	69	767
386	185	606	304	61	757
451	185	606	434	52	743
482	185	606	508	46	738
513	185	606	593	41	731
544	185	606	686	35	725
575	185	606	792	27	715
606	185	606	898	15	706
637	185	606	931	10	692
668	185	606	964	0	677
800	185	606	1023	0	638
924	185	606	1023	13	524
0	254	606	0	142	553
62	254	606	0	141	570
123	254	606	0	139	618
185	254	606	0	132	754
254	254	606	99	128	763
308	254	606	167	124	759
386	254	606	290	118	753
451	254	606	418	110	743
482	254	606	494	106	737
513	254	606	578	101	730
544	254	606	670	96	721
575	254	606	775	89	713
606	254	606	892	83	703
637	254	606	929	77	691
668	254	606	966	70	692
800	254	606	1023	40	663
924	254	606	1023	35	506
0	308	606	0	190	540
62	308	606	0	189	556
123	308	606	0	189	597
185	308	606	0	186	696
254	308	606	81	180	758
308	308	606	152	177	757
386	308	606	272	170	751
451	308	606	402	162	738
482	308	606	477	157	733
513	308	606	560	153	726
544	308	606	652	147	718
575	308	606	757	142	713
606	308	606	872	136	705
637	308	606	924	129	692
668	308	606	961	122	683
800	308	606	1023	96	663
924	308	606	1023	80	509
0	386	606	0	275	541
62	386	606	11	275	546
123	386	606	9	276	569
185	386	606	0	277	638
254	386	606	49	276	728
308	386	606	123	271	728
386	386	606	245	264	738
451	386	606	373	256	730
482	386	606	445	252	726
513	386	606	527	248	720
544	386	606	617	241	717
575	386	606	723	235	709
606	386	606	837	230	701
637	386	606	910	222	691
668	386	606	949	215	683
800	386	606	1023	184	659
924	386	606	1023	145	511
0	451	606	15	363	565
62	451	606	0	364	562
123	451	606	0	366	577
185	451	606	0	369	621
254	451	606	0	374	711
308	451	606	94	373	717
386	451	606	217	365	715
451	451	606	341	356	719
482	451	606	411	352	715
513	451	606	493	347	711
544	451	606	583	339	708
575	451	606	684	332	704
606	451	606	799	326	696
637	451	606	896	317	688
668	451	606	937	309	681
800	451	606	1023	274	657
924	451	606	1023	209	509
0	482	606	15	412	561
62	482	606	15	412	566
123	482	606	10	415	582
185	482	606	0	421	616
254	482	606	3	426	686
308	482	606	77	426	705
386	482	606	200	420	704
451	482	606	325	412	705
482	482	606	394	408	710
513	482	606	473	401	705
544	482	606	564	395	702
575	482	606	665	388	698
606	482	606	777	380	692
637	482	606	887	371	683
668	482	606	929	362	678
800	482	606	1023	323	655
924	482	606	1023	241	506
0	513	606	17	466	573
62	513	606	16	468	576
123	513	606	0	470	594
185	513	606	0	476	613
254	513	606	15	485	664
308	513	606	59	488	698
386	513	606	182	482	697
451	513	606	306	474	696
482	513	606	375	469	694
513	513	606	451	463	698
544	513	606	541	457	697
575	513	606	641	451	693
606	513	606	753	442	689
637	513	606	877	433	681
668	513	606	921	423	674
800	513	606	1023	383	653
924	513	606	1023	288	509
0	544	606	0	527	588
62	544	606	0	527	593
123	544	606	0	531	603
185	544	606	3	537	609
254	544	606	13	548	654
308	544	606	36	557	696
386	544	606	164	550	694
451	544	606	285	542	688
482	544	606	351	537	688
513	544	606	429	530	685
544	544	606	518	524	689
575	544	606	614	517	685
606	544	606	726	510	681
637	544	606	853	502	677
668	544	606	912	491	673
800	544	606	1023	448	651
924	544	606	1023	337	513
0	575	606	8	594	603
62	575	606	0	594	606
123	575	606	0	598	606
185	575	606	15	605	616
254	575	606	16	618	646
308	575	606	0	632	685
386	575	606	145	625	688
451	575	606	264	618	685
482	575	606	332	611	685
513	575	606	406	606	682
544	575	606	493	601	679
575	575	606	588	593	679
606	575	606	700	586	678
637	575	606	826	575	673
668	575	606	900	566	667
800	575	606	1023	522	650
924	575	606	1023	396	517
0	606	606	17	667	610
62	606	606	12	667	613
123	606	606	0	672	619
185	606	606	6	679	628
254	606	606	7	693	644
308	606	606	0	709	667
386	606	606	125	709	676
451	606	606	243	704	676
482	606	606	310	697	674
513	606	606	382	690	676
544	606	606	468	684	673
575	606	606	562	677	671
606	606	606	671	671	671
637	606	606	793	662	673
668	606	606	886	652	665
800	606	606	1023	606	647
924	606	606	1023	462	522
0	637	606	0	748	626
62	637	606	20	748	629
123	637	606	3	753	632
185	637	606	0	761	641
254	637	606	0	776	647
308	637	606	7	794	659
386	637	606	105	803	665
451	637	606	223	794	668
482	637	606	288	791	666
513	637	606	358	784	665
544	637	606	440	778	665
575	637	606	533	771	662
606	637	606	639	761	659
637	637	606	760	754	656
668	637	606	869	744	664
800	637	606	1023	699	645
924	637	606	1023	537	526
0	668	606	18	833	644
62	668	606	8	836	644
123	668	606	15	842	647
185	668	606	22	851	653
254	668	606	0	861	649
308	668	606	3	868	652
386	668	606	83	875	655
451	668	606	202	872	655
482	668	606	263	871	655
513	668	606	333	868	655
544	668	606	414	865	653
575	668	606	503	861	653
606	668	606	606	857	651
637	668	606	727	854	651
668	668	606	851	847	642
800	668	606	1023	804	641
924	668	606	1023	624	530
0	800	606	8	1008	747
62	800	606	22	1008	747
123	800	606	12	1010	743
185	800	606	16	1014	736
254	800	606	7	1022	718
308	800	606	23	1023	687
386	800	606	7	1023	646
451	800	606	101	1023	627
482	800	606	161	1023	625
513	800	606	227	1023	625
544	800	606	300	1023	627
575	800	606	382	1023	627
606	800	606	475	1023	627
637	800	606	581	1023	627
668	800	606	706	1023	627
800	800	606	1023	1023	630
924	800	606	1023	957	557
0	924	606	22	1023	835
62	924	606	31	1023	835
123	924	606	0	1023	830
185	924	606	21	1023	823
254	924	606	27	1023	801
308	924	606	22	1023	772
386	924	606	19	1023	695
451	924	606	17	1023	611
482	924	606	48	1023	577
513	924	606	116	1023	577
544	924	606	185	1023	583
575	924	606	257	1023	583
606	924	606	338	1023	585
637	924	606	429	1023	588
668	924	606	537	1023	590
800	924	606	970	1023	603
924	924	606	1023	1023	596
0	0	637	0	20	656
62	0	637	0	16	679
123	0	637	19	0	741
185	0	637	75	0	733
254	0	637	135	0	725
308	0	637	194	0	714
386	0	637	300	0	706
451	0	637	411	0	710
482	0	637	472	0	707
513	0	637	538	6	701
544	0	637	615	0	698
575	0	637	700	0	699
606	0	637	799	0	691
637	0	637	896	0	694
668	0	637	926	13	685
800	0	637	1023	6	681
924	0	637	1023	0	614
0	62	637	0	31	655
62	62	637	0	27	676
123	62	637	0	11	766
185	62	637	61	0	799
254	62	637	129	0	773
308	62	637	191	0	762
386	62	637	302	0	735
451	62	637	413	0	729
482	62	637	475	5	719
513	62	637	547	0	720
544	62	637	624	0	714
575	62	637	708	9	708
606	62	637	805	0	704
637	62	637	899	0	699
668	62	637	931	0	694
800	62	637	1023	0	684
924	62	637	1023	15	614
0	123	637	0	57	637
62	123	637	0	55	663
123	123	637	0	47	746
185	123	637	39	35	868
254	123	637	116	29	867
308	123	637	181	21	864
386	123	637	304	0	846
451	123	637	425	0	798
482	123	637	494	0	786
513	123	637	568	0	773
544	123	637	648	0	759
575	123	637	739	8	746
606	123	637	845	0	740
637	123	637	910	0	716
668	123	637	940	11	719
800	123	637	1023	16	702
924	123	637	1023	15	606
0	185	637	0	92	625
62	185	637	0	90	649
123	185	637	0	85	726
185	185	637	24	76	867
254	185	637	107	72	866
308	185	637	173	68	864
386	185	637	297	60	856
451	185	637	427	51	843
482	185	637	502	45	842
513	185	637	586	40	833
544	185	637	678	34	823
575	185	637	783	26	813
606	185	637	895	13	800
637	185	637	929	6	784
668	185	637	962	0	770
800	185	637	1023	0	721
924	185	637	1023	13	588
0	254	637	0	141	610
62	254	637	0	141	629
123	254	637	0	138	688
185	254	637	0	130	840
254	254	637	92	126	860
308	254	637	161	123	862
386	254	637	281	117	853
451	254	637	411	108	842
482	254	637	486	104	836
513	254	637	569	100	828
544	254	637	662	94	819
575	254	637	768	89	811
606	254	637	883	83	803
637	254	637	925	76	788
668	254	637	962	70	786
800	254	637	1023	39	755
924	254	637	1023	34	569
0	308	637	0	189	602
62	308	637	0	189	611
123	308	637	0	188	661
185	308	637	0	184	771
254	308	637	76	178	857
308	308	637	146	174	854
386	308	637	266	168	847
451	308	637	395	161	838
482	308	637	471	156	835
513	308	637	554	151	828
544	308	637	646	146	819
575	308	637	750	141	810
606	308	637	867	134	801
637	308	637	919	127	786
668	308	637	957	121	777
800	308	637	1023	95	754
924	308	637	1023	79	572
0	386	637	0	274	598
62	386	637	0	275	607
123	386	637	0	275	635
185	386	637	0	276	719
254	386	637	42	272	828
308	386	637	118	269	827
386	386	637	240	262	835
451	386	637	367	255	834
482	386	637	440	250	828
513	386	637	521	245	821
544	386	637	612	240	814
575	386	637	714	235	805
606	386	637	832	228	797
637	386	637	909	220	787
668	386	637	947	214	778
800	386	637	1023	184	750
924	386	637	1023	139	572
0	451	637	10	363	619
62	451	637	11	363	628
123	451	637	8	366	633
185	451	637	0	368	690
254	451	637	0	371	802
308	451	637	89	369	813
386	451	637	212	363	811
451	451	637	336	355	818
482	451	637	407	350	817
513	451	637	486	344	812
544	451	637	578	339	805
575	451	637	676	332	798
606	451	637	792	325	792
637	451	637	895	317	783
668	451	637	935	309	775
800	451	637	1023	274	748
924	451	637	1023	208	572
0	482	637	10	412	624
62	482	637	9	413	629
123	482	637	0	414	646
185	482	637	0	419	683
254	482	637	9	426	766
308	482	637	72	425	805
386	482	637	195	419	805
451	482	637	319	411	806
482	482	637	387	405	805
513	482	637	466	399	803
544	482	637	557	393	798
575	482	637	657	386	795
606	482	637	771	379	790
637	482	637	885	371	780
668	482	637	928	362	772
800	482	637	1023	322	750
924	482	637	1023	241	572
0	513	637	12	466	625
62	513	637	9	468	631
123	513	637	15	469	649
185	513	637	0	474	681
254	513	637	0	484	748
308	513	637	53	488	793
386	513	637	176	480	793
451	513	637	301	471	794
482	513	637	368	468	792
513	513	637	447	463	797
544	513	637	533	454	792
575	513	637	635	448	788
606	513	637	745	442	782
637	513	637	873	432	776
668	513	637	919	422	768
800	513	637	1023	381	744
924	513	637	1023	289	577
0	544	637	16	524	640
62	544	637	12	526	646
123	544	637	12	528	661
185	544	637	11	534	681
254	544	637	0	545	731
308	544	637	28	553	786
386	544	637	159	547	783
451	544	637	281	539	782
482	544	637	346	535	780
513	544	637	426	529	780
544	544	637	513	524	783
575	544	637	609	517	783
606	544	637	720	510	778
637	544	637	846	500	774
668	544	637	909	491	767
800	544	637	1023	448	745
924	544	637	1023	338	580
0	575	637	20	592	654
62	575	637	16	594	660
123	575	637	11	598	672
185	575	637	0	605	688
254	575	637	13	617	722
308	575	637	0	628	775
386	575	637	141	623	779
451	575	637	259	615	777
482	575	637	327	611	773
513	575	637	402	605	772
544	575	637	487	597	771
575	575	637	584	591	773
606	575	637	691	584	770
637	575	637	817	575	766
668	575	637	896	566	759
800	575	637	1023	522	740
924	575	637	1023	397	588
0	606	637	3	667	673
62	606	637	0	669	676
123	606	637	13	672	685
185	606	637	14	679	691
254	606	637	0	693	717
308	606	637	0	706	752
386	606	637	120	709	772
451	606	637	240	699	770
482	606	637	306	695	769
513	606	637	377	688	769
544	606	637	462	681	767
575	606	637	557	677	764
606	606	637	663	668	764
637	606	637	786	659	763
668	606	637	883	648	758
800	606	637	1023	603	737
924	606	637	1023	462	590
0	637	637	17	748	681
62	637	637	8	748	684
123	637	637	17	753	691
185	637	637	7	761	704
254	637	637	0	776	718
308	637	637	17	791	741
386	637	637	101	800	761
451	637	637	219	794	761
482	637	637	283	790	758
513	637	637	353	782	757
544	637	637	434	778	760
575	637	637	529	769	757
606	637	637	634	761	754
637	637	637	754	754	754
668	637	637	866	744	756
800	637	637	1023	699	736
924	637	637	1023	537	596
0	668	637	0	836	701
62	668	637	19	836	701
123	668	637	22	839	705
185	668	637	0	851	714
254	668	637	0	861	718
308	668	637	19	867	732
386	668	637	78	875	747
451	668	637	197	872	746
482	668	637	259	870	750
513	668	637	329	868	750
544	668	637	408	862	747
575	668	637	499	861	747
606	668	637	601	857	744
637	668	637	719	850	742
668	668	637	849	846	732
800	668	637	1023	804	733
924	668	637	1023	624	603
0	800	637	18	1008	803
62	800	637	28	1008	803
123	800	637	19	1010	803
185	800	637	20	1014	799
254	800	637	10	1020	787
308	800	637	21	1023	765
386	800	637	20	1023	732
451	800	637	97	1023	717
482	800	637	157	1023	715
513	800	637	223	1023	715
544	800	637	296	1023	715
575	800	637	377	1023	718
606	800	637	471	1023	718
637	800	637	576	1023	718
668	800	637	700	1023	718
800	800	637	1023	1023	720
924	800	637	1023	955	635
0	924	637	26	1023	864
62	924	637	0	1023	863
123	924	637	11	1023	861
185	924	637	23	1023	857
254	924	637	28	1023	850
308	924	637	20	1023	838
386	924	637	12	1023	777
451	924	637	0	1023	692
482	924	637	41	1023	660
513	924	637	112	1023	660
544	924	637	181	1023	666
575	924	637	252	1023	669
606	924	637	334	1023	669
637	924	637	425	1023	672
668	924	637	533	1023	674
800	924	637	967	1023	689
924	924	637	1023	1023	683
0	0	668	0	20	723
62	0	668	0	15	749
123	0	668	19	0	813
185	0	668	71	0	817
254	0	668	131	0	807
308	0	668	191	0	795
386	0	668	297	0	787
451	0	668	405	0	790
482	0	668	468	0	791
513	0	668	535	7	783
544	0	668	610	1	781
575	0	668	695	0	777
606	0	668	793	0	780
637	0	668	895	0	744
668	0	668	927	0	748
800	0	668	1023	8	763
924	0	668	1023	0	686
0	62	668	0	33	714
62	62	668	0	29	739
123	62	668	0	12	844
185	62	668	55	0	897
254	62	668	125	0	867
308	62	668	187	0	834
386	62	668	298	0	824
451	62	668	409	0	814
482	62	668	470	4	804
513	62	668	541	0	804
544	62	668	619	0	803
575	62	668	702	9	789
606	62	668	799	2	780
637	62	668	898	0	783
668	62	668	930	0	780
800	62	668	1023	0	766
924	62	668	1023	15	686
0	123	668	0	57	707
62	123	668	0	55	732
123	123	668	0	46	831
185	123	668	30	33	961
254	123	668	110	27	961
308	123	668	174	19	958
386	123	668	296	0	948
451	123	668	420	0	903
482	123	668	488	0	884
513	123	668	562	0	870
544	123	668	643	0	855
575	123	668	733	6	840
606	123	668	839	0	833
637	123	668	906	0	809
668	123	668	938	11	806
800	123	668	1023	16	787
924	123	668	1023	16	677
0	185	668	0	90	700
62	185	668	0	90	717
123	185	668	0	85	795
185	185	668	3	74	960
254	185	668	101	71	960
308	185	668	167	67	958
386	185	668	289	58	948
451	185	668	418	50	939
482	185	668	493	44	934
513	185	668	576	39	925
544	185	668	670	32	916
575	185	668	774	23	904
606	185	668	889	10	894
637	185	668	924	0	881
668	185	668	959	0	868
800	185	668	1023	0	817
924	185	668	1023	13	660
0	254	668	0	140	682
62	254	668	0	140	694
123	254	668	0	136	765
185	254	668	0	129	918
254	254	668	86	124	956
308	254	668	154	121	953
386	254	668	274	115	945
451	254	668	404	107	936
482	254	668	479	103	931
513	254	668	562	99	923
544	254	668	654	94	916
575	254	668	759	88	905
606	254	668	875	81	896
637	254	668	922	75	883
668	254	668	960	69	874
800	254	668	1023	38	844
924	254	668	1023	33	640
0	308	668	0	189	661
62	308	668	0	188	683
123	308	668	0	187	745
185	308	668	0	181	852
254	308	668	70	176	949
308	308	668	140	173	948
386	308	668	259	166	943
451	308	668	389	159	936
482	308	668	462	155	929
513	308	668	543	150	924
544	308	668	638	145	914
575	308	668	742	139	905
606	308	668	859	134	894
637	308	668	917	127	882
668	308	668	956	120	872
800	308	668	1023	94	842
924	308	668	1023	73	643
0	386	668	0	274	661
62	386	668	0	273	673
123	386	668	0	274	716
185	386	668	0	273	800
254	386	668	35	270	926
308	386	668	113	266	937
386	386	668	233	260	935
451	386	668	359	253	930
482	386	668	431	248	925
513	386	668	512	244	919
544	386	668	604	238	912
575	386	668	707	233	904
606	386	668	824	228	894
637	386	668	905	220	885
668	386	668	945	212	875
800	386	668	1023	183	842
924	386	668	1023	140	646
0	451	668	0	362	680
62	451	668	0	363	681
123	451	668	0	365	711
185	451	668	2	367	764
254	451	668	0	370	897
308	451	668	83	367	919
386	451	668	205	360	915
451	451	668	330	352	920
482	451	668	400	347	916
513	451	668	479	344	910
544	451	668	568	337	906
575	451	668	670	331	898
606	451	668	783	324	890
637	451	668	890	315	880
668	451	668	931	308	872
800	451	668	1023	273	841
924	451	668	1023	208	649
0	482	668	0	412	687
62	482	668	0	412	693
123	482	668	10	413	711
185	482	668	0	419	756
254	482	668	0	423	865
308	482	668	67	424	906
386	482	668	189	415	906
451	482	668	312	409	912
482	482	668	380	403	909
513	482	668	460	399	904
544	482	668	548	392	899
575	482	668	651	385	894
606	482	668	763	377	886
637	482	668	881	368	880
668	482	668	924	360	870
800	482	668	1023	322	842
924	482	668	1023	241	649
0	513	668	0	467	696
62	513	668	0	467	702
123	513	668	0	468	716
185	513	668	9	474	751
254	513	668	14	481	830
308	513	668	46	484	899
386	513	668	171	478	899
451	513	668	296	469	895
482	513	668	363	464	902
513	513	668	440	459	899
544	513	668	528	454	895
575	513	668	627	448	890
606	513	668	738	439	884
637	513	668	866	431	879
668	513	668	916	421	870
800	513	668	1023	381	841
924	513	668	1023	288	654
0	544	668	4	526	702
62	544	668	0	526	706
123	544	668	0	530	725
185	544	668	16	534	750
254	544	668	0	544	818
308	544	668	17	553	887
386	544	668	155	546	887
451	544	668	276	537	886
482	544	668	342	532	885
513	544	668	419	528	883
544	544	668	504	522	889
575	544	668	603	513	884
606	544	668	714	506	879
637	544	668	837	499	873
668	544	668	905	489	865
800	544	668	1023	446	840
924	544	668	1023	338	660
0	575	668	13	593	714
62	575	668	0	593	721
123	575	668	19	595	734
185	575	668	0	603	755
254	575	668	8	613	802
308	575	668	0	625	872
386	575	668	136	622	876
451	575	668	254	613	876
482	575	668	322	608	876
513	575	668	396	602	873
544	575	668	481	597	873
575	575	668	579	591	877
606	575	668	685	584	874
637	575	668	810	575	869
668	575	668	892	564	862
800	575	668	1023	520	838
924	575	668	1023	396	663
0	606	668	19	666	732
62	606	668	13	666	735
123	606	668	21	669	745
185	606	668	18	676	769
254	606	668	0	692	797
308	606	668	11	705	848
386	606	668	116	707	875
451	606	668	235	698	875
482	606	668	301	691	875
513	606	668	371	687	865
544	606	668	456	681	865
575	606	668	550	674	861
606	606	668	658	666	866
637	606	668	777	657	861
668	606	668	878	648	856
800	606	668	1023	603	838
924	606	668	1023	462	672
0	637	668	0	748	749
62	637	668	20	748	749
123	637	668	0	753	762
185	637	668	15	761	771
254	637	668	0	776	798
308	637	668	8	791	831
386	637	668	96	800	864
451	637	668	215	792	865
482	637	668	279	785	864
513	637	668	348	781	864
544	637	668	430	773	864
575	637	668	521	766	860
606	637	668	627	761	857
637	637	668	745	751	853
668	637	668	863	742	853
800	637	668	1023	696	835
924	637	668	1023	537	677
0	668	668	17	836	758
62	668	668	0	839	761
123	668	668	8	842	769
185	668	668	13	851	783
254	668	668	0	861	791
308	668	668	14	867	815
386	668	668	73	875	853
451	668	668	193	871	853
482	668	668	254	869	849
513	668	668	325	865	849
544	668	668	405	862	849
575	668	668	493	861	849
606	668	668	596	855	850
637	668	668	714	850	846
668	668	668	846	846	846
800	668	668	1023	801	835
924	668	668	1023	627	686
0	800	668	26	1008	841
62	800	668	10	1009	841
123	800	668	25	1010	841
185	800	668	25	1014	841
254	800	668	12	1020	839
308	800	668	20	1023	836
386	800	668	11	1023	829
451	800	668	93	1023	816
482	800	668	153	1023	816
513	800	668	220	1023	816
544	800	668	292	1023	816
575	800	668	371	1023	816
606	800	668	465	1023	816
637	800	668	571	1023	819
668	800	668	695	1023	819
800	800	668	1023	1023	819
924	800	668	1023	958	726
0	924	668	31	1023	894
62	924	668	8	1023	892
123	924	668	18	1023	891
185	924	668	27	1023	888
254	924	668	29	1023	882
308	924	668	19	1023	873
386	924	668	0	1023	845
451	924	668	21	1023	790
482	924	668	36	1023	752
513	924	668	108	1023	755
544	924	668	177	1023	758
575	924	668	248	1023	761
606	924	668	329	1023	764
637	924	668	422	1023	768
668	924	668	528	1023	771
800	924	668	966	1023	787
924	924	668	1023	1023	781
0	0	800	0	25	975
62	0	800	0	22	979
123	0	800	0	0	994
185	0	800	59	0	994
254	0	800	120	0	992
308	0	800	173	0	991
386	0	800	275	0	985
451	0	800	383	0	984
482	0	800	445	0	984
513	0	800	512	9	980
544	0	800	587	7	978
575	0	800	673	3	976
606	0	800	767	0	973
637	0	800	871	0	972
668	0	800	914	0	963
800	0	800	1023	14	965
924	0	800	1023	5	923
0	62	800	0	33	975
62	62	800	0	31	979
123	62	800	0	22	991
185	62	800	39	0	1006
254	62	800	111	0	1000
308	62	800	167	0	1000
386	62	800	273	0	991
451	62	800	385	0	991
482	62	800	446	0	987
513	62	800	516	0	985
544	62	800	593	0	984
575	62	800	675	10	981
606	62	800	772	5	978
637	62	800	880	0	976
668	62	800	916	0	968
800	62	800	1023	6	968
924	62	800	1023	18	923
0	123	800	0	56	973
62	123	800	0	55	976
123	123	800	0	46	992
185	123	800	0	30	1017
254	123	800	78	17	1023
308	123	800	144	0	1023
386	123	800	262	0	1017
451	123	800	386	0	1011
482	123	800	452	0	1008
513	123	800	526	0	1003
544	123	800	604	10	1000
575	123	800	700	0	997
606	123	800	795	7	992
637	123	800	888	0	986
668	123	800	923	8	985
800	123	800	1023	17	981
924	123	800	1023	17	922
0	185	800	0	88	970
62	185	800	0	87	973
123	185	800	0	83	986
185	185	800	0	72	1012
254	185	800	70	62	1023
308	185	800	136	59	1023
386	185	800	251	51	1023
451	185	800	378	42	1023
482	185	800	450	38	1023
513	185	800	533	31	1023
544	185	800	624	24	1023
575	185	800	729	13	1023
606	185	800	842	8	1023
637	185	800	902	0	1022
668	185	800	941	0	1018
800	185	800	1023	15	1004
924	185	800	1023	12	919
0	254	800	0	137	962
62	254	800	0	136	966
123	254	800	0	132	979
185	254	800	0	125	1005
254	254	800	55	115	1023
308	254	800	122	112	1023
386	254	800	240	106	1023
451	254	800	363	100	1023
482	254	800	437	96	1023
513	254	800	517	91	1023
544	254	800	608	87	1023
575	254	800	712	82	1023
606	254	800	831	76	1023
637	254	800	900	71	1023
668	254	800	943	65	1023
800	254	800	1023	34	1023
924	254	800	1023	21	913
0	308	800	0	184	953
62	308	800	0	184	956
123	308	800	0	180	970
185	308	800	0	175	994
254	308	800	36	164	1023
308	308	800	111	162	1023
386	308	800	228	156	1023
451	308	800	350	150	1023
482	308	800	422	146	1023
513	308	800	501	142	1023
544	308	800	593	138	1023
575	308	800	696	133	1023
606	308	800	810	128	1023
637	308	800	894	122	1023
668	308	800	937	116	1023
800	308	800	1023	91	1023
924	308	800	1023	66	914
0	386	800	0	269	942
62	386	800	0	268	945
123	386	800	9	267	957
185	386	800	0	265	981
254	386	800	8	258	1018
308	386	800	84	253	1023
386	386	800	204	248	1023
451	386	800	325	242	1023
482	386	800	393	238	1023
513	386	800	473	236	1023
544	386	800	563	229	1023
575	386	800	661	225	1023
606	386	800	776	219	1023
637	386	800	883	213	1023
668	386	800	926	207	1023
800	386	800	1023	178	1023
924	386	800	1023	134	919
0	451	800	0	358	940
62	451	800	16	358	940
123	451	800	15	359	950
185	451	800	10	359	970
254	451	800	9	355	1003
308	451	800	54	351	1023
386	451	800	174	346	1023
451	451	800	298	339	1023
482	451	800	364	335	1023
513	451	800	442	331	1023
544	451	800	529	327	1023
575	451	800	630	321	1023
606	451	800	742	315	1023
637	451	800	864	308	1023
668	451	800	913	302	1023
800	451	800	1023	270	1023
924	451	800	1023	203	922
0	482	800	0	409	941
62	482	800	15	409	941
123	482	800	8	410	944
185	482	800	0	410	965
254	482	800	0	411	997
308	482	800	34	407	1023
386	482	800	161	402	1023
451	482	800	283	393	1023
482	482	800	348	390	1023
513	482	800	425	385	1023
544	482	800	510	380	1023
575	482	800	609	375	1023
606	482	800	723	368	1023
637	482	800	847	361	1023
668	482	800	906	353	1023
800	482	800	1023	319	1023
924	482	800	1023	241	926
0	513	800	19	462	934
62	513	800	14	464	937
123	513	800	0	465	945
185	513	800	0	467	958
254	513	800	0	469	990
308	513	800	11	470	1023
386	513	800	147	463	1023
451	513	800	265	455	1023
482	513	800	331	451	1023
513	513	800	406	447	1023
544	513	800	491	442	1023
575	513	800	590	437	1023
606	513	800	699	429	1023
637	513	800	826	423	1023
668	513	800	897	414	1023
800	513	800	1023	377	1023
924	513	800	1023	288	929
0	544	800	0	524	936
62	544	800	15	524	935
123	544	800	0	525	944
185	544	800	17	529	952
254	544	800	16	533	982
308	544	800	12	537	1014
386	544	800	129	532	1023
451	544	800	247	523	1023
482	544	800	315	518	1023
513	544	800	386	516	1023
544	544	800	472	510	1023
575	544	800	567	505	1023
606	544	800	676	495	1023
637	544	800	799	490	1023
668	544	800	886	480	1023
800	544	800	1023	441	1023
924	544	800	1023	338	932
0	575	800	0	590	933
62	575	800	17	590	933
123	575	800	21	592	939
185	575	800	9	596	952
254	575	800	17	604	975
308	575	800	16	610	1005
386	575	800	112	608	1023
451	575	800	229	600	1023
482	575	800	295	596	1023
513	575	800	367	590	1023
544	575	800	450	585	1023
575	575	800	542	579	1023
606	575	800	650	571	1023
637	575	800	770	564	1023
668	575	800	875	555	1023
800	575	800	1023	515	1023
924	575	800	1023	399	938
0	606	800	0	663	933
62	606	800	20	663	933
123	606	800	22	665	939
185	606	800	0	672	953
254	606	800	19	679	971
308	606	800	0	689	1001
386	606	800	93	693	1023
451	606	800	212	684	1023
482	606	800	275	681	1023
513	606	800	345	676	1023
544	606	800	427	668	1023
575	606	800	519	664	1023
606	606	800	622	656	1023
637	606	800	743	649	1023
668	606	800	860	639	1023
800	606	800	1023	597	1023
924	606	800	1023	466	941
0	637	800	13	743	934
62	637	800	0	746	936
123	637	800	24	748	940
185	637	800	22	753	952
254	637	800	0	767	970
308	637	800	15	777	993
386	637	800	71	788	1023
451	637	800	191	778	1023
482	637	800	253	775	1023
513	637	800	322	769	1023
544	637	800	403	765	1023
575	637	800	493	757	1023
606	637	800	596	750	1023
637	637	800	713	742	1023
668	637	800	843	733	1023
800	637	800	1023	693	1023
924	637	800	1023	541	945
0	668	800	21	833	935
62	668	800	6	835	938
123	668	800	0	838	944
185	668	800	20	844	953
254	668	800	12	855	966
308	668	800	6	859	989
386	668	800	47	866	1023
451	668	800	168	863	1023
482	668	800	232	862	1023
513	668	800	301	859	1023
544	668	800	376	854	1023
575	668	800	464	851	1023
606	668	800	566	848	1023
637	668	800	680	843	1023
668	668	800	814	840	1023
800	668	800	1023	798	1023
924	668	800	1023	632	950
0	800	800	16	1009	973
62	800	800	26	1009	973
123	800	800	8	1011	976
185	800	800	28	1014	980
254	800	800	26	1020	988
308	800	800	18	1023	992
386	800	800	17	1023	1010
451	800	800	69	1023	1022
482	800	800	133	1023	1022
513	800	800	200	1023	1022
544	800	800	271	1023	1022
575	800	800	349	1023	1022
606	800	800	440	1023	1022
637	800	800	545	1023	1022
668	800	800	666	1023	1022
800	800	800	1023	1023	1023
924	800	800	1023	964	977
0	924	800	33	1023	1017
62	924	800	13	1023	1017
123	924	800	17	1023	1019
185	924	800	22	1023	1019
254	924	800	15	1023	1020
308	924	800	23	1023	1022
386	924	800	15	1023	1013
451	924	800	27	1023	1001
482	924	800	14	1023	991
513	924	800	89	1023	991
544	924	800	156	1023	992
575	924	800	229	1023	994
606	924	800	309	1023	995
637	924	800	401	1023	997
668	924	800	506	1023	998
800	924	800	955	1023	1007
924	924	800	1023	1023	1011
0	0	924	0	30	1023
62	0	924	0	26	1023
123	0	924	0	8	1023
185	0	924	46	0	1023
254	0	924	104	0	1023
308	0	924	155	0	1023
386	0	924	251	0	1023
451	0	924	354	0	1023
482	0	924	412	0	1023
513	0	924	477	10	1023
544	0	924	551	9	1023
575	0	924	635	7	1023
606	0	924	726	2	1023
637	0	924	831	0	1023
668	0	924	887	0	1023
800	0	924	1023	17	1023
924	0	924	1023	12	1023
0	62	924	0	36	1023
62	62	924	0	34	1023
123	62	924	0	26	1023
185	62	924	24	0	1023
254	62	924	95	0	1023
308	62	924	147	0	1023
386	62	924	245	0	1023
451	62	924	352	5	1023
482	62	924	410	0	1023
513	62	924	478	0	1023
544	62	924	551	12	1023
575	62	924	635	9	1023
606	62	924	730	4	1023
637	62	924	836	0	1023
668	62	924	887	0	1023
800	62	924	1023	11	1023
924	62	924	1023	0	1023
0	123	924	0	55	1023
62	123	924	0	53	1023
123	123	924	0	47	1023
185	123	924	0	35	1023
254	123	924	41	0	1023
308	123	924	114	0	1023
386	123	924	225	0	1023
451	123	924	339	0	1023
482	123	924	404	0	1023
513	123	924	474	10	1023
544	123	924	552	0	1023
575	123	924	640	9	1023
606	123	924	742	0	1023
637	123	924	846	12	1023
668	123	924	892	0	1023
800	123	924	1023	17	1023
924	123	924	1023	19	1023
0	185	924	0	87	1023
62	185	924	0	85	1023
123	185	924	0	80	1023
185	185	924	0	70	1023
254	185	924	32	52	1023
308	185	924	100	48	1023
386	185	924	207	40	1023
451	185	924	315	33	1023
482	185	924	382	28	1023
513	185	924	456	21	1023
544	185	924	539	11	1023
575	185	924	643	9	1023
606	185	924	756	6	1023
637	185	924	850	6	1023
668	185	924	902	9	1023
800	185	924	1023	9	1023
924	185	924	1023	9	1023
0	254	924	5	134	1020
62	254	924	0	133	1023
123	254	924	0	128	1023
185	254	924	0	118	1023
254	254	924	0	100	1023
308	254	924	88	98	1023
386	254	924	195	92	1023
451	254	924	305	87	1023
482	254	924	370	83	1023
513	254	924	441	80	1023
544	254	924	526	75	1023
575	254	924	624	71	1023
606	254	924	732	67	1023
637	254	924	841	63	1023
668	254	924	897	58	1023
800	254	924	1023	27	1023
924	254	924	1023	15	1023
0	308	924	0	179	1021
62	308	924	0	177	1023
123	308	924	0	173	1023
185	308	924	0	166	1023
254	308	924	0	150	1023
308	308	924	75	143	1023
386	308	924	183	139	1023
451	308	924	294	133	1023
482	308	924	357	130	1023
513	308	924	429	127	1023
544	308	924	515	124	1023
575	308	924	609	120	1023
606	308	924	718	115	1023
637	308	924	833	111	1023
668	308	924	889	107	1023
800	308	924	1023	85	1023
924	308	924	1023	57	1023
0	386	924	0	263	1020
62	386	924	14	263	1020
123	386	924	0	260	1023
185	386	924	0	253	1023
254	386	924	0	239	1023
308	386	924	49	228	1023
386	386	924	161	223	1023
451	386	924	272	219	1023
482	386	924	334	215	1023
513	386	924	404	212	1023
544	386	924	487	209	1023
575	386	924	580	205	1023
606	386	924	686	202	1023
637	386	924	810	198	1023
668	386	924	878	193	1023
800	386	924	1023	170	1023
924	386	924	1023	127	1023
0	451	924	0	352	1021
62	451	924	14	352	1021
123	451	924	0	349	1023
185	451	924	13	346	1023
254	451	924	0	335	1023
308	451	924	0	318	1023
386	451	924	139	313	1023
451	451	924	248	307	1023
482	451	924	310	305	1023
513	451	924	382	301	1023
544	451	924	462	298	1023
575	451	924	550	294	1023
606	451	924	657	290	1023
637	451	924	781	286	1023
668	451	924	864	282	1023
800	451	924	1023	260	1023
924	451	924	1023	202	1023
0	482	924	0	403	1022
62	482	924	15	403	1022
123	482	924	0	400	1023
185	482	924	0	397	1023
254	482	924	7	390	1023
308	482	924	0	377	1023
386	482	924	127	365	1023
451	482	924	235	360	1023
482	482	924	297	357	1023
513	482	924	366	353	1023
544	482	924	446	348	1023
575	482	924	535	345	1023
606	482	924	640	340	1023
637	482	924	761	335	1023
668	482	924	857	330	1023
800	482	924	1023	309	1023
924	482	924	1023	240	1023
0	513	924	0	458	1023
62	513	924	16	458	1023
123	513	924	18	458	1023
185	513	924	0	454	1023
254	513	924	15	448	1023
308	513	924	15	437	1023
386	513	924	112	424	1023
451	513	924	223	418	1023
482	513	924	285	415	1023
513	513	924	352	411	1023
544	513	924	429	408	1023
575	513	924	522	403	1023
606	513	924	622	399	1023
637	513	924	742	394	1023
668	513	924	848	389	1023
800	513	924	1023	365	1023
924	513	924	1023	290	1023
0	544	924	0	518	1023
62	544	924	17	518	1023
123	544	924	18	518	1023
185	544	924	17	516	1023
254	544	924	0	512	1023
308	544	924	11	506	1023
386	544	924	98	491	1023
451	544	924	210	485	1023
482	544	924	270	481	1023
513	544	924	337	477	1023
544	544	924	413	472	1023
575	544	924	504	468	1023
606	544	924	606	464	1023
637	544	924	723	460	1023
668	544	924	839	454	1023
800	544	924	1023	427	1023
924	544	924	1023	340	1023
0	575	924	0	585	1023
62	575	924	19	585	1023
123	575	924	18	585	1023
185	575	924	12	583	1023
254	575	924	7	583	1023
308	575	924	7	580	1023
386	575	924	82	567	1023
451	575	924	195	559	1023
482	575	924	253	557	1023
513	575	924	319	552	1023
544	575	924	396	546	1023
575	575	924	485	541	1023
606	575	924	585	537	1023
637	575	924	700	533	1023
668	575	924	829	526	1023
800	575	924	1023	500	1023
924	575	924	1023	401	1023
0	606	924	11	658	1023
62	606	924	23	658	1023
123	606	924	19	659	1023
185	606	924	3	661	1023
254	606	924	19	661	1023
308	606	924	4	663	1023
386	606	924	62	651	1023
451	606	924	178	643	1023
482	606	924	235	640	1023
513	606	924	303	635	1023
544	606	924	380	632	1023
575	606	924	466	627	1023
606	606	924	564	622	1023
637	606	924	677	616	1023
668	606	924	803	609	1023
800	606	924	1023	580	1023
924	606	924	1023	470	1023
0	637	924	17	737	1023
62	637	924	0	739	1023
123	637	924	21	741	1023
185	637	924	0	744	1023
254	637	924	0	749	1023
308	637	924	7	753	1023
386	637	924	39	752	1023
451	637	924	159	742	1023
482	637	924	219	735	1023
513	637	924	286	729	1023
544	637	924	360	726	1023
575	637	924	446	720	1023
606	637	924	541	715	1023
637	637	924	651	709	1023
668	637	924	781	703	1023
800	637	924	1023	674	1023
924	637	924	1023	548	1023
0	668	924	23	828	1023
62	668	924	6	831	1023
123	668	924	24	833	1023
185	668	924	0	837	1023
254	668	924	21	842	1023
308	668	924	13	844	1023
386	668	924	17	844	1023
451	668	924	141	838	1023
482	668	924	203	836	1023
513	668	924	268	835	1023
544	668	924	340	832	1023
575	668	924	422	829	1023
606	668	924	520	826	1023
637	668	924	627	816	1023
668	668	924	755	810	1023
800	668	924	1023	777	1023
924	668	924	1023	640	1023
0	800	924	0	1009	1023
62	800	924	18	1009	1023
123	800	924	25	1011	1023
185	800	924	6	1015	1023
254	800	924	22	1019	1023
308	800	924	21	1023	1023
386	800	924	0	1023	1023
451	800	924	39	1023	1023
482	800	924	109	1023	1023
513	800	924	175	1023	1023
544	800	924	245	1023	1023
575	800	924	322	1023	1023
606	800	924	411	1023	1023
637	800	924	513	1023	1023
668	800	924	630	1023	1023
800	800	924	1007	1019	1023
924	800	924	1023	970	1023
0	924	924	15	1023	1023
62	924	924	25	1023	1023
123	924	924	25	1023	1023
185	924	924	24	1023	1023
254	924	924	0	1023	1023
308	924	924	32	1023	1023
386	924	924	30	1023	1023
451	924	924	15	1023	1023
482	924	924	0	1023	1023
513	924	924	64	1023	1023
544	924	924	135	1023	1023
575	924	924	209	1023	1023
606	924	924	288	1023	1023
637	924	924	376	1023	1023
668	924	924	481	1023	1023
800	924	924	944	1023	1023
924	924	924	1023	1023	1023
