0	0	0	0	0	0
64	0	0	60	0	0
128	0	0	124	0	0
192	0	0	189	0	0
256	0	0	254	0	0
320	0	0	319	0	0
384	0	0	383	0	0
448	0	0	447	0	0
512	0	0	511	0	0
575	0	0	574	0	0
639	0	0	638	0	0
703	0	0	702	0	0
767	0	0	766	0	0
831	0	0	830	0	0
895	0	0	894	0	0
959	0	0	958	0	0
1023	0	0	1022	0	0
0	64	0	0	59	0
64	64	0	60	59	0
128	64	0	124	59	0
192	64	0	189	59	0
256	64	0	254	59	0
320	64	0	319	59	0
384	64	0	383	59	0
448	64	0	447	59	0
512	64	0	511	59	0
575	64	0	574	59	0
639	64	0	638	59	0
703	64	0	702	59	0
767	64	0	766	59	0
831	64	0	830	59	0
895	64	0	894	59	0
959	64	0	958	59	0
1023	64	0	1022	59	0
0	128	0	0	123	0
64	128	0	60	123	0
128	128	0	124	123	0
192	128	0	189	123	0
256	128	0	254	123	0
320	128	0	319	123	0
384	128	0	383	123	0
448	128	0	447	123	0
512	128	0	511	123	0
575	128	0	574	123	0
639	128	0	638	123	0
703	128	0	702	123	0
767	128	0	766	123	0
831	128	0	830	123	0
895	128	0	894	123	0
959	128	0	958	123	0
1023	128	0	1022	123	0
0	192	0	0	187	0
64	192	0	60	187	0
128	192	0	124	187	0
192	192	0	189	187	0
256	192	0	254	187	0
320	192	0	319	187	0
384	192	0	383	187	0
448	192	0	447	187	0
512	192	0	511	187	0
575	192	0	574	187	0
639	192	0	638	187	0
703	192	0	702	187	0
767	192	0	766	187	0
831	192	0	830	187	0
895	192	0	894	187	0
959	192	0	958	187	0
1023	192	0	1022	187	0
0	256	0	0	252	0
64	256	0	60	252	0
128	256	0	124	252	0
192	256	0	189	252	0
256	256	0	254	252	0
320	256	0	319	252	0
384	256	0	383	252	0
448	256	0	447	252	0
512	256	0	511	252	0
575	256	0	574	252	0
639	256	0	638	252	0
703	256	0	702	252	0
767	256	0	766	252	0
831	256	0	830	252	0
895	256	0	894	252	0
959	256	0	958	252	0
1023	256	0	1022	252	0
0	320	0	0	316	0
64	320	0	60	316	0
128	320	0	124	316	0
192	320	0	189	316	0
256	320	0	254	316	0
320	320	0	319	316	0
384	320	0	383	316	0
448	320	0	447	316	0
512	320	0	511	316	0
575	320	0	574	316	0
639	320	0	638	316	0
703	320	0	702	316	0
767	320	0	766	316	0
831	320	0	830	316	0
895	320	0	894	316	0
959	320	0	958	316	0
1023	320	0	1022	316	0
0	384	0	0	379	0
64	384	0	60	379	0
128	384	0	124	379	0
192	384	0	189	379	0
256	384	0	254	379	0
320	384	0	319	379	0
384	384	0	383	379	0
448	384	0	447	379	0
512	384	0	511	379	0
575	384	0	574	379	0
639	384	0	638	379	0
703	384	0	702	379	0
767	384	0	766	379	0
831	384	0	830	379	0
895	384	0	894	379	0
959	384	0	958	379	0
1023	384	0	1022	379	0
0	448	0	0	443	0
64	448	0	60	443	0
128	448	0	124	443	0
192	448	0	189	443	0
256	448	0	254	443	0
320	448	0	319	443	0
384	448	0	383	443	0
448	448	0	447	443	0
512	448	0	511	443	0
575	448	0	574	443	0
639	448	0	638	443	0
703	448	0	702	443	0
767	448	0	766	443	0
831	448	0	830	443	0
895	448	0	894	443	0
959	448	0	958	443	0
1023	448	0	1022	443	0
0	512	0	0	507	0
64	512	0	60	507	0
128	512	0	124	507	0
192	512	0	189	507	0
256	512	0	254	507	0
320	512	0	319	507	0
384	512	0	383	507	0
448	512	0	447	507	0
512	512	0	511	507	0
575	512	0	574	507	0
639	512	0	638	507	0
703	512	0	702	507	0
767	512	0	766	507	0
831	512	0	830	507	0
895	512	0	894	507	0
959	512	0	958	507	0
1023	512	0	1022	507	0
0	575	0	0	569	0
64	575	0	60	569	0
128	575	0	124	569	0
192	575	0	189	569	0
256	575	0	254	569	0
320	575	0	319	569	0
384	575	0	383	569	0
448	575	0	447	569	0
512	575	0	511	569	0
575	575	0	574	569	0
639	575	0	638	569	0
703	575	0	702	569	0
767	575	0	766	569	0
831	575	0	830	569	0
895	575	0	894	569	0
959	575	0	958	569	0
1023	575	0	1022	569	0
0	639	0	0	633	0
64	639	0	60	633	0
128	639	0	124	633	0
192	639	0	189	633	0
256	639	0	254	633	0
320	639	0	319	633	0
384	639	0	383	633	0
448	639	0	447	633	0
512	639	0	511	633	0
575	639	0	574	633	0
639	639	0	638	633	0
703	639	0	702	633	0
767	639	0	766	633	0
831	639	0	830	633	0
895	639	0	894	633	0
959	639	0	958	633	0
1023	639	0	1022	633	0
0	703	0	0	696	0
64	703	0	60	696	0
128	703	0	124	696	0
192	703	0	189	696	0
256	703	0	254	696	0
320	703	0	319	696	0
384	703	0	383	696	0
448	703	0	447	696	0
512	703	0	511	696	0
575	703	0	574	696	0
639	703	0	638	696	0
703	703	0	702	696	0
767	703	0	766	696	0
831	703	0	830	696	0
895	703	0	894	696	0
959	703	0	958	696	0
1023	703	0	1022	696	0
0	767	0	0	759	0
64	767	0	60	759	0
128	767	0	124	759	0
192	767	0	189	759	0
256	767	0	254	759	0
320	767	0	319	759	0
384	767	0	383	759	0
448	767	0	447	759	0
512	767	0	511	759	0
575	767	0	574	759	0
639	767	0	638	759	0
703	767	0	702	759	0
767	767	0	766	759	0
831	767	0	830	759	0
895	767	0	894	759	0
959	767	0	958	759	0
1023	767	0	1022	759	0
0	831	0	0	823	0
64	831	0	60	823	0
128	831	0	124	823	0
192	831	0	189	823	0
256	831	0	254	823	0
320	831	0	319	823	0
384	831	0	383	823	0
448	831	0	447	823	0
512	831	0	511	823	0
575	831	0	574	823	0
639	831	0	638	823	0
703	831	0	702	823	0
767	831	0	766	823	0
831	831	0	830	823	0
895	831	0	894	823	0
959	831	0	958	823	0
1023	831	0	1022	823	0
0	895	0	0	886	0
64	895	0	60	886	0
128	895	0	124	886	0
192	895	0	189	886	0
256	895	0	254	886	0
320	895	0	319	886	0
384	895	0	383	886	0
448	895	0	447	886	0
512	895	0	511	886	0
575	895	0	574	886	0
639	895	0	638	886	0
703	895	0	702	886	0
767	895	0	766	886	0
831	895	0	830	886	0
895	895	0	894	886	0
959	895	0	958	886	0
1023	895	0	1022	886	0
0	959	0	0	950	0
64	959	0	60	950	0
128	959	0	124	950	0
192	959	0	189	950	0
256	959	0	254	950	0
320	959	0	319	950	0
384	959	0	383	950	0
448	959	0	447	950	0
512	959	0	511	950	0
575	959	0	574	950	0
639	959	0	638	950	0
703	959	0	702	950	0
767	959	0	766	950	0
831	959	0	830	950	0
895	959	0	894	950	0
959	959	0	958	950	0
1023	959	0	1022	950	0
0	1023	0	0	1014	0
64	1023	0	60	1014	0
128	1023	0	124	1014	0
192	1023	0	189	1014	0
256	1023	0	254	1014	0
320	1023	0	319	1014	0
384	1023	0	383	1014	0
448	1023	0	447	1014	0
512	1023	0	511	1014	0
575	1023	0	574	1014	0
639	1023	0	638	1014	0
703	1023	0	702	1014	0
767	1023	0	766	1014	0
831	1023	0	830	1014	0
895	1023	0	894	1014	0
959	1023	0	958	1014	0
1023	1023	0	1022	1014	0
0	0	64	0	0	38
64	0	64	60	0	58
128	0	64	124	0	58
192	0	64	189	0	58
256	0	64	254	0	58
320	0	64	319	0	58
384	0	64	383	0	58
448	0	64	447	0	58
512	0	64	511	0	58
575	0	64	574	0	58
639	0	64	638	0	58
703	0	64	702	0	58
767	0	64	766	0	58
831	0	64	830	0	58
895	0	64	894	0	58
959	0	64	958	0	58
1023	0	64	1022	0	58
0	64	64	0	59	58
64	64	64	59	59	59
128	64	64	124	59	59
192	64	64	188	59	58
256	64	64	254	59	58
320	64	64	318	59	58
384	64	64	382	59	58
448	64	64	447	59	58
512	64	64	511	59	58
575	64	64	574	59	58
639	64	64	638	59	58
703	64	64	702	59	58
767	64	64	765	59	58
831	64	64	830	59	58
895	64	64	894	59	58
959	64	64	958	59	58
1023	64	64	1022	59	58
0	128	64	0	123	58
64	128	64	59	123	59
128	128	64	124	123	59
192	128	64	188	123	58
256	128	64	254	123	58
320	128	64	318	123	58
384	128	64	382	123	58
448	128	64	447	123	58
512	128	64	511	123	58
575	128	64	574	123	58
639	128	64	638	123	58
703	128	64	702	123	58
767	128	64	765	123	58
831	128	64	830	123	58
895	128	64	894	123	58
959	128	64	958	123	58
1023	128	64	1022	123	58
0	192	64	0	187	58
64	192	64	59	187	58
128	192	64	124	187	58
192	192	64	188	187	58
256	192	64	254	187	58
320	192	64	318	187	58
384	192	64	382	187	58
448	192	64	447	187	58
512	192	64	511	187	58
575	192	64	574	187	58
639	192	64	638	187	58
703	192	64	702	187	58
767	192	64	765	187	58
831	192	64	830	187	58
895	192	64	894	187	58
959	192	64	958	187	58
1023	192	64	1022	187	58
0	256	64	0	252	58
64	256	64	59	252	58
128	256	64	124	252	58
192	256	64	188	252	58
256	256	64	254	252	58
320	256	64	318	252	58
384	256	64	382	252	58
448	256	64	447	252	58
512	256	64	511	252	58
575	256	64	574	252	58
639	256	64	638	252	58
703	256	64	702	252	58
767	256	64	765	252	58
831	256	64	830	252	58
895	256	64	894	252	58
959	256	64	958	252	58
1023	256	64	1022	252	58
0	320	64	0	316	58
64	320	64	59	316	58
128	320	64	124	316	58
192	320	64	189	316	58
256	320	64	254	316	58
320	320	64	318	316	58
384	320	64	382	316	58
448	320	64	447	316	58
512	320	64	511	316	58
575	320	64	574	316	58
639	320	64	638	316	58
703	320	64	702	316	58
767	320	64	765	316	58
831	320	64	830	316	58
895	320	64	894	316	58
959	320	64	958	316	58
1023	320	64	1022	316	58
0	384	64	0	379	58
64	384	64	59	379	58
128	384	64	124	379	58
192	384	64	189	379	58
256	384	64	254	379	58
320	384	64	318	379	58
384	384	64	382	379	58
448	384	64	447	379	58
512	384	64	511	379	58
575	384	64	574	379	58
639	384	64	638	379	58
703	384	64	702	379	58
767	384	64	765	379	58
831	384	64	830	379	58
895	384	64	894	379	58
959	384	64	958	379	58
1023	384	64	1022	379	58
0	448	64	0	443	58
64	448	64	59	443	58
128	448	64	124	443	58
192	448	64	189	443	58
256	448	64	254	443	58
320	448	64	319	443	58
384	448	64	382	443	58
448	448	64	447	443	58
512	448	64	511	443	58
575	448	64	574	443	58
639	448	64	638	443	58
703	448	64	702	443	58
767	448	64	765	443	58
831	448	64	830	443	58
895	448	64	894	443	58
959	448	64	958	443	58
1023	448	64	1022	443	58
0	512	64	0	507	58
64	512	64	59	507	58
128	512	64	124	507	58
192	512	64	189	507	58
256	512	64	254	507	58
320	512	64	319	507	58
384	512	64	382	507	58
448	512	64	447	507	58
512	512	64	511	507	58
575	512	64	574	507	58
639	512	64	638	507	58
703	512	64	702	507	58
767	512	64	765	507	58
831	512	64	830	507	58
895	512	64	894	507	58
959	512	64	958	507	58
1023	512	64	1022	507	58
0	575	64	0	569	58
64	575	64	60	570	58
128	575	64	124	570	58
192	575	64	189	570	58
256	575	64	254	570	58
320	575	64	319	570	58
384	575	64	382	570	58
448	575	64	447	570	58
512	575	64	511	570	58
575	575	64	574	570	58
639	575	64	638	570	58
703	575	64	702	569	58
767	575	64	765	569	58
831	575	64	830	569	58
895	575	64	894	569	58
959	575	64	958	569	58
1023	575	64	1022	569	58
0	639	64	0	633	58
64	639	64	60	633	58
128	639	64	124	633	58
192	639	64	189	633	58
256	639	64	254	633	58
320	639	64	319	633	58
384	639	64	382	633	58
448	639	64	447	633	58
512	639	64	511	633	58
575	639	64	574	633	58
639	639	64	638	633	58
703	639	64	702	633	58
767	639	64	765	633	58
831	639	64	830	633	58
895	639	64	894	633	58
959	639	64	958	633	58
1023	639	64	1022	633	58
0	703	64	0	696	58
64	703	64	60	696	58
128	703	64	124	696	58
192	703	64	189	696	58
256	703	64	254	696	58
320	703	64	319	696	58
384	703	64	382	696	58
448	703	64	447	696	58
512	703	64	511	696	58
575	703	64	574	696	58
639	703	64	638	696	58
703	703	64	702	696	58
767	703	64	765	696	58
831	703	64	830	696	58
895	703	64	894	696	58
959	703	64	958	696	58
1023	703	64	1022	696	58
0	767	64	0	759	58
64	767	64	60	759	58
128	767	64	124	759	58
192	767	64	189	759	58
256	767	64	254	759	58
320	767	64	319	759	58
384	767	64	383	759	58
448	767	64	447	759	58
512	767	64	511	759	58
575	767	64	574	759	58
639	767	64	638	759	58
703	767	64	702	759	58
767	767	64	765	759	58
831	767	64	830	759	58
895	767	64	894	759	58
959	767	64	958	759	58
1023	767	64	1022	759	58
0	831	64	0	823	58
64	831	64	60	823	58
128	831	64	124	823	58
192	831	64	189	823	58
256	831	64	254	823	58
320	831	64	319	823	58
384	831	64	383	823	58
448	831	64	447	823	58
512	831	64	511	823	58
575	831	64	574	823	58
639	831	64	638	823	58
703	831	64	702	823	58
767	831	64	765	823	58
831	831	64	830	823	58
895	831	64	894	823	58
959	831	64	958	823	58
1023	831	64	1022	823	58
0	895	64	0	886	58
64	895	64	60	887	58
128	895	64	124	887	58
192	895	64	189	887	58
256	895	64	254	887	58
320	895	64	319	887	58
384	895	64	383	887	58
448	895	64	447	887	58
512	895	64	511	887	58
575	895	64	574	887	58
639	895	64	638	887	58
703	895	64	702	887	58
767	895	64	765	887	58
831	895	64	830	887	58
895	895	64	894	887	58
959	895	64	958	887	58
1023	895	64	1022	887	58
0	959	64	0	950	58
64	959	64	60	950	58
128	959	64	124	950	58
192	959	64	189	950	58
256	959	64	254	950	58
320	959	64	319	950	58
384	959	64	383	950	58
448	959	64	447	950	58
512	959	64	511	950	58
575	959	64	574	950	58
639	959	64	638	950	58
703	959	64	702	950	58
767	959	64	766	950	58
831	959	64	830	950	58
895	959	64	894	950	58
959	959	64	958	950	58
1023	959	64	1022	950	58
0	1023	64	0	1014	58
64	1023	64	60	1014	58
128	1023	64	124	1014	58
192	1023	64	189	1014	58
256	1023	64	254	1014	58
320	1023	64	319	1014	58
384	1023	64	383	1014	58
448	1023	64	447	1014	58
512	1023	64	511	1014	58
575	1023	64	574	1014	58
639	1023	64	638	1014	58
703	1023	64	702	1014	58
767	1023	64	766	1014	58
831	1023	64	830	1014	58
895	1023	64	894	1014	58
959	1023	64	958	1014	58
1023	1023	64	1022	1014	58
0	0	128	0	0	79
64	0	128	62	0	114
128	0	128	124	0	121
192	0	128	189	0	121
256	0	128	254	0	121
320	0	128	319	0	121
384	0	128	383	0	121
448	0	128	447	0	121
512	0	128	511	0	121
575	0	128	574	0	121
639	0	128	638	0	121
703	0	128	702	0	121
767	0	128	766	0	121
831	0	128	830	0	121
895	0	128	894	0	121
959	0	128	958	0	121
1023	0	128	1022	0	121
0	64	128	0	59	114
64	64	128	64	58	106
128	64	128	124	59	122
192	64	128	188	59	122
256	64	128	254	59	122
320	64	128	318	59	122
384	64	128	382	59	122
448	64	128	447	59	122
512	64	128	511	59	122
575	64	128	574	59	122
639	64	128	638	59	122
703	64	128	702	59	122
767	64	128	765	59	122
831	64	128	830	59	122
895	64	128	894	59	122
959	64	128	958	59	122
1023	64	128	1022	59	122
0	128	128	0	123	121
64	128	128	59	123	122
128	128	128	123	123	123
192	128	128	188	123	123
256	128	128	253	123	122
320	128	128	318	123	122
384	128	128	382	123	122
448	128	128	446	123	122
512	128	128	510	123	122
575	128	128	573	123	122
639	128	128	637	123	122
703	128	128	701	123	122
767	128	128	765	123	122
831	128	128	829	123	122
895	128	128	893	123	122
959	128	128	957	123	122
1023	128	128	1021	123	122
0	192	128	0	187	121
64	192	128	59	187	122
128	192	128	124	187	123
192	192	128	188	187	123
256	192	128	253	187	122
320	192	128	318	187	122
384	192	128	382	187	122
448	192	128	446	187	122
512	192	128	510	187	122
575	192	128	573	187	122
639	192	128	637	187	122
703	192	128	701	187	122
767	192	128	765	187	122
831	192	128	829	187	122
895	192	128	893	187	122
959	192	128	957	187	122
1023	192	128	1021	187	122
0	256	128	0	252	121
64	256	128	59	252	122
128	256	128	124	252	122
192	256	128	188	252	122
256	256	128	253	252	122
320	256	128	318	252	122
384	256	128	382	252	122
448	256	128	446	252	122
512	256	128	510	252	122
575	256	128	573	252	122
639	256	128	637	252	122
703	256	128	701	252	122
767	256	128	765	252	122
831	256	128	829	252	122
895	256	128	893	252	122
959	256	128	957	252	122
1023	256	128	1021	252	122
0	320	128	0	316	121
64	320	128	59	316	122
128	320	128	124	316	122
192	320	128	188	316	122
256	320	128	253	316	122
320	320	128	318	316	122
384	320	128	382	316	122
448	320	128	446	316	122
512	320	128	510	316	122
575	320	128	573	316	122
639	320	128	637	316	122
703	320	128	701	316	122
767	320	128	765	316	122
831	320	128	829	316	122
895	320	128	893	316	122
959	320	128	957	316	122
1023	320	128	1021	316	122
0	384	128	0	379	121
64	384	128	59	379	122
128	384	128	124	380	122
192	384	128	188	380	122
256	384	128	253	380	122
320	384	128	318	380	122
384	384	128	382	380	122
448	384	128	446	380	122
512	384	128	510	380	122
575	384	128	573	380	122
639	384	128	637	379	122
703	384	128	701	379	122
767	384	128	765	379	122
831	384	128	829	379	122
895	384	128	893	379	122
959	384	128	957	379	122
1023	384	128	1021	379	122
0	448	128	0	443	121
64	448	128	59	443	122
128	448	128	124	443	122
192	448	128	188	443	122
256	448	128	254	443	122
320	448	128	318	443	122
384	448	128	382	443	122
448	448	128	446	443	122
512	448	128	510	443	122
575	448	128	573	443	122
639	448	128	637	443	122
703	448	128	701	443	122
767	448	128	765	443	122
831	448	128	829	443	122
895	448	128	893	443	122
959	448	128	957	443	122
1023	448	128	1021	443	122
0	512	128	0	507	121
64	512	128	59	507	122
128	512	128	124	507	122
192	512	128	188	507	122
256	512	128	254	507	122
320	512	128	318	507	122
384	512	128	382	507	122
448	512	128	446	507	122
512	512	128	510	507	122
575	512	128	573	507	122
639	512	128	637	507	122
703	512	128	701	507	122
767	512	128	765	507	122
831	512	128	829	507	122
895	512	128	893	507	122
959	512	128	957	507	122
1023	512	128	1021	507	122
0	575	128	0	569	121
64	575	128	60	570	122
128	575	128	124	570	122
192	575	128	188	570	122
256	575	128	254	570	122
320	575	128	318	570	122
384	575	128	382	570	122
448	575	128	446	570	122
512	575	128	510	570	122
575	575	128	573	570	122
639	575	128	637	570	122
703	575	128	701	570	122
767	575	128	765	570	122
831	575	128	829	570	122
895	575	128	893	570	122
959	575	128	957	570	122
1023	575	128	1021	570	122
0	639	128	0	633	121
64	639	128	60	633	122
128	639	128	124	633	122
192	639	128	189	633	122
256	639	128	254	633	122
320	639	128	318	633	122
384	639	128	382	633	122
448	639	128	446	633	122
512	639	128	511	633	122
575	639	128	574	633	122
639	639	128	637	633	122
703	639	128	701	633	122
767	639	128	765	633	122
831	639	128	829	633	122
895	639	128	893	633	122
959	639	128	957	633	122
1023	639	128	1021	633	122
0	703	128	0	696	121
64	703	128	60	696	122
128	703	128	124	696	122
192	703	128	189	696	122
256	703	128	254	696	122
320	703	128	318	696	122
384	703	128	382	696	122
448	703	128	446	696	122
512	703	128	511	696	122
575	703	128	574	696	122
639	703	128	637	696	122
703	703	128	701	696	122
767	703	128	765	696	122
831	703	128	829	696	122
895	703	128	893	696	122
959	703	128	957	696	122
1023	703	128	1021	696	122
0	767	128	0	759	121
64	767	128	60	759	122
128	767	128	124	759	122
192	767	128	189	759	122
256	767	128	254	759	122
320	767	128	318	759	122
384	767	128	382	759	122
448	767	128	446	759	122
512	767	128	511	759	122
575	767	128	574	759	122
639	767	128	637	759	122
703	767	128	701	759	122
767	767	128	765	759	122
831	767	128	829	759	122
895	767	128	893	759	122
959	767	128	957	759	122
1023	767	128	1021	759	122
0	831	128	0	823	121
64	831	128	60	823	122
128	831	128	124	823	122
192	831	128	189	823	122
256	831	128	254	823	122
320	831	128	318	823	122
384	831	128	382	823	122
448	831	128	447	823	122
512	831	128	511	823	122
575	831	128	574	823	122
639	831	128	637	823	122
703	831	128	701	823	122
767	831	128	765	823	122
831	831	128	829	823	122
895	831	128	893	823	122
959	831	128	957	823	122
1023	831	128	1021	823	122
0	895	128	0	886	121
64	895	128	60	887	122
128	895	128	124	887	122
192	895	128	189	887	122
256	895	128	254	887	122
320	895	128	319	887	122
384	895	128	382	887	122
448	895	128	447	887	122
512	895	128	511	887	122
575	895	128	574	887	122
639	895	128	638	887	122
703	895	128	702	887	122
767	895	128	765	887	122
831	895	128	829	887	122
895	895	128	893	887	122
959	895	128	957	887	122
1023	895	128	1021	887	122
0	959	128	0	950	121
64	959	128	60	950	122
128	959	128	124	950	122
192	959	128	189	950	122
256	959	128	254	950	122
320	959	128	319	950	122
384	959	128	382	950	122
448	959	128	447	950	122
512	959	128	511	950	122
575	959	128	574	950	122
639	959	128	638	950	122
703	959	128	702	950	122
767	959	128	765	950	122
831	959	128	829	950	122
895	959	128	893	950	122
959	959	128	957	950	122
1023	959	128	1021	950	122
0	1023	128	0	1014	121
64	1023	128	60	1014	122
128	1023	128	124	1014	122
192	1023	128	189	1014	122
256	1023	128	254	1014	122
320	1023	128	319	1014	122
384	1023	128	382	1014	122
448	1023	128	447	1014	122
512	1023	128	511	1014	122
575	1023	128	574	1014	122
639	1023	128	638	1014	122
703	1023	128	702	1014	122
767	1023	128	765	1014	122
831	1023	128	829	1014	122
895	1023	128	893	1014	122
959	1023	128	957	1014	122
1023	1023	128	1021	1014	122
0	0	192	0	0	120
64	0	192	64	0	159
128	0	192	124	0	185
192	0	192	189	0	185
256	0	192	254	0	185
320	0	192	319	0	185
384	0	192	383	0	185
448	0	192	447	0	185
512	0	192	511	0	185
575	0	192	574	0	185
639	0	192	638	0	185
703	0	192	702	0	185
767	0	192	766	0	185
831	0	192	830	0	185
895	0	192	894	0	185
959	0	192	958	0	185
1023	0	192	1022	0	185
0	64	192	0	58	159
64	64	192	66	58	150
128	64	192	127	59	178
192	64	192	188	59	185
256	64	192	254	59	185
320	64	192	318	59	185
384	64	192	382	59	185
448	64	192	447	59	185
512	64	192	511	59	185
575	64	192	574	59	185
639	64	192	638	59	185
703	64	192	702	59	185
767	64	192	765	59	185
831	64	192	830	59	185
895	64	192	894	59	185
959	64	192	958	59	185
1023	64	192	1022	59	185
0	128	192	0	123	185
64	128	192	61	123	178
128	128	192	129	123	171
192	128	192	188	123	186
256	128	192	253	123	186
320	128	192	318	123	186
384	128	192	382	123	185
448	128	192	446	123	185
512	128	192	510	123	185
575	128	192	573	123	185
639	128	192	637	123	185
703	128	192	701	123	185
767	128	192	765	123	185
831	128	192	829	123	185
895	128	192	893	123	185
959	128	192	957	123	185
1023	128	192	1021	123	185
0	192	192	0	187	185
64	192	192	59	187	185
128	192	192	124	187	186
192	192	192	187	187	187
256	192	192	253	187	187
320	192	192	317	187	186
384	192	192	381	187	186
448	192	192	446	187	186
512	192	192	510	187	186
575	192	192	573	187	185
639	192	192	637	187	185
703	192	192	701	187	185
767	192	192	764	187	185
831	192	192	829	187	185
895	192	192	893	187	185
959	192	192	957	187	185
1023	192	192	1021	187	185
0	256	192	0	252	185
64	256	192	59	252	185
128	256	192	124	252	186
192	256	192	188	252	187
256	256	192	253	252	187
320	256	192	317	252	186
384	256	192	381	252	186
448	256	192	446	252	186
512	256	192	510	252	186
575	256	192	573	252	185
639	256	192	637	252	185
703	256	192	701	252	185
767	256	192	764	252	185
831	256	192	829	252	185
895	256	192	893	252	185
959	256	192	957	252	185
1023	256	192	1021	252	185
0	320	192	0	316	185
64	320	192	59	316	185
128	320	192	124	316	186
192	320	192	188	316	186
256	320	192	253	316	186
320	320	192	317	316	186
384	320	192	381	316	186
448	320	192	446	316	186
512	320	192	510	316	186
575	320	192	573	316	185
639	320	192	637	316	185
703	320	192	701	316	185
767	320	192	764	316	185
831	320	192	829	316	185
895	320	192	893	316	185
959	320	192	957	316	185
1023	320	192	1021	316	185
0	384	192	0	379	185
64	384	192	59	379	185
128	384	192	124	380	185
192	384	192	188	380	186
256	384	192	253	380	186
320	384	192	318	380	186
384	384	192	381	380	186
448	384	192	446	380	186
512	384	192	510	380	186
575	384	192	573	380	185
639	384	192	637	380	185
703	384	192	701	380	185
767	384	192	764	380	185
831	384	192	829	380	185
895	384	192	893	379	185
959	384	192	957	379	185
1023	384	192	1021	379	185
0	448	192	0	443	185
64	448	192	59	443	185
128	448	192	124	443	185
192	448	192	188	443	186
256	448	192	253	443	186
320	448	192	318	443	186
384	448	192	381	443	186
448	448	192	446	443	186
512	448	192	510	443	186
575	448	192	573	443	185
639	448	192	637	443	185
703	448	192	701	443	185
767	448	192	764	443	185
831	448	192	829	443	185
895	448	192	893	443	185
959	448	192	957	443	185
1023	448	192	1021	443	185
0	512	192	0	507	185
64	512	192	59	507	185
128	512	192	124	507	185
192	512	192	188	507	186
256	512	192	253	507	186
320	512	192	318	507	186
384	512	192	382	507	186
448	512	192	446	507	186
512	512	192	510	507	186
575	512	192	573	507	185
639	512	192	637	507	185
703	512	192	701	507	185
767	512	192	764	507	185
831	512	192	829	507	185
895	512	192	893	507	185
959	512	192	957	507	185
1023	512	192	1021	507	185
0	575	192	0	569	185
64	575	192	60	570	185
128	575	192	124	570	185
192	575	192	188	570	185
256	575	192	253	570	185
320	575	192	318	570	185
384	575	192	382	570	185
448	575	192	446	570	185
512	575	192	510	570	185
575	575	192	573	570	185
639	575	192	637	570	185
703	575	192	701	570	185
767	575	192	764	570	185
831	575	192	829	570	185
895	575	192	893	570	185
959	575	192	957	570	185
1023	575	192	1021	570	185
0	639	192	0	633	185
64	639	192	60	633	185
128	639	192	124	633	185
192	639	192	188	633	185
256	639	192	254	633	185
320	639	192	318	633	185
384	639	192	382	633	185
448	639	192	446	633	185
512	639	192	510	633	185
575	639	192	573	633	185
639	639	192	637	633	185
703	639	192	701	633	185
767	639	192	764	633	185
831	639	192	829	633	185
895	639	192	893	633	185
959	639	192	957	633	185
1023	639	192	1021	633	185
0	703	192	0	696	185
64	703	192	60	696	185
128	703	192	124	696	185
192	703	192	188	696	185
256	703	192	254	696	185
320	703	192	318	696	185
384	703	192	382	696	185
448	703	192	446	696	185
512	703	192	510	696	185
575	703	192	573	696	185
639	703	192	637	696	185
703	703	192	701	696	185
767	703	192	764	696	185
831	703	192	829	696	185
895	703	192	893	696	185
959	703	192	957	696	185
1023	703	192	1021	696	185
0	767	192	0	759	185
64	767	192	60	759	185
128	767	192	124	759	185
192	767	192	188	759	185
256	767	192	254	759	185
320	767	192	318	759	185
384	767	192	382	759	185
448	767	192	446	759	185
512	767	192	510	759	185
575	767	192	573	759	185
639	767	192	637	759	185
703	767	192	701	759	185
767	767	192	764	759	185
831	767	192	829	759	185
895	767	192	893	759	185
959	767	192	957	759	185
1023	767	192	1021	759	185
0	831	192	0	823	185
64	831	192	60	823	185
128	831	192	124	823	185
192	831	192	188	823	185
256	831	192	254	823	185
320	831	192	318	823	185
384	831	192	382	823	185
448	831	192	446	823	185
512	831	192	510	823	185
575	831	192	573	823	185
639	831	192	637	823	185
703	831	192	701	823	185
767	831	192	765	823	185
831	831	192	829	823	185
895	831	192	893	823	185
959	831	192	957	823	185
1023	831	192	1021	823	185
0	895	192	0	886	185
64	895	192	60	887	185
128	895	192	124	887	185
192	895	192	188	887	185
256	895	192	254	887	185
320	895	192	318	887	185
384	895	192	382	887	185
448	895	192	446	887	185
512	895	192	510	887	185
575	895	192	573	887	185
639	895	192	637	887	185
703	895	192	701	887	185
767	895	192	765	887	185
831	895	192	829	887	185
895	895	192	893	887	185
959	895	192	957	887	185
1023	895	192	1021	887	185
0	959	192	0	950	185
64	959	192	60	950	185
128	959	192	124	950	185
192	959	192	189	950	185
256	959	192	254	950	185
320	959	192	318	950	185
384	959	192	382	950	185
448	959	192	446	950	185
512	959	192	511	950	185
575	959	192	574	950	185
639	959	192	637	950	185
703	959	192	701	950	185
767	959	192	765	950	185
831	959	192	829	950	185
895	959	192	893	950	185
959	959	192	957	950	185
1023	959	192	1021	950	185
0	1023	192	0	1014	185
64	1023	192	60	1014	185
128	1023	192	124	1014	185
192	1023	192	189	1014	185
256	1023	192	254	1014	185
320	1023	192	318	1014	185
384	1023	192	382	1014	185
448	1023	192	446	1014	185
512	1023	192	511	1014	185
575	1023	192	574	1014	185
639	1023	192	637	1014	185
703	1023	192	701	1014	185
767	1023	192	765	1014	185
831	1023	192	829	1014	185
895	1023	192	893	1014	185
959	1023	192	957	1014	185
1023	1023	192	1021	1014	185
0	0	256	0	0	162
64	0	256	66	0	203
128	0	256	128	0	233
192	0	256	189	0	248
256	0	256	254	0	248
320	0	256	319	0	248
384	0	256	383	0	248
448	0	256	447	0	248
512	0	256	511	0	248
575	0	256	574	0	248
639	0	256	638	0	248
703	0	256	702	0	248
767	0	256	766	0	248
831	0	256	830	0	248
895	0	256	894	0	248
959	0	256	958	0	248
1023	0	256	1022	0	248
0	64	256	0	58	203
64	64	256	67	58	193
128	64	256	130	59	226
192	64	256	188	59	249
256	64	256	254	59	249
320	64	256	318	59	249
384	64	256	382	59	249
448	64	256	447	59	249
512	64	256	511	59	249
575	64	256	574	59	249
639	64	256	638	59	249
703	64	256	702	59	249
767	64	256	765	59	249
831	64	256	830	59	249
895	64	256	894	59	249
959	64	256	958	59	249
1023	64	256	1022	59	249
0	128	256	0	123	233
64	128	256	63	122	226
128	128	256	133	122	217
192	128	256	191	123	243
256	128	256	253	123	250
320	128	256	318	123	250
384	128	256	382	123	250
448	128	256	446	123	249
512	128	256	510	123	249
575	128	256	573	123	249
639	128	256	637	123	249
703	128	256	701	123	249
767	128	256	765	123	249
831	128	256	829	123	249
895	128	256	893	123	249
959	128	256	957	123	249
1023	128	256	1021	123	249
0	192	256	0	187	248
64	192	256	59	187	249
128	192	256	126	187	243
192	192	256	194	187	237
256	192	256	253	187	251
320	192	256	317	187	251
384	192	256	381	187	250
448	192	256	446	187	250
512	192	256	510	187	250
575	192	256	573	187	250
639	192	256	637	187	250
703	192	256	701	187	249
767	192	256	764	187	249
831	192	256	829	187	249
895	192	256	893	187	249
959	192	256	957	187	249
1023	192	256	1021	187	249
0	256	256	0	252	248
64	256	256	59	252	249
128	256	256	124	252	250
192	256	256	188	252	251
256	256	256	252	252	252
320	256	256	317	252	251
384	256	256	381	252	251
448	256	256	445	252	251
512	256	256	509	252	250
575	256	256	572	252	250
639	256	256	636	252	250
703	256	256	700	252	250
767	256	256	764	252	250
831	256	256	828	252	250
895	256	256	892	252	249
959	256	256	956	252	249
1023	256	256	1020	252	249
0	320	256	0	316	248
64	320	256	59	316	249
128	320	256	124	316	250
192	320	256	188	316	251
256	320	256	253	316	251
320	320	256	317	316	251
384	320	256	381	316	251
448	320	256	445	316	251
512	320	256	509	316	250
575	320	256	572	316	250
639	320	256	636	316	250
703	320	256	700	316	250
767	320	256	764	316	250
831	320	256	828	316	250
895	320	256	892	316	249
959	320	256	956	316	249
1023	320	256	1020	316	249
0	384	256	0	379	248
64	384	256	59	379	249
128	384	256	124	380	250
192	384	256	188	380	250
256	384	256	253	380	251
320	384	256	317	380	251
384	384	256	381	380	251
448	384	256	445	380	251
512	384	256	509	380	250
575	384	256	572	380	250
639	384	256	636	380	250
703	384	256	700	380	250
767	384	256	764	380	250
831	384	256	828	380	250
895	384	256	892	380	249
959	384	256	956	380	249
1023	384	256	1020	380	249
0	448	256	0	443	248
64	448	256	59	443	249
128	448	256	124	443	249
192	448	256	188	443	250
256	448	256	253	443	251
320	448	256	317	443	251
384	448	256	381	443	251
448	448	256	445	443	251
512	448	256	509	443	250
575	448	256	572	443	250
639	448	256	636	443	250
703	448	256	700	443	250
767	448	256	764	443	250
831	448	256	828	443	250
895	448	256	892	443	249
959	448	256	956	443	249
1023	448	256	1020	443	249
0	512	256	0	507	248
64	512	256	59	507	249
128	512	256	124	507	249
192	512	256	188	507	250
256	512	256	253	507	250
320	512	256	318	507	250
384	512	256	381	507	250
448	512	256	445	507	250
512	512	256	509	507	250
575	512	256	572	507	250
639	512	256	636	507	250
703	512	256	700	507	250
767	512	256	764	507	250
831	512	256	828	507	250
895	512	256	892	507	249
959	512	256	956	507	249
1023	512	256	1020	507	249
0	575	256	0	569	248
64	575	256	60	570	249
128	575	256	124	570	249
192	575	256	188	570	250
256	575	256	253	570	250
320	575	256	318	570	250
384	575	256	381	570	250
448	575	256	445	570	250
512	575	256	510	570	250
575	575	256	572	570	250
639	575	256	636	570	250
703	575	256	700	570	250
767	575	256	764	570	250
831	575	256	828	570	250
895	575	256	892	570	249
959	575	256	956	570	249
1023	575	256	1020	570	249
0	639	256	0	633	248
64	639	256	60	633	249
128	639	256	124	633	249
192	639	256	188	633	250
256	639	256	253	633	250
320	639	256	318	633	250
384	639	256	382	633	250
448	639	256	446	633	250
512	639	256	510	633	250
575	639	256	573	633	250
639	639	256	636	633	250
703	639	256	700	633	250
767	639	256	764	633	250
831	639	256	828	633	250
895	639	256	892	633	249
959	639	256	956	633	249
1023	639	256	1020	633	249
0	703	256	0	696	248
64	703	256	60	696	249
128	703	256	124	696	249
192	703	256	188	696	249
256	703	256	253	696	250
320	703	256	318	696	250
384	703	256	382	696	250
448	703	256	446	696	250
512	703	256	510	696	250
575	703	256	573	696	250
639	703	256	636	696	250
703	703	256	700	696	250
767	703	256	764	696	250
831	703	256	828	696	250
895	703	256	892	696	249
959	703	256	956	696	249
1023	703	256	1020	696	249
0	767	256	0	759	248
64	767	256	60	759	249
128	767	256	124	759	249
192	767	256	188	759	249
256	767	256	253	759	250
320	767	256	318	759	250
384	767	256	382	759	250
448	767	256	446	759	250
512	767	256	510	759	250
575	767	256	573	759	250
639	767	256	637	759	250
703	767	256	700	759	250
767	767	256	764	759	250
831	767	256	828	759	250
895	767	256	892	759	249
959	767	256	956	759	249
1023	767	256	1020	759	249
0	831	256	0	823	248
64	831	256	60	823	249
128	831	256	124	823	249
192	831	256	188	823	249
256	831	256	254	823	250
320	831	256	318	823	250
384	831	256	382	823	250
448	831	256	446	823	250
512	831	256	510	823	250
575	831	256	573	823	250
639	831	256	637	823	250
703	831	256	701	823	250
767	831	256	764	823	250
831	831	256	828	823	250
895	831	256	892	823	249
959	831	256	956	823	249
1023	831	256	1020	823	249
0	895	256	0	886	248
64	895	256	60	887	249
128	895	256	124	887	249
192	895	256	188	887	249
256	895	256	254	887	249
320	895	256	318	887	249
384	895	256	382	887	249
448	895	256	446	887	249
512	895	256	510	887	249
575	895	256	573	887	249
639	895	256	637	887	249
703	895	256	701	887	249
767	895	256	764	887	249
831	895	256	828	887	249
895	895	256	892	887	249
959	895	256	956	887	249
1023	895	256	1020	887	249
0	959	256	0	950	248
64	959	256	60	950	249
128	959	256	124	950	249
192	959	256	189	950	249
256	959	256	254	950	249
320	959	256	318	950	249
384	959	256	382	950	249
448	959	256	446	950	249
512	959	256	510	950	249
575	959	256	573	950	249
639	959	256	637	950	249
703	959	256	701	950	249
767	959	256	764	950	249
831	959	256	828	950	249
895	959	256	892	950	249
959	959	256	956	950	249
1023	959	256	1020	950	249
0	1023	256	0	1014	248
64	1023	256	60	1014	249
128	1023	256	124	1014	249
192	1023	256	189	1014	249
256	1023	256	254	1014	249
320	1023	256	318	1014	249
384	1023	256	382	1014	249
448	1023	256	446	1014	249
512	1023	256	510	1014	249
575	1023	256	573	1014	249
639	1023	256	637	1014	249
703	1023	256	701	1014	249
767	1023	256	764	1014	249
831	1023	256	828	1014	249
895	1023	256	892	1014	249
959	1023	256	956	1014	249
1023	1023	256	1020	1014	249
0	0	320	0	0	203
64	0	320	67	0	246
128	0	320	131	0	279
192	0	320	191	0	304
256	0	320	254	0	312
320	0	320	319	0	312
384	0	320	383	0	312
448	0	320	447	0	312
512	0	320	511	0	312
575	0	320	574	0	312
639	0	320	638	0	312
703	0	320	702	0	312
767	0	320	766	0	312
831	0	320	830	0	312
895	0	320	894	0	312
959	0	320	958	0	312
1023	0	320	1022	0	312
0	64	320	0	58	246
64	64	320	68	57	235
128	64	320	133	58	271
192	64	320	193	59	298
256	64	320	254	59	313
320	64	320	318	59	313
384	64	320	382	59	312
448	64	320	447	59	312
512	64	320	511	59	312
575	64	320	574	59	312
639	64	320	638	59	312
703	64	320	702	59	312
767	64	320	765	59	312
831	64	320	830	59	312
895	64	320	894	59	312
959	64	320	958	59	312
1023	64	320	1022	59	312
0	128	320	0	122	279
64	128	320	64	122	271
128	128	320	135	121	261
192	128	320	196	123	291
256	128	320	253	123	314
320	128	320	318	123	314
384	128	320	382	123	313
448	128	320	446	123	313
512	128	320	510	123	313
575	128	320	573	123	313
639	128	320	637	123	313
703	128	320	701	123	312
767	128	320	765	123	312
831	128	320	829	123	312
895	128	320	893	123	312
959	128	320	957	123	312
1023	128	320	1021	123	312
0	192	320	0	187	304
64	192	320	61	187	298
128	192	320	129	186	291
192	192	320	198	186	283
256	192	320	256	187	308
320	192	320	317	187	314
384	192	320	381	187	314
448	192	320	446	187	314
512	192	320	510	187	313
575	192	320	573	187	313
639	192	320	637	187	313
703	192	320	701	187	313
767	192	320	764	187	313
831	192	320	829	187	313
895	192	320	893	187	313
959	192	320	957	187	313
1023	192	320	1021	187	313
0	256	320	0	252	312
64	256	320	59	252	313
128	256	320	124	252	314
192	256	320	190	252	308
256	256	320	259	251	301
320	256	320	317	252	315
384	256	320	381	252	315
448	256	320	445	252	314
512	256	320	509	252	314
575	256	320	572	252	314
639	256	320	636	252	314
703	256	320	700	252	313
767	256	320	764	252	313
831	256	320	828	252	313
895	256	320	892	252	313
959	256	320	956	252	313
1023	256	320	1020	252	313
0	320	320	0	316	312
64	320	320	59	316	313
128	320	320	124	316	314
192	320	320	188	316	314
256	320	320	253	316	315
320	320	320	316	316	316
384	320	320	380	316	316
448	320	320	445	316	315
512	320	320	509	316	315
575	320	320	572	316	314
639	320	320	636	316	314
703	320	320	700	316	314
767	320	320	763	316	314
831	320	320	828	316	313
895	320	320	892	316	313
959	320	320	956	316	313
1023	320	320	1020	316	313
0	384	320	0	379	312
64	384	320	59	379	312
128	384	320	124	380	313
192	384	320	188	380	314
256	384	320	253	380	315
320	384	320	317	380	316
384	384	320	380	380	316
448	384	320	445	380	315
512	384	320	509	380	315
575	384	320	572	380	314
639	384	320	636	380	314
703	384	320	700	380	314
767	384	320	763	380	314
831	384	320	828	380	313
895	384	320	892	380	313
959	384	320	956	380	313
1023	384	320	1020	380	313
0	448	320	0	443	312
64	448	320	59	443	312
128	448	320	124	443	313
192	448	320	188	443	314
256	448	320	253	443	314
320	448	320	317	443	315
384	448	320	381	443	315
448	448	320	445	443	315
512	448	320	509	443	315
575	448	320	572	443	314
639	448	320	636	443	314
703	448	320	700	443	314
767	448	320	763	443	314
831	448	320	828	443	313
895	448	320	892	443	313
959	448	320	956	443	313
1023	448	320	1020	443	313
0	512	320	0	507	312
64	512	320	59	507	312
128	512	320	124	507	313
192	512	320	188	507	313
256	512	320	253	507	314
320	512	320	317	507	315
384	512	320	381	507	315
448	512	320	445	507	315
512	512	320	509	507	315
575	512	320	572	507	314
639	512	320	636	507	314
703	512	320	700	507	314
767	512	320	763	507	314
831	512	320	828	507	313
895	512	320	892	507	313
959	512	320	956	507	313
1023	512	320	1020	507	313
0	575	320	0	569	312
64	575	320	60	570	312
128	575	320	124	570	313
192	575	320	188	570	313
256	575	320	253	570	314
320	575	320	317	570	314
384	575	320	381	570	314
448	575	320	445	570	314
512	575	320	509	570	314
575	575	320	572	570	314
639	575	320	636	570	314
703	575	320	700	570	314
767	575	320	763	570	314
831	575	320	828	570	313
895	575	320	892	570	313
959	575	320	956	570	313
1023	575	320	1020	570	313
0	639	320	0	633	312
64	639	320	60	633	312
128	639	320	124	633	313
192	639	320	188	633	313
256	639	320	253	633	314
320	639	320	318	633	314
384	639	320	381	633	314
448	639	320	445	633	314
512	639	320	509	633	314
575	639	320	572	633	314
639	639	320	636	633	314
703	639	320	700	633	314
767	639	320	763	633	314
831	639	320	828	633	313
895	639	320	892	633	313
959	639	320	956	633	313
1023	639	320	1020	633	313
0	703	320	0	696	312
64	703	320	60	696	312
128	703	320	124	696	312
192	703	320	188	696	313
256	703	320	253	696	313
320	703	320	318	697	314
384	703	320	381	697	314
448	703	320	445	697	314
512	703	320	510	697	314
575	703	320	572	697	314
639	703	320	636	697	314
703	703	320	700	697	314
767	703	320	763	696	314
831	703	320	828	696	313
895	703	320	892	696	313
959	703	320	956	696	313
1023	703	320	1020	696	313
0	767	320	0	759	312
64	767	320	60	759	312
128	767	320	124	759	312
192	767	320	188	759	313
256	767	320	253	759	313
320	767	320	318	760	314
384	767	320	381	760	314
448	767	320	446	760	314
512	767	320	510	760	314
575	767	320	573	760	314
639	767	320	636	760	314
703	767	320	700	760	314
767	767	320	763	760	314
831	767	320	828	759	313
895	767	320	892	759	313
959	767	320	956	759	313
1023	767	320	1020	759	313
0	831	320	0	823	312
64	831	320	60	823	312
128	831	320	124	823	312
192	831	320	188	823	313
256	831	320	254	823	313
320	831	320	318	823	313
384	831	320	382	823	313
448	831	320	446	823	313
512	831	320	510	823	313
575	831	320	573	823	313
639	831	320	636	823	313
703	831	320	700	823	313
767	831	320	764	823	313
831	831	320	828	823	313
895	831	320	892	823	313
959	831	320	956	823	313
1023	831	320	1020	823	313
0	895	320	0	886	312
64	895	320	60	887	312
128	895	320	124	887	312
192	895	320	188	887	313
256	895	320	254	887	313
320	895	320	318	887	313
384	895	320	382	887	313
448	895	320	446	887	313
512	895	320	510	887	313
575	895	320	573	887	313
639	895	320	636	887	313
703	895	320	700	887	313
767	895	320	764	887	313
831	895	320	828	887	313
895	895	320	892	887	313
959	895	320	956	887	313
1023	895	320	1020	887	313
0	959	320	0	950	312
64	959	320	60	950	312
128	959	320	124	950	312
192	959	320	189	950	313
256	959	320	254	950	313
320	959	320	318	950	313
384	959	320	382	950	313
448	959	320	446	950	313
512	959	320	510	950	313
575	959	320	573	950	313
639	959	320	637	950	313
703	959	320	700	950	313
767	959	320	764	950	313
831	959	320	828	950	313
895	959	320	892	950	313
959	959	320	956	950	313
1023	959	320	1020	950	313
0	1023	320	0	1014	312
64	1023	320	60	1014	312
128	1023	320	124	1014	312
192	1023	320	189	1014	313
256	1023	320	254	1014	313
320	1023	320	318	1014	313
384	1023	320	382	1014	313
448	1023	320	446	1014	313
512	1023	320	510	1014	313
575	1023	320	573	1014	313
639	1023	320	637	1014	313
703	1023	320	701	1014	313
767	1023	320	764	1014	313
831	1023	320	828	1014	313
895	1023	320	892	1014	313
959	1023	320	956	1014	313
1023	1023	320	1020	1014	313
0	0	384	0	0	244
64	0	384	67	0	288
128	0	384	134	0	323
192	0	384	195	0	351
256	0	384	254	0	374
320	0	384	319	0	374
384	0	384	383	0	374
448	0	384	447	0	374
512	0	384	511	0	374
575	0	384	574	0	374
639	0	384	638	0	374
703	0	384	702	0	374
767	0	384	766	0	374
831	0	384	830	0	374
895	0	384	894	0	374
959	0	384	958	0	374
1023	0	384	1022	0	374
0	64	384	0	58	288
64	64	384	69	57	276
128	64	384	135	58	314
192	64	384	197	59	344
256	64	384	256	59	368
320	64	384	318	59	375
384	64	384	382	59	375
448	64	384	447	59	375
512	64	384	511	59	375
575	64	384	574	59	375
639	64	384	638	59	375
703	64	384	702	59	375
767	64	384	765	59	375
831	64	384	830	59	375
895	64	384	894	59	374
959	64	384	958	59	374
1023	64	384	1022	59	374
0	128	384	0	122	323
64	128	384	65	121	314
128	128	384	137	121	304
192	128	384	199	122	336
256	128	384	259	123	362
320	128	384	318	123	376
384	128	384	382	123	376
448	128	384	446	123	376
512	128	384	510	123	376
575	128	384	573	123	375
639	128	384	637	123	375
703	128	384	701	123	375
767	128	384	765	123	375
831	128	384	829	123	375
895	128	384	893	123	375
959	128	384	957	123	375
1023	128	384	1021	123	375
0	192	384	0	186	351
64	192	384	62	186	344
128	192	384	131	186	336
192	192	384	202	185	327
256	192	384	261	186	355
320	192	384	318	187	377
384	192	384	381	187	377
448	192	384	446	187	377
512	192	384	510	187	376
575	192	384	573	187	376
639	192	384	637	187	376
703	192	384	701	187	376
767	192	384	764	187	376
831	192	384	829	187	375
895	192	384	893	187	375
959	192	384	957	187	375
1023	192	384	1021	187	375
0	256	384	0	252	374
64	256	384	60	252	368
128	256	384	127	251	362
192	256	384	194	251	355
256	256	384	264	251	348
320	256	384	320	252	371
384	256	384	381	252	378
448	256	384	445	252	377
512	256	384	509	252	377
575	256	384	572	252	377
639	256	384	636	252	376
703	256	384	700	252	376
767	256	384	764	252	376
831	256	384	828	252	376
895	256	384	892	252	376
959	256	384	956	252	376
1023	256	384	1020	252	376
0	320	384	0	316	374
64	320	384	59	316	375
128	320	384	124	316	376
192	320	384	188	316	377
256	320	384	255	316	371
320	320	384	323	316	365
384	320	384	380	316	379
448	320	384	445	316	378
512	320	384	509	316	378
575	320	384	572	316	377
639	320	384	636	316	377
703	320	384	700	316	377
767	320	384	763	316	376
831	320	384	828	316	376
895	320	384	892	316	376
959	320	384	956	316	376
1023	320	384	1020	316	376
0	384	384	0	379	374
64	384	384	59	379	375
128	384	384	124	380	376
192	384	384	188	380	377
256	384	384	253	380	378
320	384	384	317	380	379
384	384	384	380	380	380
448	384	384	444	380	379
512	384	384	508	380	378
575	384	384	571	380	378
639	384	384	635	380	378
703	384	384	699	380	377
767	384	384	763	380	377
831	384	384	827	380	377
895	384	384	891	380	377
959	384	384	955	380	376
1023	384	384	1019	380	376
0	448	384	0	443	374
64	448	384	59	443	375
128	448	384	124	443	376
192	448	384	188	443	377
256	448	384	253	443	377
320	448	384	317	443	378
384	448	384	380	444	379
448	448	384	444	444	379
512	448	384	508	443	378
575	448	384	571	443	378
639	448	384	635	443	378
703	448	384	699	443	377
767	448	384	763	443	377
831	448	384	827	443	377
895	448	384	891	443	377
959	448	384	955	443	376
1023	448	384	1019	443	376
0	512	384	0	507	374
64	512	384	59	507	375
128	512	384	124	507	376
192	512	384	188	507	376
256	512	384	253	507	377
320	512	384	317	507	378
384	512	384	380	507	378
448	512	384	444	507	378
512	512	384	508	507	378
575	512	384	571	507	378
639	512	384	635	507	378
703	512	384	699	507	377
767	512	384	763	507	377
831	512	384	827	507	377
895	512	384	891	507	377
959	512	384	955	507	376
1023	512	384	1019	507	376
0	575	384	0	569	374
64	575	384	60	570	375
128	575	384	124	570	375
192	575	384	188	570	376
256	575	384	253	570	377
320	575	384	317	570	377
384	575	384	381	570	378
448	575	384	445	570	378
512	575	384	509	570	378
575	575	384	571	570	378
639	575	384	635	570	378
703	575	384	699	570	377
767	575	384	763	570	377
831	575	384	827	570	377
895	575	384	891	570	377
959	575	384	955	570	376
1023	575	384	1019	570	376
0	639	384	0	633	374
64	639	384	60	633	375
128	639	384	124	633	375
192	639	384	188	633	376
256	639	384	253	633	376
320	639	384	318	633	377
384	639	384	381	633	378
448	639	384	445	633	378
512	639	384	509	633	378
575	639	384	572	633	378
639	639	384	635	633	378
703	639	384	699	633	377
767	639	384	763	633	377
831	639	384	827	633	377
895	639	384	891	633	377
959	639	384	955	633	376
1023	639	384	1019	633	376
0	703	384	0	696	374
64	703	384	60	696	375
128	703	384	124	696	375
192	703	384	188	696	376
256	703	384	253	696	376
320	703	384	318	697	377
384	703	384	381	697	377
448	703	384	445	697	377
512	703	384	509	697	377
575	703	384	572	697	377
639	703	384	635	697	377
703	703	384	699	697	377
767	703	384	763	697	377
831	703	384	827	697	377
895	703	384	891	696	377
959	703	384	955	696	376
1023	703	384	1019	696	376
0	767	384	0	759	374
64	767	384	60	759	375
128	767	384	124	759	375
192	767	384	188	759	376
256	767	384	253	759	376
320	767	384	318	760	376
384	767	384	381	760	377
448	767	384	445	760	377
512	767	384	509	760	377
575	767	384	572	760	377
639	767	384	636	760	377
703	767	384	700	760	377
767	767	384	763	760	377
831	767	384	827	760	377
895	767	384	891	760	377
959	767	384	955	760	376
1023	767	384	1019	759	376
0	831	384	0	823	374
64	831	384	60	823	375
128	831	384	124	823	375
192	831	384	188	823	375
256	831	384	254	823	376
320	831	384	318	823	376
384	831	384	381	823	377
448	831	384	445	823	377
512	831	384	509	823	377
575	831	384	572	823	377
639	831	384	636	823	377
703	831	384	700	823	377
767	831	384	763	823	377
831	831	384	827	823	377
895	831	384	891	823	377
959	831	384	955	823	376
1023	831	384	1019	823	376
0	895	384	0	886	374
64	895	384	60	887	374
128	895	384	124	887	375
192	895	384	188	887	375
256	895	384	254	887	376
320	895	384	318	887	376
384	895	384	381	887	377
448	895	384	446	887	377
512	895	384	510	887	377
575	895	384	573	887	377
639	895	384	636	887	377
703	895	384	700	887	377
767	895	384	763	887	377
831	895	384	827	887	377
895	895	384	891	887	377
959	895	384	955	887	376
1023	895	384	1019	887	376
0	959	384	0	950	374
64	959	384	60	950	374
128	959	384	124	950	375
192	959	384	189	950	375
256	959	384	254	950	376
320	959	384	318	950	376
384	959	384	382	950	376
448	959	384	446	950	376
512	959	384	510	950	376
575	959	384	573	950	376
639	959	384	636	950	376
703	959	384	700	950	376
767	959	384	763	950	376
831	959	384	828	950	376
895	959	384	891	950	376
959	959	384	955	950	376
1023	959	384	1019	950	376
0	1023	384	0	1014	374
64	1023	384	60	1014	374
128	1023	384	124	1014	375
192	1023	384	189	1014	375
256	1023	384	254	1014	376
320	1023	384	318	1014	376
384	1023	384	382	1014	376
448	1023	384	446	1014	376
512	1023	384	510	1014	376
575	1023	384	573	1014	376
639	1023	384	636	1014	376
703	1023	384	700	1014	376
767	1023	384	764	1014	376
831	1023	384	828	1014	376
895	1023	384	892	1014	376
959	1023	384	955	1014	376
1023	1023	384	1019	1014	376
0	0	448	0	0	285
64	0	448	68	0	329
128	0	448	135	0	366
192	0	448	198	0	397
256	0	448	259	0	422
320	0	448	319	0	437
384	0	448	383	0	437
448	0	448	447	0	437
512	0	448	511	0	437
575	0	448	574	0	437
639	0	448	638	0	437
703	0	448	702	0	437
767	0	448	766	0	437
831	0	448	830	0	437
895	0	448	894	0	437
959	0	448	958	0	437
1023	0	448	1022	0	437
0	64	448	0	57	329
64	64	448	69	57	317
128	64	448	137	58	357
192	64	448	200	59	389
256	64	448	261	59	416
320	64	448	319	59	438
384	64	448	382	59	438
448	64	448	447	59	438
512	64	448	511	59	438
575	64	448	574	59	438
639	64	448	638	59	438
703	64	448	702	59	438
767	64	448	765	59	437
831	64	448	830	59	437
895	64	448	894	59	437
959	64	448	958	59	437
1023	64	448	1022	59	437
0	128	448	0	121	366
64	128	448	66	121	357
128	128	448	139	121	346
192	128	448	202	122	380
256	128	448	263	123	408
320	128	448	321	123	432
384	128	448	382	123	439
448	128	448	446	123	439
512	128	448	510	123	439
575	128	448	573	123	438
639	128	448	637	123	438
703	128	448	701	123	438
767	128	448	765	123	438
831	128	448	829	123	438
895	128	448	893	123	438
959	128	448	957	123	438
1023	128	448	1021	123	438
0	192	448	0	186	397
64	192	448	63	186	389
128	192	448	133	185	380
192	192	448	205	185	371
256	192	448	265	186	401
320	192	448	323	187	426
384	192	448	381	187	440
448	192	448	446	187	440
512	192	448	510	187	439
575	192	448	573	187	439
639	192	448	637	187	439
703	192	448	701	187	439
767	192	448	764	187	439
831	192	448	829	187	438
895	192	448	893	187	438
959	192	448	957	187	438
1023	192	448	1021	187	438
0	256	448	0	251	422
64	256	448	61	251	416
128	256	448	129	251	408
192	256	448	197	250	401
256	256	448	268	250	393
320	256	448	326	251	419
384	256	448	381	252	441
448	256	448	445	252	441
512	256	448	509	252	440
575	256	448	572	252	440
639	256	448	636	252	440
703	256	448	700	252	439
767	256	448	764	252	439
831	256	448	828	252	439
895	256	448	892	252	439
959	256	448	956	252	439
1023	256	448	1020	252	439
0	320	448	0	316	437
64	320	448	59	316	438
128	320	448	125	316	432
192	320	448	191	316	426
256	320	448	260	315	419
320	320	448	329	315	412
384	320	448	384	316	435
448	320	448	445	316	442
512	320	448	509	316	441
575	320	448	572	316	441
639	320	448	636	316	440
703	320	448	700	316	440
767	320	448	763	316	440
831	320	448	828	316	440
895	320	448	892	316	439
959	320	448	956	316	439
1023	320	448	1020	316	439
0	384	448	0	379	437
64	384	448	59	379	438
128	384	448	124	380	439
192	384	448	188	380	440
256	384	448	253	380	441
320	384	448	320	379	435
384	384	448	386	379	429
448	384	448	444	380	443
512	384	448	508	380	442
575	384	448	571	380	441
639	384	448	635	380	441
703	384	448	699	380	441
767	384	448	763	380	440
831	384	448	827	380	440
895	384	448	891	380	440
959	384	448	955	380	440
1023	384	448	1019	380	439
0	448	448	0	443	437
64	448	448	59	443	438
128	448	448	124	443	439
192	448	448	188	443	440
256	448	448	253	443	441
320	448	448	317	443	442
384	448	448	380	444	443
448	448	448	444	444	444
512	448	448	508	444	443
575	448	448	571	443	442
639	448	448	635	443	442
703	448	448	699	443	441
767	448	448	762	443	441
831	448	448	827	443	441
895	448	448	891	443	440
959	448	448	955	443	440
1023	448	448	1019	443	440
0	512	448	0	507	437
64	512	448	59	507	438
128	512	448	124	507	439
192	512	448	188	507	439
256	512	448	253	507	440
320	512	448	317	507	441
384	512	448	380	507	442
448	512	448	444	507	443
512	512	448	508	507	443
575	512	448	571	507	442
639	512	448	635	507	442
703	512	448	699	507	441
767	512	448	762	507	441
831	512	448	827	507	441
895	512	448	891	507	440
959	512	448	955	507	440
1023	512	448	1019	507	440
0	575	448	0	569	437
64	575	448	60	570	438
128	575	448	124	570	438
192	575	448	188	570	439
256	575	448	253	570	440
320	575	448	317	570	441
384	575	448	381	570	441
448	575	448	444	570	442
512	575	448	508	570	442
575	575	448	571	570	442
639	575	448	635	570	442
703	575	448	699	570	441
767	575	448	762	570	441
831	575	448	827	570	441
895	575	448	891	570	440
959	575	448	955	570	440
1023	575	448	1019	570	440
0	639	448	0	633	437
64	639	448	60	633	438
128	639	448	124	633	438
192	639	448	188	633	439
256	639	448	253	633	440
320	639	448	318	633	440
384	639	448	381	633	441
448	639	448	445	633	442
512	639	448	509	633	442
575	639	448	571	633	442
639	639	448	635	633	442
703	639	448	699	633	441
767	639	448	762	633	441
831	639	448	827	633	441
895	639	448	891	633	440
959	639	448	955	633	440
1023	639	448	1019	633	440
0	703	448	0	696	437
64	703	448	60	696	438
128	703	448	124	696	438
192	703	448	188	696	439
256	703	448	253	696	439
320	703	448	318	697	440
384	703	448	381	697	441
448	703	448	445	697	441
512	703	448	509	697	441
575	703	448	572	697	441
639	703	448	635	697	441
703	703	448	699	697	441
767	703	448	762	697	441
831	703	448	827	697	441
895	703	448	891	697	440
959	703	448	955	697	440
1023	703	448	1019	696	440
0	767	448	0	759	437
64	767	448	60	759	437
128	767	448	124	759	438
192	767	448	188	759	439
256	767	448	253	759	439
320	767	448	318	760	440
384	767	448	381	760	440
448	767	448	445	760	441
512	767	448	509	760	441
575	767	448	572	760	441
639	767	448	635	760	441
703	767	448	699	760	441
767	767	448	762	760	441
831	767	448	827	760	441
895	767	448	891	760	440
959	767	448	955	760	440
1023	767	448	1019	760	440
0	831	448	0	823	437
64	831	448	60	823	437
128	831	448	124	823	438
192	831	448	188	823	438
256	831	448	254	823	439
320	831	448	318	823	440
384	831	448	381	823	440
448	831	448	445	823	441
512	831	448	509	823	441
575	831	448	572	823	441
639	831	448	636	823	441
703	831	448	699	823	441
767	831	448	763	823	441
831	831	448	827	823	441
895	831	448	891	823	440
959	831	448	955	823	440
1023	831	448	1019	823	440
0	895	448	0	886	437
64	895	448	60	887	437
128	895	448	124	887	438
192	895	448	188	887	438
256	895	448	254	887	439
320	895	448	318	887	439
384	895	448	381	887	440
448	895	448	445	887	440
512	895	448	509	887	440
575	895	448	572	887	440
639	895	448	636	887	440
703	895	448	700	887	440
767	895	448	763	887	440
831	895	448	827	887	440
895	895	448	891	887	440
959	895	448	955	887	440
1023	895	448	1019	887	440
0	959	448	0	950	437
64	959	448	60	950	437
128	959	448	124	950	438
192	959	448	189	950	438
256	959	448	254	950	439
320	959	448	318	950	439
384	959	448	382	950	440
448	959	448	445	950	440
512	959	448	509	950	440
575	959	448	572	950	440
639	959	448	636	950	440
703	959	448	700	950	440
767	959	448	763	950	440
831	959	448	827	950	440
895	959	448	891	950	440
959	959	448	955	950	440
1023	959	448	1019	950	440
0	1023	448	0	1014	437
64	1023	448	60	1014	437
128	1023	448	124	1014	438
192	1023	448	189	1014	438
256	1023	448	254	1014	439
320	1023	448	318	1014	439
384	1023	448	382	1014	439
448	1023	448	446	1014	440
512	1023	448	510	1014	440
575	1023	448	572	1014	440
639	1023	448	636	1014	440
703	1023	448	700	1014	440
767	1023	448	763	1014	440
831	1023	448	827	1014	440
895	1023	448	891	1014	440
959	1023	448	955	1014	440
1023	1023	448	1019	1014	440
0	0	512	0	0	326
64	0	512	69	0	371
128	0	512	137	0	409
192	0	512	201	0	442
256	0	512	262	0	469
320	0	512	321	0	493
384	0	512	383	0	500
448	0	512	447	0	500
512	0	512	511	0	500
575	0	512	574	0	500
639	0	512	638	0	500
703	0	512	702	0	500
767	0	512	766	0	500
831	0	512	830	0	500
895	0	512	894	0	500
959	0	512	958	0	500
1023	0	512	1022	0	500
0	64	512	0	57	371
64	64	512	69	57	359
128	64	512	139	58	399
192	64	512	203	58	433
256	64	512	264	59	462
320	64	512	323	59	486
384	64	512	382	59	501
448	64	512	447	59	501
512	64	512	511	59	501
575	64	512	574	59	501
639	64	512	638	59	501
703	64	512	702	59	500
767	64	512	765	59	500
831	64	512	830	59	500
895	64	512	894	59	500
959	64	512	958	59	500
1023	64	512	1022	59	500
0	128	512	0	121	409
64	128	512	66	121	399
128	128	512	140	120	388
192	128	512	205	122	424
256	128	512	267	122	454
320	128	512	326	123	480
384	128	512	382	123	502
448	128	512	446	123	502
512	128	512	510	123	502
575	128	512	573	123	501
639	128	512	637	123	501
703	128	512	701	123	501
767	128	512	765	123	501
831	128	512	829	123	501
895	128	512	893	123	501
959	128	512	957	123	501
1023	128	512	1021	123	501
0	192	512	0	185	442
64	192	512	64	185	433
128	192	512	135	185	424
192	192	512	207	184	414
256	192	512	269	186	446
320	192	512	328	186	473
384	192	512	384	187	496
448	192	512	446	187	503
512	192	512	510	187	503
575	192	512	573	187	502
639	192	512	637	187	502
703	192	512	701	187	502
767	192	512	764	187	502
831	192	512	829	187	502
895	192	512	893	187	501
959	192	512	957	187	501
1023	192	512	1021	187	501
0	256	512	0	251	469
64	256	512	62	251	462
128	256	512	130	250	454
192	256	512	200	250	446
256	256	512	271	249	437
320	256	512	331	251	466
384	256	512	387	252	490
448	256	512	445	252	504
512	256	512	509	252	504
575	256	512	572	252	503
639	256	512	636	252	503
703	256	512	700	252	503
767	256	512	764	252	502
831	256	512	828	252	502
895	256	512	892	252	502
959	256	512	956	252	502
1023	256	512	1020	252	502
0	320	512	0	316	493
64	320	512	60	316	486
128	320	512	127	315	480
192	320	512	194	315	473
256	320	512	263	315	466
320	320	512	333	314	458
384	320	512	389	315	483
448	320	512	445	316	505
512	320	512	509	316	505
575	320	512	572	316	504
639	320	512	636	316	504
703	320	512	700	316	503
767	320	512	763	316	503
831	320	512	828	316	503
895	320	512	892	316	502
959	320	512	956	316	502
1023	320	512	1020	316	502
0	384	512	0	379	500
64	384	512	59	379	501
128	384	512	124	380	502
192	384	512	190	379	496
256	384	512	257	379	490
320	384	512	324	379	483
384	384	512	392	378	476
448	384	512	448	379	499
512	384	512	508	380	505
575	384	512	571	380	505
639	384	512	635	380	504
703	384	512	699	380	504
767	384	512	763	380	504
831	384	512	827	380	503
895	384	512	891	380	503
959	384	512	955	380	503
1023	384	512	1019	380	503
0	448	512	0	443	500
64	448	512	59	443	501
128	448	512	124	443	502
192	448	512	188	443	503
256	448	512	253	443	504
320	448	512	317	443	505
384	448	512	383	443	499
448	448	512	450	443	493
512	448	512	508	444	506
575	448	512	571	443	506
639	448	512	635	443	505
703	448	512	699	443	505
767	448	512	762	443	504
831	448	512	827	443	504
895	448	512	891	443	504
959	448	512	955	443	503
1023	448	512	1019	443	503
0	512	512	0	507	500
64	512	512	59	507	501
128	512	512	124	507	502
192	512	512	188	507	503
256	512	512	253	507	504
320	512	512	317	507	505
384	512	512	380	507	505
448	512	512	444	507	506
512	512	512	507	507	507
575	512	512	570	507	507
639	512	512	634	507	506
703	512	512	698	507	505
767	512	512	762	507	505
831	512	512	826	507	504
895	512	512	890	507	504
959	512	512	954	507	504
1023	512	512	1018	507	504
0	575	512	0	569	500
64	575	512	60	570	501
128	575	512	124	570	501
192	575	512	188	570	502
256	575	512	253	570	503
320	575	512	317	570	504
384	575	512	381	570	505
448	575	512	444	570	506
512	575	512	508	570	507
575	575	512	570	570	507
639	575	512	634	570	506
703	575	512	698	570	505
767	575	512	762	570	505
831	575	512	826	570	504
895	575	512	890	570	504
959	575	512	954	570	504
1023	575	512	1018	570	504
0	639	512	0	633	500
64	639	512	60	633	501
128	639	512	124	633	501
192	639	512	188	633	502
256	639	512	253	633	503
320	639	512	318	633	504
384	639	512	381	633	504
448	639	512	445	633	505
512	639	512	508	633	506
575	639	512	571	633	506
639	639	512	634	633	506
703	639	512	698	633	505
767	639	512	762	633	505
831	639	512	826	633	504
895	639	512	890	633	504
959	639	512	954	633	504
1023	639	512	1018	633	504
0	703	512	0	696	500
64	703	512	60	696	500
128	703	512	124	696	501
192	703	512	188	696	502
256	703	512	253	696	503
320	703	512	318	697	503
384	703	512	381	697	504
448	703	512	445	697	505
512	703	512	508	697	505
575	703	512	571	697	505
639	703	512	635	697	505
703	703	512	698	697	505
767	703	512	762	697	505
831	703	512	826	697	504
895	703	512	890	697	504
959	703	512	954	697	504
1023	703	512	1018	697	504
0	767	512	0	759	500
64	767	512	60	759	500
128	767	512	124	759	501
192	767	512	188	759	502
256	767	512	253	759	502
320	767	512	318	760	503
384	767	512	381	760	504
448	767	512	445	760	504
512	767	512	509	760	505
575	767	512	571	760	505
639	767	512	635	760	505
703	767	512	699	760	505
767	767	512	762	760	505
831	767	512	826	760	504
895	767	512	890	760	504
959	767	512	954	760	504
1023	767	512	1018	760	504
0	831	512	0	823	500
64	831	512	60	823	500
128	831	512	124	823	501
192	831	512	188	823	502
256	831	512	254	823	502
320	831	512	318	823	503
384	831	512	381	823	503
448	831	512	445	823	504
512	831	512	509	823	504
575	831	512	572	823	504
639	831	512	635	823	504
703	831	512	699	823	504
767	831	512	762	823	504
831	831	512	826	823	504
895	831	512	890	823	504
959	831	512	954	823	504
1023	831	512	1018	823	504
0	895	512	0	886	500
64	895	512	60	887	500
128	895	512	124	887	501
192	895	512	188	887	501
256	895	512	254	887	502
320	895	512	318	887	502
384	895	512	381	887	503
448	895	512	445	887	504
512	895	512	509	887	504
575	895	512	572	887	504
639	895	512	635	887	504
703	895	512	699	887	504
767	895	512	762	887	504
831	895	512	826	887	504
895	895	512	890	887	504
959	895	512	954	887	504
1023	895	512	1018	887	504
0	959	512	0	950	500
64	959	512	60	950	500
128	959	512	124	950	501
192	959	512	189	950	501
256	959	512	254	950	502
320	959	512	318	950	502
384	959	512	382	950	503
448	959	512	445	950	503
512	959	512	509	950	504
575	959	512	572	950	504
639	959	512	636	950	504
703	959	512	699	950	504
767	959	512	763	950	504
831	959	512	827	950	504
895	959	512	890	950	504
959	959	512	954	950	504
1023	959	512	1018	950	504
0	1023	512	0	1014	500
64	1023	512	60	1014	500
128	1023	512	124	1014	501
192	1023	512	189	1014	501
256	1023	512	254	1014	502
320	1023	512	318	1014	502
384	1023	512	382	1014	503
448	1023	512	446	1014	503
512	1023	512	509	1014	504
575	1023	512	572	1014	504
639	1023	512	636	1014	504
703	1023	512	700	1014	504
767	1023	512	763	1014	504
831	1023	512	827	1014	504
895	1023	512	891	1014	504
959	1023	512	954	1014	504
1023	1023	512	1018	1014	504
0	0	575	0	0	366
64	0	575	69	0	411
128	0	575	138	0	451
192	0	575	203	0	485
256	0	575	266	0	514
320	0	575	325	0	540
384	0	575	383	0	561
448	0	575	447	0	561
512	0	575	511	0	561
575	0	575	574	0	561
639	0	575	638	0	561
703	0	575	702	0	561
767	0	575	766	0	561
831	0	575	830	0	561
895	0	575	894	0	561
959	0	575	958	0	561
1023	0	575	1022	0	561
0	64	575	0	57	411
64	64	575	70	57	399
128	64	575	140	58	440
192	64	575	205	58	476
256	64	575	268	59	506
320	64	575	328	59	533
384	64	575	385	59	556
448	64	575	447	59	562
512	64	575	511	59	562
575	64	575	574	59	562
639	64	575	638	59	562
703	64	575	702	59	562
767	64	575	765	59	562
831	64	575	830	59	562
895	64	575	894	59	562
959	64	575	958	59	562
1023	64	575	1022	59	562
0	128	575	0	121	451
64	128	575	67	121	440
128	128	575	141	120	429
192	128	575	207	121	466
256	128	575	270	122	498
320	128	575	330	123	526
384	128	575	387	123	549
448	128	575	446	123	563
512	128	575	510	123	563
575	128	575	573	123	563
639	128	575	637	123	563
703	128	575	701	123	563
767	128	575	765	123	563
831	128	575	829	123	563
895	128	575	893	123	563
959	128	575	957	123	563
1023	128	575	1021	123	562
0	192	575	0	185	485
64	192	575	65	185	476
128	192	575	136	184	466
192	192	575	209	184	456
256	192	575	272	185	489
320	192	575	332	186	518
384	192	575	389	187	543
448	192	575	446	187	564
512	192	575	510	187	564
575	192	575	573	187	564
639	192	575	637	187	564
703	192	575	701	187	564
767	192	575	764	187	564
831	192	575	829	187	563
895	192	575	893	187	563
959	192	575	957	187	563
1023	192	575	1021	187	563
0	256	575	0	250	514
64	256	575	63	250	506
128	256	575	132	250	498
192	256	575	202	249	489
256	256	575	274	249	480
320	256	575	335	250	510
384	256	575	392	251	536
448	256	575	448	252	559
512	256	575	510	252	565
575	256	575	572	252	565
639	256	575	636	252	565
703	256	575	700	252	565
767	256	575	764	252	564
831	256	575	828	252	564
895	256	575	892	252	564
959	256	575	956	252	564
1023	256	575	1020	252	564
0	320	575	0	315	540
64	320	575	61	315	533
128	320	575	129	315	526
192	320	575	197	314	518
256	320	575	267	314	510
320	320	575	337	313	502
384	320	575	394	315	529
448	320	575	451	316	553
512	320	575	509	316	566
575	320	575	572	316	566
639	320	575	636	316	566
703	320	575	700	316	565
767	320	575	763	316	565
831	320	575	828	316	565
895	320	575	892	316	565
959	320	575	956	316	564
1023	320	575	1020	316	564
0	384	575	0	379	561
64	384	575	60	379	556
128	384	575	126	379	549
192	384	575	192	379	543
256	384	575	260	378	536
320	384	575	329	378	529
384	384	575	397	377	522
448	384	575	453	379	546
512	384	575	509	380	567
575	384	575	571	380	567
639	384	575	635	380	567
703	384	575	699	380	566
767	384	575	763	380	566
831	384	575	827	380	565
895	384	575	891	380	565
959	384	575	955	380	565
1023	384	575	1019	380	565
0	448	575	0	443	561
64	448	575	60	443	562
128	448	575	124	443	563
192	448	575	188	443	564
256	448	575	255	443	559
320	448	575	322	443	553
384	448	575	388	442	546
448	448	575	456	442	540
512	448	575	511	443	562
575	448	575	571	443	568
639	448	575	635	443	567
703	448	575	699	443	567
767	448	575	762	443	566
831	448	575	827	443	566
895	448	575	891	443	566
959	448	575	955	443	565
1023	448	575	1019	443	565
0	512	575	0	507	561
64	512	575	60	507	562
128	512	575	124	507	563
192	512	575	188	507	564
256	512	575	253	507	565
320	512	575	317	507	566
384	512	575	381	507	567
448	512	575	447	507	562
512	512	575	514	507	556
575	512	575	570	507	569
639	512	575	634	507	568
703	512	575	698	507	568
767	512	575	762	507	567
831	512	575	826	507	567
895	512	575	890	507	566
959	512	575	954	507	566
1023	512	575	1018	507	566
0	575	575	0	569	561
64	575	575	60	570	562
128	575	575	124	570	563
192	575	575	188	570	564
256	575	575	253	570	565
320	575	575	317	570	566
384	575	575	381	570	567
448	575	575	444	570	568
512	575	575	508	570	569
575	575	575	570	570	570
639	575	575	634	570	569
703	575	575	698	570	568
767	575	575	761	570	568
831	575	575	826	570	567
895	575	575	890	570	567
959	575	575	954	570	567
1023	575	575	1018	570	566
0	639	575	0	633	561
64	639	575	60	633	562
128	639	575	124	633	563
192	639	575	188	633	564
256	639	575	253	633	565
320	639	575	318	633	566
384	639	575	381	633	567
448	639	575	445	633	567
512	639	575	508	633	568
575	639	575	570	633	569
639	639	575	634	633	569
703	639	575	698	633	568
767	639	575	761	633	568
831	639	575	826	633	567
895	639	575	890	633	567
959	639	575	954	633	567
1023	639	575	1018	633	566
0	703	575	0	696	561
64	703	575	60	696	562
128	703	575	124	696	563
192	703	575	188	696	564
256	703	575	253	696	565
320	703	575	318	697	565
384	703	575	381	697	566
448	703	575	445	697	567
512	703	575	508	697	568
575	703	575	571	697	568
639	703	575	634	697	568
703	703	575	698	697	568
767	703	575	761	697	568
831	703	575	826	697	567
895	703	575	890	697	567
959	703	575	954	697	567
1023	703	575	1018	697	566
0	767	575	0	759	561
64	767	575	60	759	562
128	767	575	124	759	563
192	767	575	188	759	564
256	767	575	253	759	564
320	767	575	318	760	565
384	767	575	381	760	566
448	767	575	445	760	566
512	767	575	509	760	567
575	767	575	571	760	568
639	767	575	634	760	568
703	767	575	698	760	568
767	767	575	761	760	568
831	767	575	826	760	567
895	767	575	890	760	567
959	767	575	954	760	567
1023	767	575	1018	760	566
0	831	575	0	823	561
64	831	575	60	823	562
128	831	575	124	823	563
192	831	575	188	823	563
256	831	575	254	823	564
320	831	575	318	823	565
384	831	575	381	823	565
448	831	575	445	823	566
512	831	575	509	823	567
575	831	575	571	823	567
639	831	575	635	823	567
703	831	575	698	823	567
767	831	575	762	823	567
831	831	575	826	823	567
895	831	575	890	823	567
959	831	575	954	823	567
1023	831	575	1018	823	566
0	895	575	0	886	561
64	895	575	60	887	562
128	895	575	124	887	563
192	895	575	188	887	563
256	895	575	254	887	564
320	895	575	318	887	565
384	895	575	381	887	565
448	895	575	445	887	566
512	895	575	509	887	566
575	895	575	572	887	567
639	895	575	635	887	567
703	895	575	699	887	567
767	895	575	762	887	567
831	895	575	826	887	567
895	895	575	890	887	567
959	895	575	954	887	567
1023	895	575	1018	887	566
0	959	575	0	950	561
64	959	575	60	950	562
128	959	575	124	950	563
192	959	575	189	950	563
256	959	575	254	950	564
320	959	575	318	950	564
384	959	575	382	950	565
448	959	575	445	950	565
512	959	575	509	950	566
575	959	575	572	950	567
639	959	575	635	950	567
703	959	575	699	950	567
767	959	575	762	950	567
831	959	575	826	950	567
895	959	575	890	950	567
959	959	575	954	950	567
1023	959	575	1018	950	566
0	1023	575	0	1014	561
64	1023	575	60	1014	562
128	1023	575	124	1014	562
192	1023	575	189	1014	563
256	1023	575	254	1014	564
320	1023	575	318	1014	564
384	1023	575	382	1014	565
448	1023	575	446	1014	565
512	1023	575	509	1014	566
575	1023	575	572	1014	566
639	1023	575	635	1014	566
703	1023	575	699	1014	566
767	1023	575	762	1014	566
831	1023	575	826	1014	566
895	1023	575	890	1014	566
959	1023	575	954	1014	566
1023	1023	575	1018	1014	566
0	0	639	0	0	407
64	0	639	69	0	452
128	0	639	139	0	493
192	0	639	205	0	528
256	0	639	268	0	559
320	0	639	329	0	586
384	0	639	387	0	610
448	0	639	447	0	624
512	0	639	511	0	624
575	0	639	574	0	624
639	0	639	638	0	624
703	0	639	702	0	624
767	0	639	766	0	624
831	0	639	830	0	624
895	0	639	894	0	624
959	0	639	958	0	624
1023	0	639	1022	0	624
0	64	639	0	57	452
64	64	639	70	57	440
128	64	639	141	58	482
192	64	639	207	58	518
256	64	639	270	58	550
320	64	639	331	59	579
384	64	639	389	59	603
448	64	639	447	59	625
512	64	639	511	59	625
575	64	639	574	59	625
639	64	639	638	59	625
703	64	639	702	59	625
767	64	639	765	59	625
831	64	639	830	59	624
895	64	639	894	59	624
959	64	639	958	59	624
1023	64	639	1022	59	624
0	128	639	0	121	493
64	128	639	67	120	482
128	128	639	142	120	470
192	128	639	208	121	508
256	128	639	272	122	542
320	128	639	333	122	571
384	128	639	392	123	596
448	128	639	449	123	619
512	128	639	511	123	626
575	128	639	574	123	626
639	128	639	637	123	626
703	128	639	701	123	626
767	128	639	765	123	625
831	128	639	829	123	625
895	128	639	893	123	625
959	128	639	957	123	625
1023	128	639	1021	123	625
0	192	639	0	185	528
64	192	639	65	184	518
128	192	639	137	184	508
192	192	639	210	183	498
256	192	639	275	185	533
320	192	639	336	186	563
384	192	639	394	186	589
448	192	639	451	187	613
512	192	639	510	187	627
575	192	639	573	187	627
639	192	639	637	187	627
703	192	639	701	187	626
767	192	639	764	187	626
831	192	639	829	187	626
895	192	639	893	187	626
959	192	639	957	187	626
1023	192	639	1021	187	626
0	256	639	0	250	559
64	256	639	63	250	550
128	256	639	133	249	542
192	256	639	204	249	533
256	256	639	277	248	523
320	256	639	338	250	555
384	256	639	396	251	582
448	256	639	454	251	606
512	256	639	510	252	628
575	256	639	573	252	628
639	256	639	636	252	628
703	256	639	700	252	627
767	256	639	764	252	627
831	256	639	828	252	627
895	256	639	892	252	627
959	256	639	956	252	626
1023	256	639	1020	252	626
0	320	639	0	315	586
64	320	639	62	314	579
128	320	639	130	314	571
192	320	639	199	314	563
256	320	639	269	313	555
320	320	639	341	313	546
384	320	639	399	314	575
448	320	639	456	315	600
512	320	639	512	316	622
575	320	639	572	316	629
639	320	639	636	316	629
703	320	639	700	316	628
767	320	639	763	316	628
831	320	639	828	316	627
895	320	639	892	316	627
959	320	639	956	316	627
1023	320	639	1020	316	627
0	384	639	0	379	610
64	384	639	61	379	603
128	384	639	127	378	596
192	384	639	194	378	589
256	384	639	263	378	582
320	384	639	332	377	575
384	384	639	402	377	567
448	384	639	459	378	593
512	384	639	515	379	616
575	384	639	572	380	630
639	384	639	635	380	630
703	384	639	699	380	629
767	384	639	763	380	629
831	384	639	827	380	628
895	384	639	891	380	628
959	384	639	955	380	628
1023	384	639	1019	380	627
0	448	639	0	443	624
64	448	639	60	443	625
128	448	639	125	443	619
192	448	639	191	443	613
256	448	639	258	442	606
320	448	639	325	442	600
384	448	639	393	442	593
448	448	639	462	441	586
512	448	639	517	443	610
575	448	639	571	443	630
639	448	639	635	443	630
703	448	639	699	443	630
767	448	639	762	443	629
831	448	639	827	443	629
895	448	639	891	443	629
959	448	639	955	443	628
1023	448	639	1019	443	628
0	512	639	0	507	624
64	512	639	60	507	625
128	512	639	124	507	626
192	512	639	188	507	627
256	512	639	253	507	628
320	512	639	319	507	622
384	512	639	385	506	616
448	512	639	452	506	610
512	512	639	520	506	603
575	512	639	574	507	625
639	512	639	634	507	631
703	512	639	698	507	631
767	512	639	762	507	630
831	512	639	826	507	630
895	512	639	890	507	629
959	512	639	954	507	629
1023	512	639	1018	507	629
0	575	639	0	569	624
64	575	639	60	570	625
128	575	639	124	570	626
192	575	639	188	570	627
256	575	639	253	570	628
320	575	639	318	570	629
384	575	639	381	570	630
448	575	639	445	570	630
512	575	639	511	569	625
575	575	639	577	569	619
639	575	639	634	570	632
703	575	639	698	570	632
767	575	639	761	570	631
831	575	639	826	570	630
895	575	639	890	570	630
959	575	639	954	570	629
1023	575	639	1018	570	629
0	639	639	0	633	624
64	639	639	60	633	625
128	639	639	124	633	626
192	639	639	188	633	627
256	639	639	253	633	628
320	639	639	318	633	629
384	639	639	381	633	630
448	639	639	445	633	630
512	639	639	508	633	631
575	639	639	570	633	632
639	639	639	633	633	633
703	639	639	697	633	632
767	639	639	761	633	632
831	639	639	825	633	631
895	639	639	889	633	631
959	639	639	953	633	630
1023	639	639	1017	633	630
0	703	639	0	696	624
64	703	639	60	696	625
128	703	639	124	696	626
192	703	639	188	696	626
256	703	639	253	696	627
320	703	639	318	697	628
384	703	639	381	697	629
448	703	639	445	697	630
512	703	639	508	697	631
575	703	639	571	697	632
639	703	639	634	697	632
703	703	639	697	697	632
767	703	639	761	697	632
831	703	639	825	697	631
895	703	639	889	697	631
959	703	639	953	697	630
1023	703	639	1017	697	630
0	767	639	0	759	624
64	767	639	60	759	625
128	767	639	124	759	625
192	767	639	188	759	626
256	767	639	253	759	627
320	767	639	318	760	628
384	767	639	381	760	629
448	767	639	445	760	629
512	767	639	509	760	630
575	767	639	571	760	631
639	767	639	634	760	632
703	767	639	698	760	632
767	767	639	761	760	632
831	767	639	825	760	631
895	767	639	889	760	631
959	767	639	953	760	630
1023	767	639	1017	760	630
0	831	639	0	823	624
64	831	639	60	823	624
128	831	639	124	823	625
192	831	639	188	823	626
256	831	639	254	823	627
320	831	639	318	823	627
384	831	639	381	823	628
448	831	639	445	823	629
512	831	639	509	823	630
575	831	639	571	823	630
639	831	639	634	823	631
703	831	639	698	823	631
767	831	639	761	823	631
831	831	639	825	823	631
895	831	639	889	823	631
959	831	639	953	823	630
1023	831	639	1017	823	630
0	895	639	0	886	624
64	895	639	60	887	624
128	895	639	124	887	625
192	895	639	188	887	626
256	895	639	254	887	627
320	895	639	318	887	627
384	895	639	381	887	628
448	895	639	445	887	629
512	895	639	509	887	629
575	895	639	572	887	630
639	895	639	635	887	631
703	895	639	698	887	631
767	895	639	762	887	631
831	895	639	825	887	631
895	895	639	889	887	631
959	895	639	953	887	630
1023	895	639	1017	887	630
0	959	639	0	950	624
64	959	639	60	950	624
128	959	639	124	950	625
192	959	639	189	950	626
256	959	639	254	950	626
320	959	639	318	950	627
384	959	639	382	950	628
448	959	639	445	950	628
512	959	639	509	950	629
575	959	639	572	950	629
639	959	639	635	950	630
703	959	639	699	950	630
767	959	639	762	950	630
831	959	639	826	950	630
895	959	639	890	950	630
959	959	639	953	950	630
1023	959	639	1017	950	630
0	1023	639	0	1014	624
64	1023	639	60	1014	624
128	1023	639	124	1014	625
192	1023	639	189	1014	626
256	1023	639	254	1014	626
320	1023	639	318	1014	627
384	1023	639	382	1014	627
448	1023	639	446	1014	628
512	1023	639	509	1014	629
575	1023	639	572	1014	629
639	1023	639	635	1014	630
703	1023	639	699	1014	630
767	1023	639	762	1014	630
831	1023	639	826	1014	630
895	1023	639	890	1014	630
959	1023	639	953	1014	630
1023	1023	639	1017	1014	630
0	0	703	0	0	448
64	0	703	69	0	494
128	0	703	140	0	535
192	0	703	207	0	571
256	0	703	271	0	603
320	0	703	333	0	632
384	0	703	391	0	657
448	0	703	449	0	680
512	0	703	511	0	686
575	0	703	574	0	686
639	0	703	638	0	686
703	0	703	702	0	686
767	0	703	766	0	686
831	0	703	830	0	686
895	0	703	894	0	686
959	0	703	958	0	686
1023	0	703	1022	0	686
0	64	703	0	57	494
64	64	703	70	57	481
128	64	703	141	58	523
192	64	703	208	58	561
256	64	703	273	58	594
320	64	703	335	59	624
384	64	703	394	59	650
448	64	703	452	59	673
512	64	703	511	59	687
575	64	703	574	59	687
639	64	703	638	59	687
703	64	703	702	59	687
767	64	703	765	59	687
831	64	703	830	59	687
895	64	703	894	59	687
959	64	703	958	59	687
1023	64	703	1022	59	687
0	128	703	0	120	535
64	128	703	68	120	523
128	128	703	143	120	512
192	128	703	210	121	551
256	128	703	275	122	585
320	128	703	337	122	616
384	128	703	396	123	643
448	128	703	454	123	667
512	128	703	511	123	688
575	128	703	574	123	688
639	128	703	637	123	688
703	128	703	701	123	688
767	128	703	765	123	688
831	128	703	829	123	688
895	128	703	893	123	688
959	128	703	957	123	688
1023	128	703	1021	123	688
0	192	703	0	184	571
64	192	703	66	184	561
128	192	703	138	184	551
192	192	703	212	183	540
256	192	703	277	184	576
320	192	703	339	185	607
384	192	703	398	186	635
448	192	703	456	187	660
512	192	703	513	187	683
575	192	703	573	187	689
639	192	703	637	187	689
703	192	703	701	187	689
767	192	703	764	187	689
831	192	703	829	187	689
895	192	703	893	187	689
959	192	703	957	187	689
1023	192	703	1021	187	688
0	256	703	0	249	603
64	256	703	64	249	594
128	256	703	134	249	585
192	256	703	206	248	576
256	256	703	279	248	566
320	256	703	341	249	599
384	256	703	400	250	628
448	256	703	458	251	654
512	256	703	515	252	677
575	256	703	573	252	690
639	256	703	636	252	690
703	256	703	700	252	690
767	256	703	764	252	690
831	256	703	828	252	690
895	256	703	892	252	689
959	256	703	956	252	689
1023	256	703	1020	252	689
0	320	703	0	314	632
64	320	703	63	314	624
128	320	703	131	314	616
192	320	703	201	313	607
256	320	703	272	313	599
320	320	703	344	312	590
384	320	703	403	314	620
448	320	703	461	315	647
512	320	703	518	316	670
575	320	703	572	316	691
639	320	703	636	316	691
703	320	703	700	316	691
767	320	703	763	316	691
831	320	703	828	316	690
895	320	703	892	316	690
959	320	703	956	316	690
1023	320	703	1020	316	690
0	384	703	0	378	657
64	384	703	61	378	650
128	384	703	129	378	643
192	384	703	196	377	635
256	384	703	266	377	628
320	384	703	336	377	620
384	384	703	405	376	612
448	384	703	464	378	639
512	384	703	520	379	664
575	384	703	575	379	685
639	384	703	635	380	692
703	384	703	699	380	692
767	384	703	763	380	692
831	384	703	827	380	691
895	384	703	891	380	691
959	384	703	955	380	691
1023	384	703	1019	380	690
0	448	703	0	443	680
64	448	703	60	443	673
128	448	703	126	442	667
192	448	703	193	442	660
256	448	703	261	442	654
320	448	703	329	441	647
384	448	703	397	441	639
448	448	703	466	441	632
512	448	703	523	442	657
575	448	703	578	443	679
639	448	703	635	443	693
703	448	703	699	443	693
767	448	703	762	443	693
831	448	703	827	443	692
895	448	703	891	443	692
959	448	703	955	443	691
1023	448	703	1019	443	691
0	512	703	0	507	686
64	512	703	60	507	687
128	512	703	124	507	688
192	512	703	189	507	683
256	512	703	256	506	677
320	512	703	323	506	670
384	512	703	389	506	664
448	512	703	457	505	657
512	512	703	526	505	650
575	512	703	580	506	673
639	512	703	635	507	694
703	512	703	698	507	694
767	512	703	762	507	693
831	512	703	826	507	693
895	512	703	890	507	692
959	512	703	954	507	692
1023	512	703	1018	507	692
0	575	703	0	569	686
64	575	703	60	569	687
128	575	703	124	570	688
192	575	703	188	570	689
256	575	703	253	570	690
320	575	703	318	570	691
384	575	703	383	569	685
448	575	703	450	569	679
512	575	703	517	569	673
575	575	703	583	568	667
639	575	703	637	570	688
703	575	703	698	570	695
767	575	703	761	570	694
831	575	703	826	570	694
895	575	703	890	570	693
959	575	703	954	570	693
1023	575	703	1018	570	692
0	639	703	0	633	686
64	639	703	60	633	687
128	639	703	124	633	688
192	639	703	188	633	689
256	639	703	253	633	690
320	639	703	318	633	691
384	639	703	381	633	692
448	639	703	445	633	693
512	639	703	508	633	694
575	639	703	574	633	688
639	639	703	640	632	682
703	639	703	697	633	696
767	639	703	761	633	695
831	639	703	825	633	694
895	639	703	889	633	694
959	639	703	953	633	693
1023	639	703	1017	633	693
0	703	703	0	696	686
64	703	703	60	696	687
128	703	703	124	696	688
192	703	703	188	696	689
256	703	703	253	696	690
320	703	703	318	697	691
384	703	703	381	697	692
448	703	703	445	697	693
512	703	703	508	697	694
575	703	703	571	697	695
639	703	703	634	697	696
703	703	703	697	697	697
767	703	703	760	697	696
831	703	703	825	697	695
895	703	703	889	697	695
959	703	703	953	697	694
1023	703	703	1017	697	694
0	767	703	0	759	686
64	767	703	60	759	687
128	767	703	124	759	688
192	767	703	188	759	689
256	767	703	253	759	690
320	767	703	318	760	691
384	767	703	381	760	692
448	767	703	445	760	693
512	767	703	509	760	693
575	767	703	571	760	694
639	767	703	634	760	695
703	767	703	697	760	696
767	767	703	760	760	696
831	767	703	825	760	695
895	767	703	889	760	695
959	767	703	953	760	694
1023	767	703	1017	760	694
0	831	703	0	823	686
64	831	703	60	823	687
128	831	703	124	823	688
192	831	703	188	823	689
256	831	703	254	823	690
320	831	703	318	823	690
384	831	703	381	823	691
448	831	703	445	823	692
512	831	703	509	823	693
575	831	703	571	823	694
639	831	703	634	823	694
703	831	703	698	824	695
767	831	703	761	824	695
831	831	703	825	824	695
895	831	703	889	823	695
959	831	703	953	823	694
1023	831	703	1017	823	694
0	895	703	0	886	686
64	895	703	60	887	687
128	895	703	124	887	688
192	895	703	188	887	689
256	895	703	254	887	689
320	895	703	318	887	690
384	895	703	381	887	691
448	895	703	445	887	692
512	895	703	509	887	692
575	895	703	572	887	693
639	895	703	635	887	694
703	895	703	698	887	695
767	895	703	761	887	695
831	895	703	825	887	695
895	895	703	889	887	695
959	895	703	953	887	694
1023	895	703	1017	887	694
0	959	703	0	950	686
64	959	703	60	950	687
128	959	703	124	950	688
192	959	703	189	950	689
256	959	703	254	950	689
320	959	703	318	950	690
384	959	703	382	950	691
448	959	703	445	950	691
512	959	703	509	950	692
575	959	703	572	950	693
639	959	703	635	950	693
703	959	703	698	951	694
767	959	703	761	951	694
831	959	703	825	951	694
895	959	703	889	951	694
959	959	703	953	951	694
1023	959	703	1017	950	694
0	1023	703	0	1014	686
64	1023	703	60	1014	687
128	1023	703	124	1014	688
192	1023	703	189	1014	688
256	1023	703	254	1014	689
320	1023	703	318	1014	690
384	1023	703	382	1014	690
448	1023	703	446	1014	691
512	1023	703	509	1014	692
575	1023	703	572	1014	692
639	1023	703	635	1014	693
703	1023	703	699	1014	694
767	1023	703	762	1014	694
831	1023	703	826	1014	694
895	1023	703	889	1014	694
959	1023	703	953	1014	694
1023	1023	703	1017	1014	694
0	0	767	0	0	488
64	0	767	70	0	534
128	0	767	141	0	576
192	0	767	208	0	613
256	0	767	273	0	646
320	0	767	336	0	676
384	0	767	395	0	703
448	0	767	454	0	727
512	0	767	511	0	748
575	0	767	574	0	748
639	0	767	638	0	748
703	0	767	702	0	748
767	0	767	766	0	748
831	0	767	830	0	748
895	0	767	894	0	748
959	0	767	958	0	748
1023	0	767	1022	0	748
0	64	767	0	57	534
64	64	767	70	57	522
128	64	767	142	57	564
192	64	767	210	58	603
256	64	767	275	58	637
320	64	767	337	59	668
384	64	767	397	59	696
448	64	767	456	59	720
512	64	767	513	59	743
575	64	767	574	59	749
639	64	767	638	59	749
703	64	767	702	59	749
767	64	767	765	59	749
831	64	767	830	59	749
895	64	767	894	59	749
959	64	767	958	59	749
1023	64	767	1022	59	749
0	128	767	0	120	576
64	128	767	68	120	564
128	128	767	143	120	553
192	128	767	211	121	592
256	128	767	277	121	628
320	128	767	340	122	660
384	128	767	399	122	688
448	128	767	458	123	714
512	128	767	516	123	737
575	128	767	574	123	750
639	128	767	637	123	750
703	128	767	701	123	750
767	128	767	765	123	750
831	128	767	829	123	750
895	128	767	893	123	750
959	128	767	957	123	750
1023	128	767	1021	123	750
0	192	767	0	184	613
64	192	767	66	184	603
128	192	767	139	183	592
192	192	767	213	183	581
256	192	767	279	184	618
320	192	767	342	185	651
384	192	767	402	186	680
448	192	767	460	186	707
512	192	767	518	187	730
575	192	767	573	187	751
639	192	767	637	187	751
703	192	767	701	187	751
767	192	767	764	187	751
831	192	767	829	187	751
895	192	767	893	187	751
959	192	767	957	187	751
1023	192	767	1021	187	751
0	256	767	0	249	646
64	256	767	64	249	637
128	256	767	135	248	628
192	256	767	207	248	618
256	256	767	281	247	608
320	256	767	344	249	642
384	256	767	404	250	672
448	256	767	463	251	699
512	256	767	520	251	724
575	256	767	576	252	745
639	256	767	637	252	752
703	256	767	700	252	752
767	256	767	764	252	752
831	256	767	828	252	752
895	256	767	892	252	752
959	256	767	956	252	752
1023	256	767	1020	252	751
0	320	767	0	314	676
64	320	767	63	313	668
128	320	767	132	313	660
192	320	767	202	313	651
256	320	767	274	312	642
320	320	767	346	312	633
384	320	767	406	313	664
448	320	767	465	314	692
512	320	767	523	315	717
575	320	767	578	316	739
639	320	767	636	316	753
703	320	767	700	316	753
767	320	767	763	316	753
831	320	767	828	316	753
895	320	767	892	316	753
959	320	767	956	316	752
1023	320	767	1020	316	752
0	384	767	0	378	703
64	384	767	62	377	696
128	384	767	130	377	688
192	384	767	198	377	680
256	384	767	268	376	672
320	384	767	338	376	664
384	384	767	409	376	655
448	384	767	468	377	684
512	384	767	525	378	710
575	384	767	581	379	733
639	384	767	636	380	754
703	384	767	700	380	754
767	384	767	763	380	754
831	384	767	827	380	754
895	384	767	891	380	753
959	384	767	955	380	753
1023	384	767	1019	380	753
0	448	767	0	442	727
64	448	767	61	442	720
128	448	767	127	442	714
192	448	767	194	441	707
256	448	767	263	441	699
320	448	767	332	441	692
384	448	767	400	440	684
448	448	767	470	440	676
512	448	767	528	441	703
575	448	767	583	442	727
639	448	767	638	443	748
703	448	767	699	443	755
767	448	767	762	443	755
831	448	767	827	443	755
895	448	767	891	443	754
959	448	767	955	443	754
1023	448	767	1019	443	754
0	512	767	0	507	748
64	512	767	60	507	743
128	512	767	125	506	737
192	512	767	191	506	730
256	512	767	259	506	724
320	512	767	326	505	717
384	512	767	393	505	710
448	512	767	462	505	703
512	512	767	531	504	696
575	512	767	586	506	720
639	512	767	641	507	742
703	512	767	699	507	756
767	512	767	762	507	756
831	512	767	826	507	756
895	512	767	890	507	755
959	512	767	954	507	755
1023	512	767	1018	507	754
0	575	767	0	569	748
64	575	767	60	569	749
128	575	767	124	570	750
192	575	767	188	570	751
256	575	767	255	569	745
320	575	767	321	569	739
384	575	767	387	569	733
448	575	767	454	568	727
512	575	767	522	568	720
575	575	767	589	568	713
639	575	767	644	569	736
703	575	767	698	570	757
767	575	767	761	570	757
831	575	767	826	570	756
895	575	767	890	570	756
959	575	767	954	570	755
1023	575	767	1018	570	755
0	639	767	0	633	748
64	639	767	60	633	749
128	639	767	124	633	750
192	639	767	188	633	751
256	639	767	253	633	752
320	639	767	318	633	753
384	639	767	381	633	754
448	639	767	447	633	748
512	639	767	514	632	742
575	639	767	579	632	736
639	639	767	647	632	730
703	639	767	701	633	751
767	639	767	761	633	758
831	639	767	825	633	757
895	639	767	889	633	757
959	639	767	953	633	756
1023	639	767	1017	633	756
0	703	767	0	696	748
64	703	767	60	696	749
128	703	767	124	696	750
192	703	767	188	696	751
256	703	767	253	696	752
320	703	767	318	696	753
384	703	767	381	697	754
448	703	767	445	697	755
512	703	767	509	697	756
575	703	767	571	697	757
639	703	767	637	696	751
703	703	767	704	696	746
767	703	767	760	697	759
831	703	767	825	697	758
895	703	767	889	697	758
959	703	767	953	697	757
1023	703	767	1017	697	756
0	767	767	0	759	748
64	767	767	60	759	749
128	767	767	124	759	750
192	767	767	188	759	751
256	767	767	253	759	752
320	767	767	318	760	753
384	767	767	381	760	754
448	767	767	445	760	755
512	767	767	509	760	756
575	767	767	571	760	757
639	767	767	634	760	758
703	767	767	697	760	759
767	767	767	760	760	760
831	767	767	824	760	759
895	767	767	888	760	758
959	767	767	952	760	758
1023	767	767	1016	760	757
0	831	767	0	823	748
64	831	767	60	823	749
128	831	767	124	823	750
192	831	767	188	823	751
256	831	767	254	823	752
320	831	767	318	823	753
384	831	767	381	823	754
448	831	767	445	823	755
512	831	767	509	823	756
575	831	767	571	823	756
639	831	767	634	823	757
703	831	767	698	824	758
767	831	767	760	824	759
831	831	767	824	824	759
895	831	767	888	824	758
959	831	767	952	823	758
1023	831	767	1016	823	757
0	895	767	0	886	748
64	895	767	60	887	749
128	895	767	124	887	750
192	895	767	188	887	751
256	895	767	254	887	752
320	895	767	318	887	753
384	895	767	381	887	753
448	895	767	445	887	754
512	895	767	509	887	755
575	895	767	572	887	756
639	895	767	635	887	757
703	895	767	698	887	758
767	895	767	761	887	758
831	895	767	825	887	758
895	895	767	888	887	758
959	895	767	952	887	758
1023	895	767	1016	887	757
0	959	767	0	950	748
64	959	767	60	950	749
128	959	767	124	950	750
192	959	767	189	950	751
256	959	767	254	950	752
320	959	767	318	950	752
384	959	767	382	950	753
448	959	767	445	950	754
512	959	767	509	950	755
575	959	767	572	950	755
639	959	767	635	950	756
703	959	767	698	951	757
767	959	767	761	951	758
831	959	767	825	951	758
895	959	767	889	951	758
959	959	767	952	951	758
1023	959	767	1016	951	757
0	1023	767	0	1014	748
64	1023	767	60	1014	749
128	1023	767	124	1014	750
192	1023	767	189	1014	751
256	1023	767	254	1014	751
320	1023	767	318	1014	752
384	1023	767	382	1014	753
448	1023	767	446	1014	754
512	1023	767	509	1014	754
575	1023	767	572	1014	755
639	1023	767	635	1014	756
703	1023	767	699	1014	756
767	1023	767	761	1014	757
831	1023	767	825	1014	757
895	1023	767	889	1014	757
959	1023	767	953	1014	757
1023	1023	767	1016	1014	757
0	0	831	0	0	529
64	0	831	70	0	575
128	0	831	141	0	618
192	0	831	209	0	656
256	0	831	275	0	690
320	0	831	338	0	721
384	0	831	399	0	749
448	0	831	458	0	774
512	0	831	516	0	797
575	0	831	574	0	811
639	0	831	638	0	811
703	0	831	702	0	811
767	0	831	766	0	811
831	0	831	830	0	811
895	0	831	894	0	811
959	0	831	958	0	811
1023	0	831	1022	0	811
0	64	831	0	57	575
64	64	831	70	57	563
128	64	831	143	57	606
192	64	831	211	58	645
256	64	831	277	58	681
320	64	831	340	58	712
384	64	831	401	59	741
448	64	831	460	59	767
512	64	831	518	59	791
575	64	831	574	59	812
639	64	831	638	59	812
703	64	831	702	59	812
767	64	831	765	59	812
831	64	831	830	59	812
895	64	831	894	59	812
959	64	831	958	59	812
1023	64	831	1022	59	812
0	128	831	0	120	618
64	128	831	68	120	606
128	128	831	144	120	594
192	128	831	212	120	634
256	128	831	279	121	671
320	128	831	342	122	704
384	128	831	403	122	733
448	128	831	462	123	760
512	128	831	520	123	784
575	128	831	576	123	806
639	128	831	637	123	813
703	128	831	701	123	813
767	128	831	765	123	813
831	128	831	829	123	813
895	128	831	893	123	813
959	128	831	957	123	813
1023	128	831	1021	123	813
0	192	831	0	184	656
64	192	831	67	183	645
128	192	831	140	183	634
192	192	831	214	183	623
256	192	831	281	184	661
320	192	831	344	185	695
384	192	831	405	186	725
448	192	831	464	186	753
512	192	831	523	187	778
575	192	831	579	187	800
639	192	831	637	187	814
703	192	831	701	187	814
767	192	831	765	187	814
831	192	831	829	187	814
895	192	831	893	187	814
959	192	831	957	187	814
1023	192	831	1021	187	814
0	256	831	0	249	690
64	256	831	65	248	681
128	256	831	136	248	671
192	256	831	208	248	661
256	256	831	283	247	650
320	256	831	346	248	685
384	256	831	407	250	717
448	256	831	467	250	745
512	256	831	525	251	771
575	256	831	581	252	794
639	256	831	637	252	815
703	256	831	701	252	815
767	256	831	764	252	815
831	256	831	828	252	815
895	256	831	892	252	815
959	256	831	956	252	815
1023	256	831	1020	252	814
0	320	831	0	313	721
64	320	831	64	313	712
128	320	831	133	313	704
192	320	831	204	312	695
256	320	831	276	312	685
320	320	831	349	311	676
384	320	831	409	313	708
448	320	831	469	314	737
512	320	831	527	315	764
575	320	831	583	315	787
639	320	831	639	316	809
703	320	831	700	316	816
767	320	831	764	316	816
831	320	831	828	316	816
895	320	831	892	316	816
959	320	831	956	316	815
1023	320	831	1020	316	815
0	384	831	0	377	749
64	384	831	62	377	741
128	384	831	131	377	733
192	384	831	200	376	725
256	384	831	270	376	717
320	384	831	341	375	708
384	384	831	412	375	699
448	384	831	472	376	729
512	384	831	530	378	757
575	384	831	586	378	781
639	384	831	642	379	803
703	384	831	700	380	817
767	384	831	763	380	817
831	384	831	827	380	817
895	384	831	891	380	817
959	384	831	955	380	816
1023	384	831	1019	380	816
0	448	831	0	442	774
64	448	831	61	442	767
128	448	831	129	441	760
192	448	831	196	441	753
256	448	831	265	440	745
320	448	831	335	440	737
384	448	831	404	440	729
448	448	831	474	439	721
512	448	831	532	441	749
575	448	831	588	442	774
639	448	831	644	443	797
703	448	831	699	443	818
767	448	831	763	443	818
831	448	831	827	443	818
895	448	831	891	443	818
959	448	831	955	443	817
1023	448	831	1019	443	817
0	512	831	0	506	797
64	512	831	60	506	791
128	512	831	126	506	784
192	512	831	193	505	778
256	512	831	261	505	771
320	512	831	329	505	764
384	512	831	397	504	757
448	512	831	465	504	749
512	512	831	535	504	741
575	512	831	591	505	767
639	512	831	647	506	791
703	512	831	702	507	812
767	512	831	762	507	819
831	512	831	826	507	819
895	512	831	890	507	818
959	512	831	954	507	818
1023	512	831	1018	507	818
0	575	831	0	569	811
64	575	831	60	569	812
128	575	831	125	569	806
192	575	831	190	569	800
256	575	831	257	569	794
320	575	831	324	568	787
384	575	831	390	568	781
448	575	831	458	568	774
512	575	831	526	567	767
575	575	831	594	567	760
639	575	831	649	568	784
703	575	831	705	569	806
767	575	831	762	570	820
831	575	831	826	570	820
895	575	831	890	570	819
959	575	831	954	570	819
1023	575	831	1018	570	818
0	639	831	0	633	811
64	639	831	60	633	812
128	639	831	124	633	813
192	639	831	188	633	814
256	639	831	254	633	815
320	639	831	319	633	809
384	639	831	385	632	803
448	639	831	451	632	797
512	639	831	518	632	791
575	639	831	585	631	784
639	639	831	652	631	778
703	639	831	707	632	800
767	639	831	761	633	821
831	639	831	825	633	821
895	639	831	889	633	820
959	639	831	953	633	820
1023	639	831	1017	633	819
0	703	831	0	696	811
64	703	831	60	696	812
128	703	831	124	696	813
192	703	831	188	696	814
256	703	831	254	696	815
320	703	831	318	696	816
384	703	831	381	697	817
448	703	831	445	697	818
512	703	831	511	696	812
575	703	831	576	696	806
639	703	831	643	696	800
703	703	831	710	695	794
767	703	831	764	696	815
831	703	831	825	697	822
895	703	831	889	697	821
959	703	831	953	697	820
1023	703	831	1017	697	820
0	767	831	0	759	811
64	767	831	60	759	812
128	767	831	124	759	813
192	767	831	188	759	814
256	767	831	254	759	815
320	767	831	318	759	816
384	767	831	381	760	817
448	767	831	445	760	818
512	767	831	509	760	819
575	767	831	571	760	820
639	767	831	634	760	821
703	767	831	701	759	815
767	767	831	767	759	809
831	767	831	824	760	823
895	767	831	888	760	822
959	767	831	952	760	821
1023	767	831	1016	760	821
0	831	831	0	823	811
64	831	831	60	823	812
128	831	831	124	823	813
192	831	831	188	823	814
256	831	831	254	823	815
320	831	831	318	823	816
384	831	831	381	823	817
448	831	831	445	823	818
512	831	831	509	823	819
575	831	831	571	823	820
639	831	831	634	823	821
703	831	831	698	824	822
767	831	831	760	824	823
831	831	831	824	824	824
895	831	831	888	824	823
959	831	831	952	824	822
1023	831	831	1016	824	821
0	895	831	0	886	811
64	895	831	60	887	812
128	895	831	124	887	813
192	895	831	188	887	814
256	895	831	254	887	815
320	895	831	318	887	816
384	895	831	381	887	817
448	895	831	445	887	818
512	895	831	509	887	818
575	895	831	572	887	819
639	895	831	635	887	820
703	895	831	698	887	821
767	895	831	761	887	822
831	895	831	824	887	823
895	895	831	888	887	823
959	895	831	952	887	822
1023	895	831	1016	887	821
0	959	831	0	950	811
64	959	831	60	950	812
128	959	831	124	950	813
192	959	831	189	950	814
256	959	831	254	950	815
320	959	831	318	950	815
384	959	831	382	950	816
448	959	831	445	950	817
512	959	831	509	950	818
575	959	831	572	950	819
639	959	831	635	950	820
703	959	831	698	951	820
767	959	831	761	951	821
831	959	831	824	951	822
895	959	831	888	951	822
959	959	831	952	951	822
1023	959	831	1016	951	821
0	1023	831	0	1014	811
64	1023	831	60	1014	812
128	1023	831	124	1014	813
192	1023	831	189	1014	814
256	1023	831	254	1014	814
320	1023	831	318	1014	815
384	1023	831	382	1014	816
448	1023	831	446	1014	817
512	1023	831	509	1014	818
575	1023	831	572	1014	818
639	1023	831	635	1014	819
703	1023	831	699	1014	820
767	1023	831	761	1014	821
831	1023	831	825	1014	821
895	1023	831	889	1014	821
959	1023	831	952	1014	821
1023	1023	831	1016	1014	821
0	0	895	0	0	570
64	0	895	70	0	616
128	0	895	142	0	659
192	0	895	210	0	698
256	0	895	277	0	733
320	0	895	341	0	765
384	0	895	402	0	794
448	0	895	462	0	821
512	0	895	520	0	845
575	0	895	577	0	867
639	0	895	638	0	874
703	0	895	702	0	874
767	0	895	766	0	874
831	0	895	830	0	874
895	0	895	894	0	874
959	0	895	958	0	874
1023	0	895	1023	0	874
0	64	895	0	57	616
64	64	895	71	57	604
128	64	895	143	57	647
192	64	895	212	58	687
256	64	895	279	58	723
320	64	895	342	58	756
384	64	895	404	59	786
448	64	895	464	59	814
512	64	895	522	59	838
575	64	895	579	59	861
639	64	895	638	59	875
703	64	895	702	59	875
767	64	895	765	59	875
831	64	895	830	59	875
895	64	895	894	59	875
959	64	895	958	59	875
1023	64	895	1022	59	875
0	128	895	0	120	659
64	128	895	69	120	647
128	128	895	144	119	635
192	128	895	213	120	676
256	128	895	280	121	713
320	128	895	344	122	747
384	128	895	406	122	778
448	128	895	466	123	806
512	128	895	525	123	832
575	128	895	581	123	854
639	128	895	638	123	876
703	128	895	702	123	876
767	128	895	765	123	876
831	128	895	829	123	876
895	128	895	893	123	876
959	128	895	957	123	876
1023	128	895	1021	123	876
0	192	895	0	183	698
64	192	895	67	183	687
128	192	895	140	183	676
192	192	895	215	182	665
256	192	895	282	184	703
320	192	895	346	185	738
384	192	895	408	185	770
448	192	895	468	186	798
512	192	895	527	186	824
575	192	895	583	187	848
639	192	895	640	187	870
703	192	895	701	187	877
767	192	895	765	187	877
831	192	895	829	187	877
895	192	895	893	187	877
959	192	895	957	187	877
1023	192	895	1021	187	877
0	256	895	0	248	733
64	256	895	65	248	723
128	256	895	137	248	713
192	256	895	210	247	703
256	256	895	284	247	693
320	256	895	348	248	728
384	256	895	410	249	761
448	256	895	470	250	790
512	256	895	529	251	817
575	256	895	586	251	841
639	256	895	642	252	864
703	256	895	701	252	878
767	256	895	764	252	878
831	256	895	828	252	878
895	256	895	892	252	878
959	256	895	956	252	878
1023	256	895	1020	252	877
0	320	895	0	313	765
64	320	895	64	312	756
128	320	895	134	312	747
192	320	895	205	312	738
256	320	895	278	311	728
320	320	895	351	311	718
384	320	895	412	312	752
448	320	895	473	313	782
512	320	895	531	314	810
575	320	895	588	315	835
639	320	895	645	316	858
703	320	895	700	316	879
767	320	895	764	316	879
831	320	895	828	316	879
895	320	895	892	316	879
959	320	895	956	316	878
1023	320	895	1020	316	878
0	384	895	0	377	794
64	384	895	63	376	786
128	384	895	132	376	778
192	384	895	201	376	770
256	384	895	272	375	761
320	384	895	343	375	752
384	384	895	415	374	743
448	384	895	475	376	774
512	384	895	534	377	802
575	384	895	591	378	828
639	384	895	647	379	851
703	384	895	703	379	873
767	384	895	763	380	880
831	384	895	827	380	880
895	384	895	891	380	880
959	384	895	955	380	879
1023	384	895	1019	380	879
0	448	895	0	441	821
64	448	895	62	441	814
128	448	895	130	441	806
192	448	895	198	440	798
256	448	895	267	440	790
320	448	895	337	440	782
384	448	895	407	439	774
448	448	895	478	439	765
512	448	895	536	440	794
575	448	895	593	441	820
639	448	895	650	442	845
703	448	895	705	443	867
767	448	895	763	443	881
831	448	895	827	443	881
895	448	895	891	443	881
959	448	895	955	443	880
1023	448	895	1019	443	880
0	512	895	0	506	845
64	512	895	61	506	838
128	512	895	128	505	832
192	512	895	195	505	824
256	512	895	263	505	817
320	512	895	331	504	810
384	512	895	400	504	802
448	512	895	469	503	794
512	512	895	539	503	786
575	512	895	596	504	813
639	512	895	652	505	838
703	512	895	708	506	861
767	512	895	762	507	882
831	512	895	826	507	882
895	512	895	890	507	882
959	512	895	954	507	881
1023	512	895	1018	507	881
0	575	895	0	569	867
64	575	895	60	569	861
128	575	895	126	569	854
192	575	895	192	568	848
256	575	895	259	568	841
320	575	895	326	568	835
384	575	895	394	567	828
448	575	895	462	567	820
512	575	895	530	567	813
575	575	895	599	566	806
639	575	895	655	568	831
703	575	895	711	569	855
767	575	895	765	570	876
831	575	895	826	570	883
895	575	895	890	570	883
959	575	895	954	570	882
1023	575	895	1018	570	882
0	639	895	0	633	874
64	639	895	60	633	875
128	639	895	124	633	876
192	639	895	189	632	870
256	639	895	256	632	864
320	639	895	322	632	858
384	639	895	388	632	851
448	639	895	455	631	845
512	639	895	522	631	838
575	639	895	589	631	831
639	639	895	658	630	824
703	639	895	713	631	848
767	639	895	768	633	870
831	639	895	825	633	884
895	639	895	889	633	884
959	639	895	953	633	883
1023	639	895	1017	633	882
0	703	895	0	696	874
64	703	895	60	696	875
128	703	895	124	696	876
192	703	895	188	696	877
256	703	895	254	696	878
320	703	895	318	696	879
384	703	895	383	696	873
448	703	895	449	696	867
512	703	895	515	696	861
575	703	895	581	695	855
639	703	895	648	695	848
703	703	895	716	694	841
767	703	895	771	696	864
831	703	895	825	697	884
895	703	895	889	697	884
959	703	895	953	697	884
1023	703	895	1017	697	883
0	767	895	0	759	874
64	767	895	60	759	875
128	767	895	124	759	876
192	767	895	188	759	877
256	767	895	254	759	878
320	767	895	318	759	879
384	767	895	381	760	880
448	767	895	445	760	881
512	767	895	509	760	882
575	767	895	574	759	876
639	767	895	640	759	870
703	767	895	707	759	864
767	767	895	773	758	858
831	767	895	828	759	879
895	767	895	888	760	885
959	767	895	952	760	885
1023	767	895	1016	760	884
0	831	895	0	823	874
64	831	895	60	823	875
128	831	895	124	823	876
192	831	895	188	823	877
256	831	895	254	823	878
320	831	895	318	823	879
384	831	895	381	823	880
448	831	895	445	823	881
512	831	895	509	823	882
575	831	895	572	823	883
639	831	895	635	823	884
703	831	895	698	823	884
767	831	895	764	823	879
831	831	895	831	823	873
895	831	895	888	824	886
959	831	895	952	824	886
1023	831	895	1016	824	885
0	895	895	0	886	874
64	895	895	60	887	875
128	895	895	124	887	876
192	895	895	188	887	877
256	895	895	254	887	878
320	895	895	318	887	879
384	895	895	381	887	880
448	895	895	445	887	881
512	895	895	509	887	882
575	895	895	572	887	883
639	895	895	635	887	884
703	895	895	698	887	884
767	895	895	761	887	885
831	895	895	824	887	886
895	895	895	887	887	887
959	895	895	951	887	886
1023	895	895	1015	887	886
0	959	895	0	950	874
64	959	895	60	950	875
128	959	895	124	950	876
192	959	895	189	950	877
256	959	895	254	950	878
320	959	895	318	950	878
384	959	895	382	950	879
448	959	895	445	950	880
512	959	895	509	950	881
575	959	895	572	950	882
639	959	895	635	950	883
703	959	895	698	951	884
767	959	895	761	951	885
831	959	895	824	951	886
895	959	895	888	951	886
959	959	895	951	951	886
1023	959	895	1015	951	886
0	1023	895	0	1014	874
64	1023	895	60	1014	875
128	1023	895	124	1014	876
192	1023	895	189	1014	877
256	1023	895	254	1014	877
320	1023	895	318	1014	878
384	1023	895	382	1014	879
448	1023	895	446	1014	880
512	1023	895	509	1014	881
575	1023	895	572	1014	882
639	1023	895	635	1014	882
703	1023	895	699	1014	883
767	1023	895	761	1014	884
831	1023	895	825	1014	885
895	1023	895	888	1014	886
959	1023	895	952	1014	886
1023	1023	895	1015	1014	886
0	0	959	0	0	611
64	0	959	70	0	657
128	0	959	142	0	700
192	0	959	211	0	740
256	0	959	278	0	776
320	0	959	343	0	809
384	0	959	404	0	839
448	0	959	465	0	867
512	0	959	524	0	892
575	0	959	581	0	915
639	0	959	638	0	936
703	0	959	702	0	936
767	0	959	766	0	936
831	0	959	830	0	936
895	0	959	894	0	936
959	0	959	958	0	936
1023	0	959	1023	0	936
0	64	959	0	57	657
64	64	959	71	57	644
128	64	959	143	57	688
192	64	959	213	58	729
256	64	959	280	58	766
320	64	959	345	58	800
384	64	959	406	58	831
448	64	959	467	59	859
512	64	959	526	59	885
575	64	959	584	59	908
639	64	959	640	59	930
703	64	959	702	59	937
767	64	959	766	59	937
831	64	959	830	59	937
895	64	959	894	59	937
959	64	959	958	59	937
1023	64	959	1022	59	937
0	128	959	0	120	700
64	128	959	69	120	688
128	128	959	145	119	676
192	128	959	214	120	718
256	128	959	282	121	756
320	128	959	346	122	790
384	128	959	408	122	822
448	128	959	469	122	851
512	128	959	528	123	878
575	128	959	586	123	902
639	128	959	643	123	924
703	128	959	702	123	938
767	128	959	765	123	938
831	128	959	829	123	938
895	128	959	893	123	938
959	128	959	957	123	938
1023	128	959	1021	123	938
0	192	959	0	183	740
64	192	959	67	183	729
128	192	959	141	183	718
192	192	959	216	182	706
256	192	959	284	183	745
320	192	959	348	184	781
384	192	959	410	185	813
448	192	959	471	186	843
512	192	959	531	186	870
575	192	959	588	187	895
639	192	959	645	187	918
703	192	959	701	187	939
767	192	959	765	187	939
831	192	959	829	187	939
895	192	959	893	187	939
959	192	959	957	187	939
1023	192	959	1021	187	939
0	256	959	0	248	776
64	256	959	66	248	766
128	256	959	138	247	756
192	256	959	211	247	745
256	256	959	285	246	734
320	256	959	350	248	771
384	256	959	413	249	804
448	256	959	473	250	835
512	256	959	533	250	863
575	256	959	590	251	888
639	256	959	647	251	912
703	256	959	704	252	933
767	256	959	764	252	940
831	256	959	828	252	940
895	256	959	892	252	940
959	256	959	956	252	940
1023	256	959	1020	252	940
0	320	959	0	312	809
64	320	959	64	312	800
128	320	959	135	312	790
192	320	959	206	311	781
256	320	959	279	311	771
320	320	959	352	310	761
384	320	959	415	312	795
448	320	959	476	313	826
512	320	959	535	314	855
575	320	959	593	315	881
639	320	959	650	315	905
703	320	959	706	316	927
767	320	959	764	316	941
831	320	959	828	316	941
895	320	959	892	316	941
959	320	959	956	316	941
1023	320	959	1020	316	941
0	384	959	0	376	839
64	384	959	63	376	831
128	384	959	133	376	822
192	384	959	202	375	813
256	384	959	274	375	804
320	384	959	345	374	795
384	384	959	417	374	786
448	384	959	478	375	818
512	384	959	538	377	847
575	384	959	595	378	874
639	384	959	652	378	898
703	384	959	708	379	921
767	384	959	764	380	942
831	384	959	828	380	942
895	384	959	891	380	942
959	384	959	955	380	942
1023	384	959	1019	380	942
0	448	959	0	441	867
64	448	959	62	440	859
128	448	959	130	440	851
192	448	959	199	440	843
256	448	959	269	439	835
320	448	959	339	439	826
384	448	959	409	439	818
448	448	959	481	438	809
512	448	959	540	440	839
575	448	959	598	441	866
639	448	959	654	442	892
703	448	959	711	443	915
767	448	959	766	443	936
831	448	959	827	443	943
895	448	959	891	443	943
959	448	959	955	443	943
1023	448	959	1019	443	943
0	512	959	0	505	892
64	512	959	61	505	885
128	512	959	128	505	878
192	512	959	196	504	870
256	512	959	265	504	863
320	512	959	334	504	855
384	512	959	403	503	847
448	512	959	472	503	839
512	512	959	543	502	831
575	512	959	600	504	859
639	512	959	657	505	885
703	512	959	713	506	908
767	512	959	769	507	930
831	512	959	827	507	944
895	512	959	890	507	944
959	512	959	954	507	944
1023	512	959	1018	507	944
0	575	959	0	569	915
64	575	959	61	568	908
128	575	959	127	568	902
192	575	959	193	568	895
256	575	959	261	567	888
320	575	959	329	567	881
384	575	959	396	567	874
448	575	959	465	566	866
512	575	959	534	566	859
575	575	959	603	565	851
639	575	959	660	567	877
703	575	959	716	568	902
767	575	959	771	569	924
831	575	959	826	570	945
895	575	959	890	570	945
959	575	959	954	570	945
1023	575	959	1018	570	945
0	639	959	0	633	936
64	639	959	60	632	930
128	639	959	125	632	924
192	639	959	191	632	918
256	639	959	258	632	912
320	639	959	325	631	905
384	639	959	391	631	898
448	639	959	458	631	892
512	639	959	526	630	885
575	639	959	594	630	877
639	639	959	662	629	870
703	639	959	719	631	895
767	639	959	774	632	918
831	639	959	829	633	939
895	639	959	890	633	946
959	639	959	953	633	946
1023	639	959	1017	633	945
0	703	959	0	696	936
64	703	959	60	696	937
128	703	959	124	696	938
192	703	959	189	696	939
256	703	959	255	696	933
320	703	959	320	696	927
384	703	959	386	696	921
448	703	959	453	695	915
512	703	959	519	695	908
575	703	959	586	695	902
639	703	959	653	694	895
703	703	959	722	694	888
767	703	959	777	695	912
831	703	959	832	696	933
895	703	959	889	697	947
959	703	959	953	697	947
1023	703	959	1017	697	946
0	767	959	0	759	936
64	767	959	60	759	937
128	767	959	124	759	938
192	767	959	189	759	939
256	767	959	254	759	940
320	767	959	318	759	941
384	767	959	382	760	942
448	767	959	447	759	936
512	767	959	513	759	930
575	767	959	578	759	924
639	767	959	645	758	918
703	767	959	712	758	912
767	767	959	779	758	905
831	767	959	834	759	927
895	767	959	889	760	948
959	767	959	952	760	948
1023	767	959	1016	760	947
0	831	959	0	823	936
64	831	959	60	823	937
128	831	959	124	823	938
192	831	959	189	823	939
256	831	959	254	823	940
320	831	959	318	823	941
384	831	959	382	823	942
448	831	959	445	823	943
512	831	959	509	823	944
575	831	959	572	823	945
639	831	959	637	823	939
703	831	959	704	823	933
767	831	959	770	822	927
831	831	959	837	822	921
895	831	959	891	823	942
959	831	959	952	824	949
1023	831	959	1016	824	948
0	895	959	0	886	936
64	895	959	60	887	937
128	895	959	124	887	938
192	895	959	189	887	939
256	895	959	254	887	940
320	895	959	318	887	941
384	895	959	382	887	942
448	895	959	445	887	943
512	895	959	509	887	944
575	895	959	572	887	945
639	895	959	635	887	946
703	895	959	698	887	947
767	895	959	761	887	948
831	895	959	828	887	942
895	895	959	894	886	936
959	895	959	951	887	950
1023	895	959	1015	887	949
0	959	959	0	950	936
64	959	959	60	950	937
128	959	959	124	950	938
192	959	959	189	950	939
256	959	959	254	950	940
320	959	959	318	950	941
384	959	959	382	950	942
448	959	959	445	950	943
512	959	959	509	950	944
575	959	959	572	950	945
639	959	959	635	950	946
703	959	959	698	951	947
767	959	959	761	951	948
831	959	959	824	951	949
895	959	959	888	951	950
959	959	959	951	951	951
1023	959	959	1015	951	950
0	1023	959	0	1014	936
64	1023	959	60	1014	937
128	1023	959	124	1014	938
192	1023	959	189	1014	939
256	1023	959	254	1014	940
320	1023	959	318	1014	941
384	1023	959	382	1014	942
448	1023	959	446	1014	943
512	1023	959	509	1014	944
575	1023	959	572	1014	945
639	1023	959	635	1014	945
703	1023	959	699	1014	946
767	1023	959	761	1014	947
831	1023	959	825	1014	948
895	1023	959	888	1014	949
959	1023	959	951	1014	950
1023	1023	959	1015	1014	950
0	0	1023	0	0	652
64	0	1023	70	0	698
128	0	1023	143	0	742
192	0	1023	212	0	782
256	0	1023	280	0	819
320	0	1023	345	0	852
384	0	1023	407	0	883
448	0	1023	468	0	912
512	0	1023	528	0	939
575	0	1023	586	0	963
639	0	1023	643	0	985
703	0	1023	702	0	999
767	0	1023	766	0	999
831	0	1023	830	0	999
895	0	1023	894	0	999
959	0	1023	958	0	999
1023	0	1023	1023	0	999
0	64	1023	0	57	698
64	64	1023	71	57	685
128	64	1023	144	57	730
192	64	1023	214	58	771
256	64	1023	281	58	808
320	64	1023	347	58	843
384	64	1023	409	58	875
448	64	1023	470	59	904
512	64	1023	530	59	931
575	64	1023	588	59	956
639	64	1023	645	59	979
703	64	1023	702	59	1000
767	64	1023	766	59	1000
831	64	1023	830	59	1000
895	64	1023	894	59	1000
959	64	1023	958	59	1000
1023	64	1023	1022	59	1000
0	128	1023	0	120	742
64	128	1023	69	119	730
128	128	1023	145	119	717
192	128	1023	215	120	759
256	128	1023	283	121	798
320	128	1023	348	121	833
384	128	1023	411	122	866
448	128	1023	472	122	896
512	128	1023	532	123	924
575	128	1023	590	123	949
639	128	1023	647	123	972
703	128	1023	704	123	994
767	128	1023	765	123	1001
831	128	1023	829	123	1001
895	128	1023	893	123	1001
959	128	1023	957	123	1001
1023	128	1023	1021	123	1001
0	192	1023	0	183	782
64	192	1023	67	183	771
128	192	1023	142	182	759
192	192	1023	216	182	748
256	192	1023	285	183	787
320	192	1023	350	184	824
384	192	1023	413	185	857
448	192	1023	474	185	888
512	192	1023	534	186	916
575	192	1023	592	186	942
639	192	1023	650	187	966
703	192	1023	706	187	988
767	192	1023	765	187	1002
831	192	1023	829	187	1002
895	192	1023	893	187	1002
959	192	1023	957	187	1002
1023	192	1023	1021	187	1002
0	256	1023	0	248	819
64	256	1023	66	247	808
128	256	1023	139	247	798
192	256	1023	212	247	787
256	256	1023	287	246	776
320	256	1023	352	247	813
384	256	1023	415	249	848
448	256	1023	476	249	879
512	256	1023	536	250	908
575	256	1023	594	251	934
639	256	1023	652	251	959
703	256	1023	709	252	982
767	256	1023	764	252	1003
831	256	1023	828	252	1003
895	256	1023	892	252	1003
959	256	1023	956	252	1003
1023	256	1023	1020	252	1003
0	320	1023	0	312	852
64	320	1023	65	312	843
128	320	1023	136	311	833
192	320	1023	207	311	824
256	320	1023	281	311	813
320	320	1023	354	310	803
384	320	1023	417	312	838
448	320	1023	479	313	870
512	320	1023	539	314	900
575	320	1023	597	314	927
639	320	1023	654	315	952
703	320	1023	711	316	976
767	320	1023	767	316	997
831	320	1023	828	316	1004
895	320	1023	892	316	1004
959	320	1023	956	316	1004
1023	320	1023	1020	316	1004
0	384	1023	0	376	883
64	384	1023	64	376	875
128	384	1023	133	375	866
192	384	1023	204	375	857
256	384	1023	275	374	848
320	384	1023	347	374	838
384	384	1023	419	373	828
448	384	1023	481	375	861
512	384	1023	541	376	892
575	384	1023	599	377	919
639	384	1023	657	378	945
703	384	1023	714	379	969
767	384	1023	769	379	991
831	384	1023	828	380	1005
895	384	1023	892	380	1005
959	384	1023	955	380	1005
1023	384	1023	1019	380	1005
0	448	1023	0	440	912
64	448	1023	63	440	904
128	448	1023	131	440	896
192	448	1023	200	439	888
256	448	1023	271	439	879
320	448	1023	341	438	870
384	448	1023	412	438	861
448	448	1023	483	438	852
512	448	1023	544	439	883
575	448	1023	602	440	912
639	448	1023	659	441	938
703	448	1023	716	442	963
767	448	1023	772	443	985
831	448	1023	827	443	1006
895	448	1023	891	443	1006
959	448	1023	955	443	1006
1023	448	1023	1019	443	1006
0	512	1023	0	505	939
64	512	1023	62	504	931
128	512	1023	129	504	924
192	512	1023	197	504	916
256	512	1023	267	503	908
320	512	1023	336	503	900
384	512	1023	405	503	892
448	512	1023	475	502	883
512	512	1023	546	502	875
575	512	1023	604	503	904
639	512	1023	662	504	931
703	512	1023	719	505	956
767	512	1023	774	506	979
831	512	1023	830	507	1000
895	512	1023	891	507	1007
959	512	1023	954	507	1007
1023	512	1023	1018	507	1007
0	575	1023	0	568	963
64	575	1023	61	568	956
128	575	1023	128	567	949
192	575	1023	195	567	942
256	575	1023	263	567	934
320	575	1023	331	566	927
384	575	1023	399	566	919
448	575	1023	468	566	912
512	575	1023	538	565	904
575	575	1023	607	565	896
639	575	1023	664	566	923
703	575	1023	721	567	949
767	575	1023	777	568	972
831	575	1023	832	569	994
895	575	1023	890	570	1008
959	575	1023	954	570	1008
1023	575	1023	1018	570	1008
0	639	1023	0	632	985
64	639	1023	60	632	979
128	639	1023	126	632	972
192	639	1023	192	631	966
256	639	1023	260	631	959
320	639	1023	327	631	952
384	639	1023	394	630	945
448	639	1023	462	630	938
512	639	1023	530	630	931
575	639	1023	598	629	923
639	639	1023	667	629	916
703	639	1023	724	630	942
767	639	1023	779	631	966
831	639	1023	835	632	988
895	639	1023	890	633	1009
959	639	1023	953	633	1009
1023	639	1023	1017	633	1009
0	703	1023	0	696	999
64	703	1023	60	696	1000
128	703	1023	125	696	994
192	703	1023	190	696	988
256	703	1023	256	695	982
320	703	1023	323	695	976
384	703	1023	389	695	969
448	703	1023	456	695	963
512	703	1023	523	694	956
575	703	1023	590	694	949
639	703	1023	658	693	942
703	703	1023	727	693	935
767	703	1023	782	694	959
831	703	1023	838	695	982
895	703	1023	893	696	1003
959	703	1023	953	697	1010
1023	703	1023	1017	697	1010
0	767	1023	0	759	999
64	767	1023	60	759	1000
128	767	1023	124	759	1001
192	767	1023	189	759	1002
256	767	1023	254	759	1003
320	767	1023	319	759	997
384	767	1023	384	759	991
448	767	1023	450	759	985
512	767	1023	517	758	979
575	767	1023	583	758	972
639	767	1023	649	758	966
703	767	1023	717	757	959
767	767	1023	785	757	952
831	767	1023	840	758	976
895	767	1023	895	759	997
959	767	1023	953	760	1011
1023	767	1023	1016	760	1011
0	831	1023	0	823	999
64	831	1023	60	823	1000
128	831	1023	124	823	1001
192	831	1023	189	823	1002
256	831	1023	254	823	1003
320	831	1023	318	823	1004
384	831	1023	382	823	1005
448	831	1023	446	823	1006
512	831	1023	511	823	1000
575	831	1023	576	823	994
639	831	1023	642	822	988
703	831	1023	709	822	982
767	831	1023	775	822	976
831	831	1023	843	821	969
895	831	1023	898	823	991
959	831	1023	952	824	1012
1023	831	1023	1016	824	1012
0	895	1023	0	886	999
64	895	1023	60	887	1000
128	895	1023	124	887	1001
192	895	1023	189	887	1002
256	895	1023	254	887	1003
320	895	1023	318	887	1004
384	895	1023	382	887	1005
448	895	1023	446	887	1006
512	895	1023	509	887	1007
575	895	1023	572	887	1008
639	895	1023	635	887	1009
703	895	1023	701	887	1003
767	895	1023	767	886	997
831	895	1023	834	886	991
895	895	1023	901	886	985
959	895	1023	955	887	1006
1023	895	1023	1015	887	1013
0	959	1023	0	950	999
64	959	1023	60	950	1000
128	959	1023	124	950	1001
192	959	1023	189	950	1002
256	959	1023	254	950	1003
320	959	1023	318	950	1004
384	959	1023	382	950	1005
448	959	1023	446	950	1006
512	959	1023	509	950	1007
575	959	1023	572	950	1008
639	959	1023	635	950	1009
703	959	1023	699	950	1010
767	959	1023	761	951	1011
831	959	1023	825	951	1012
895	959	1023	891	950	1006
959	959	1023	958	950	1000
1023	959	1023	1015	951	1014
0	1023	1023	0	1014	999
64	1023	1023	60	1014	1000
128	1023	1023	124	1014	1001
192	1023	1023	189	1014	1002
256	1023	1023	254	1014	1003
320	1023	1023	318	1014	1004
384	1023	1023	382	1014	1005
448	1023	1023	446	1014	1006
512	1023	1023	509	1014	1007
575	1023	1023	572	1014	1008
639	1023	1023	635	1014	1009
703	1023	1023	699	1014	1010
767	1023	1023	761	1014	1011
831	1023	1023	825	1014	1012
895	1023	1023	888	1014	1013
959	1023	1023	951	1014	1014
1023	1023	1023	1014	1014	1014
